archivo,tambo,nombre,desde,hasta,fecha,grasa_butirosa,solid_no_grasos,densidad,aguado,crioscopia,proteina,acidez,pH,celulas_somaticas,recuento_ufc,observacion
Tbo 292_Resumen Dic 2019.pdf,292,0.00,,,01/12/2019,2.84,9.2,35.2,0.0,55.3,3.36,14.0,6.69,,,
Tbo 292_Resumen Dic 2019.pdf,292,0.00,,,02/12/2019,3.14,8.73,32.7,0.0,54.7,3.36,14.0,6.72,,,
Tbo 292_Resumen Dic 2019.pdf,292,0.00,,,03/12/2019,2.89,9.23,35.2,0.0,55.4,3.38,14.0,6.77,,,
Tbo 292_Resumen Dic 2019.pdf,292,0.00,,,04/12/2019,3.23,8.88,33.4,0.0,53.4,3.25,14.0,6.8,308000.0,50000.0,
Tbo 292_Resumen Dic 2019.pdf,292,0.00,,,05/12/2019,2.99,9.27,35.3,0.0,55.7,3.39,14.0,6.79,,,
Tbo 292_Resumen Dic 2019.pdf,292,0.00,,,06/12/2019,2.89,8.94,33.38,0.0,53.89,3.28,14.0,6.76,,,
Tbo 292_Resumen Dic 2019.pdf,292,0.00,,,07/12/2019,2.81,8.88,33.1,0.0,52.8,3.25,14.0,6.79,,,
Tbo 292_Resumen Dic 2019.pdf,292,0.00,,,08/12/2019,2.89,8.94,33.38,0.08,53.89,3.28,14.0,6.76,,,
Tbo 292_Resumen Dic 2019.pdf,292,0.00,,,09/12/2019,2.93,9.37,35.8,0.0,56.3,3.45,14.0,6.78,,,
Tbo 292_Resumen Dic 2019.pdf,292,0.00,,,10/12/2019,3.0,8.98,33.7,0.0,53.5,3.29,14.0,6.77,,,
Tbo 292_Resumen Dic 2019.pdf,292,0.00,,,11/12/2019,2.87,8.92,32.9,0.0,54.0,3.28,14.0,6.81,,,
Tbo 292_Resumen Dic 2019.pdf,292,0.00,,,12/12/2019,2.78,8.81,32.5,0.0,53.3,3.23,14.0,6.8,276000.0,21000.0,
Tbo 292_Resumen Dic 2019.pdf,292,0.00,,,13/12/2019,3.06,8.78,32.2,0.0,53.0,3.23,14.0,6.78,,,
Tbo 292_Resumen Dic 2019.pdf,292,0.00,,,14/12/2019,2.92,8.83,32.5,0.0,53.4,3.24,14.0,6.79,,,
Tbo 292_Resumen Dic 2019.pdf,292,0.00,,,15/12/2019,3.02,8.92,33.14,0.15,53.87,3.27,14.0,6.75,,,
Tbo 292_Resumen Dic 2019.pdf,292,0.00,,,19/12/2019,3.19,9.22,34.8,0.0,54.1,3.38,14.0,6.8,283000.0,44000.0,
Tbo 292_Resumen Dic 2019.pdf,292,0.00,,,20/12/2019,2.96,8.8,32.3,0.0,53.1,3.23,14.0,6.76,,,
Tbo 292_Resumen Dic 2019.pdf,292,0.00,,,21/12/2019,3.2,9.4,34.8,0.0,55.1,3.37,14.0,6.76,,,
Tbo 292_Resumen Dic 2019.pdf,292,0.00,,,22/12/2019,3.1,9.1,34.9,0.0,55.1,3.36,14.0,6.79,,,
Tbo 292_Febrero 2020.pdf,292,0.00,,,01/02/2020,,,,,,,14.0,6.77,,,
Tbo 292_Febrero 2020.pdf,292,0.00,,,02/02/2020,3.0,8.92,32.8,0.0,53.9,3.28,14.0,6.78,,,
Tbo 292_Febrero 2020.pdf,292,0.00,,,03/02/2020,3.3,8.7,32.0,0.0,52.3,3.22,14.0,6.74,,,
Tbo 292_Febrero 2020.pdf,292,0.00,,,04/02/2020,3.45,8.91,33.5,0.0,53.1,3.26,14.0,6.77,,,
Tbo 292_Febrero 2020.pdf,292,0.00,,,05/02/2020,3.39,8.9,32.3,0.0,53.7,3.27,14.0,6.72,,,
Tbo 292_Febrero 2020.pdf,292,0.00,,,06/02/2020,2.92,9.02,34.3,0.0,54.0,3.3,14.0,6.77,,,
Tbo 292_Febrero 2020.pdf,292,0.00,,,07/02/2020,3.55,8.95,33.5,0.0,53.3,3.28,14.0,6.69,231000.0,27000.0,
Tbo 292_Febrero 2020.pdf,292,0.00,,,08/02/2020,3.13,8.77,32.1,0.0,52.9,3.22,14.0,6.71,,,
Tbo 292_Febrero 2020.pdf,292,0.00,,,09/02/2020,3.07,8.78,32.1,0.0,53.0,3.23,14.0,6.73,,,
Tbo 292_Febrero 2020.pdf,292,0.00,,,11/02/2020,3.45,9.14,34.4,0.0,54.6,3.35,14.0,6.74,,,
Tbo 292_Febrero 2020.pdf,292,0.00,,,12/02/2020,,,,,,,14.0,6.73,,,
Tbo 292_Febrero 2020.pdf,292,0.00,,,13/02/2020,3.54,9.08,34.0,0.0,54.2,3.33,14.0,6.75,,,
Tbo 292_Febrero 2020.pdf,292,0.00,,,14/02/2020,3.52,9.12,34.2,0.0,54.4,3.34,14.0,6.8,374000.0,30000.0,
Tbo 292_Febrero 2020.pdf,292,0.00,,,15/02/2020,3.41,9.07,34.1,0.0,51.1,3.32,14.0,6.72,,,
Tbo 292_Febrero 2020.pdf,292,0.00,,,16/02/2020,3.52,9.21,34.9,0.0,55.0,3.37,4.0,6.72,,,
Tbo 292_Febrero 2020.pdf,292,0.00,,,17/02/2020,3.11,8.76,32.0,0.0,52.8,3.22,14.0,6.72,,,
Tbo 292_Febrero 2020.pdf,292,0.00,,,18/02/2020,3.34,8.99,32.7,0.0,54.3,3.31,14.0,6.69,,,
Tbo 292_Febrero 2020.pdf,292,0.00,,,19/02/2020,3.63,9.08,34.0,0.0,54.1,3.33,14.0,6.69,,,
Tbo 292_Febrero 2020.pdf,292,0.00,,,20/02/2020,,,,,,,14.0,6.74,,,
Tbo 292_Febrero 2020.pdf,292,0.00,,,21/02/2020,3.64,9.12,35.3,0.0,56.3,3.45,14.0,6.75,230000.0,40000.0,
Tbo 292_Febrero 2020.pdf,292,0.00,,,22/02/2020,3.35,9.12,33.2,0.0,55.0,3.35,14.0,6.75,,,
Tbo 292_Febrero 2020.pdf,292,0.00,,,23/02/2020,,,,,,,14.0,6.72,,,
Tbo 292_Febrero 2020.pdf,292,0.00,,,24/02/2020,3.27,9.08,33.2,0.0,54.9,3.34,14.0,6.72,,,
Tbo 292_Febrero 2020.pdf,292,0.00,,,25/02/2020,3.45,9.19,34.6,0.0,54.9,3.37,14.0,6.76,,,
Tbo 292_Febrero 2020.pdf,292,0.00,,,26/02/2020,3.23,8.9,32.5,0.0,53.7,3.27,14.0,6.73,,,
Tbo 292_Febrero 2020.pdf,292,0.00,,,27/02/2020,3.4,8.91,32.4,0.0,53.7,3.28,14.0,6.77,322000.0,102000.0,
Tbo 292_Febrero 2020.pdf,292,0.00,,,29/02/2020,3.62,9.13,34.2,0.0,54.4,3.35,14.0,6.72,,,
Tbo 292_Marzo 2020.pdf,292,0.00,,,01/03/2020,3.56,9.1,34.1,0.0,54.6,3.33,14.0,6.68,,,
Tbo 292_Marzo 2020.pdf,292,0.00,,,02/03/2020,3.25,9.2,34.5,0.0,55.1,3.37,14.0,6.71,,,
Tbo 292_Marzo 2020.pdf,292,0.00,,,03/03/2020,3.38,8.7,31.5,0.0,52.4,3.2,14.0,6.79,,,
Tbo 292_Marzo 2020.pdf,292,0.00,,,04/03/2020,3.64,9.05,33.8,0.0,53.9,3.32,14.0,6.69,,,
Tbo 292_Marzo 2020.pdf,292,0.00,,,05/03/2020,3.43,9.02,33.9,0.0,52.8,3.36,14.0,6.78,,,
Tbo 292_Marzo 2020.pdf,292,0.00,,,06/03/2020,3.31,8.61,31.2,0.0,51.8,3.17,14.0,6.81,385000.0,879000.0,
Tbo 292_Marzo 2020.pdf,292,0.00,,,07/03/2020,3.3,8.73,31.7,0.0,52.6,3.21,14.0,6.73,,,
Tbo 292_Marzo 2020.pdf,292,0.00,,,08/03/2020,3.36,8.75,31.8,0.0,52.7,3.22,14.0,6.76,,,
Tbo 292_Marzo 2020.pdf,292,0.00,,,09/03/2020,3.54,9.03,33.8,0.0,53.8,3.31,14.0,6.73,,,
Tbo 292_Marzo 2020.pdf,292,0.00,,,10/03/2020,3.55,9.08,34.0,0.0,54.1,3.33,14.0,6.73,,,
Tbo 292_Marzo 2020.pdf,292,0.00,,,11/03/2020,3.33,8.89,32.4,0.0,53.6,3.27,14.0,6.73,,,
Tbo 292_Marzo 2020.pdf,292,0.00,,,12/03/2020,3.64,9.1,31.0,0.0,54.2,3.34,14.0,6.74,,,
Tbo 292_Marzo 2020.pdf,292,0.00,,,13/03/2020,3.53,9.16,34.4,0.0,54.7,3.36,14.0,6.75,369000.0,29000.0,
Tbo 292_Marzo 2020.pdf,292,0.00,,,14/03/2020,,,,,,,14.0,6.7,,,
Tbo 292_Marzo 2020.pdf,292,0.00,,,15/03/2020,3.71,8.75,30.2,0.0,53.6,3.38,14.0,6.68,,,
Tbo 292_Marzo 2020.pdf,292,0.00,,,16/03/2020,3.85,8.73,31.0,0.0,53.3,3.38,14.0,6.78,,,
Tbo 292_Marzo 2020.pdf,292,0.00,,,17/03/2020,3.38,9.7,34.1,0.0,54.2,3.32,14.0,6.79,,,
Tbo 292_Marzo 2020.pdf,292,0.00,,,18/03/2020,,,,,,,14.0,6.69,,,
Tbo 292_Marzo 2020.pdf,292,0.00,,,19/03/2020,3.41,9.23,34.2,0.0,55.2,3.28,14.0,6.78,,,
Tbo 292_Marzo 2020.pdf,292,0.00,,,20/03/2020,3.45,8.92,31.1,0.0,54.8,3.44,14.0,6.7,,,
Tbo 292_Marzo 2020.pdf,292,0.00,,,21/03/2020,3.37,8.81,30.7,0.0,54.1,3.4,14.0,6.79,,,
Tbo 292_Marzo 2020.pdf,292,0.00,,,22/03/2020,3.47,9.14,34.3,0.0,54.6,3.35,14.0,6.75,,,
Tbo 292_Marzo 2020.pdf,292,0.00,,,23/03/2020,3.65,8.75,30.2,0.0,53.6,3.38,14.0,6.81,,,
Tbo 292_Marzo 2020.pdf,292,0.00,,,24/03/2020,3.7,8.63,29.7,0.0,52.8,3.34,14.0,6.69,,,
Tbo 292_Marzo 2020.pdf,292,0.00,,,25/03/2020,,,,,,,14.0,6.75,,,
Tbo 292_Marzo 2020.pdf,292,0.00,,,26/03/2020,3.49,8.34,35.1,0.0,55.8,3.42,14.0,6.78,345000.0,55000.0,
Tbo 292_Marzo 2020.pdf,292,0.00,,,27/03/2020,3.36,9.22,34.8,0.0,55.1,3.38,14.0,6.74,,,
Tbo 292_Marzo 2020.pdf,292,0.00,,,28/03/2020,3.68,8.9,30.8,0.0,54.5,3.44,14.0,6.72,,,
Tbo 292_Marzo 2020.pdf,292,0.00,,,29/03/2020,3.39,9.14,34.4,0.0,54.6,3.35,14.0,6.73,,,
Tbo 292_Marzo 2020.pdf,292,0.00,,,30/03/2020,3.6,8.74,30.2,0.0,53.6,3.3,14.0,6.72,,,
Tbo 292_Marzo 2020.pdf,292,0.00,,,31/03/2020,3.5,8.88,30.5,0.0,54.0,3.4,14.0,6.69,,,
Tbo 292_Abril 2020.pdf,292,Don Jacinto SA A Y G,,,01/04/2020,3.85,8.73,30.0,0.0,53.7,3.38,14.0,6.76,,,
Tbo 292_Abril 2020.pdf,292,Don Jacinto SA A Y G,,,02/04/2020,3.46,9.0,30.6,0.0,54.0,3.4,14.0,6.7,,,
Tbo 292_Abril 2020.pdf,292,Don Jacinto SA A Y G,,,03/04/2020,3.58,9.16,34.3,0.0,54.7,3.3,14.0,6.75,388000.0,68000.0,
Tbo 292_Abril 2020.pdf,292,Don Jacinto SA A Y G,,,04/04/2020,3.94,8.8,30.1,0.0,53.8,3.4,14.0,6.69,,,
Tbo 292_Abril 2020.pdf,292,Don Jacinto SA A Y G,,,05/04/2020,3.41,8.83,31.7,0.0,54.2,3.41,14.0,6.69,,,
Tbo 292_Abril 2020.pdf,292,Don Jacinto SA A Y G,,,06/04/2020,3.49,9.1,34.2,0.0,54.3,3.33,14.0,6.73,,,
Tbo 292_Abril 2020.pdf,292,Don Jacinto SA A Y G,,,07/04/2020,3.13,8.89,31.2,0.0,54.7,3.43,14.0,6.72,,,
Tbo 292_Abril 2020.pdf,292,Don Jacinto SA A Y G,,,08/04/2020,4.17,9.07,33.4,0.0,53.8,3.33,14.0,6.74,,,
Tbo 292_Abril 2020.pdf,292,Don Jacinto SA A Y G,,,09/04/2020,3.76,8.95,30.9,0.0,54.8,3.36,14.0,6.73,325000.0,47000.0,
Tbo 292_Abril 2020.pdf,292,Don Jacinto SA A Y G,,,10/04/2020,3.39,8.82,30.7,0.0,54.1,3.4,14.0,6.79,,,
Tbo 292_Abril 2020.pdf,292,Don Jacinto SA A Y G,,,11/04/2020,3.69,9.56,35.8,0.0,56.1,3.51,14.0,6.74,,,
Tbo 292_Abril 2020.pdf,292,Don Jacinto SA A Y G,,,12/04/2020,3.4,8.89,31.0,0.0,54.6,3.43,14.0,6.69,,,
Tbo 292_Abril 2020.pdf,292,Don Jacinto SA A Y G,,,13/04/2020,,,,,,,14.0,6.76,,,
Tbo 292_Abril 2020.pdf,292,Don Jacinto SA A Y G,,,14/04/2020,3.6,9.16,34.4,0.0,54.8,3.37,14.0,6.69,,,
Tbo 292_Abril 2020.pdf,292,Don Jacinto SA A Y G,,,15/04/2020,3.65,9.17,34.3,0.0,54.7,3.36,14.0,6.78,,,
Tbo 292_Abril 2020.pdf,292,Don Jacinto SA A Y G,,,16/04/2020,3.81,9.09,33.8,0.0,54.1,3.33,14.0,6.69,363000.0,62000.0,
Tbo 292_Abril 2020.pdf,292,Don Jacinto SA A Y G,,,17/04/2020,3.42,9.34,35.2,0.0,55.9,3.42,14.0,6.74,,,
Tbo 292_Abril 2020.pdf,292,Don Jacinto SA A Y G,,,18/04/2020,4.0,9.01,33.3,0.0,53.5,3.31,14.0,6.66,,,
Tbo 292_Abril 2020.pdf,292,Don Jacinto SA A Y G,,,19/04/2020,3.68,8.69,30.1,0.0,53.2,3.36,14.0,6.77,,,
Tbo 292_Abril 2020.pdf,292,Don Jacinto SA A Y G,,,20/04/2020,3.41,8.88,30.9,0.0,54.5,3.43,14.0,6.73,,,
Tbo 292_Abril 2020.pdf,292,Don Jacinto SA A Y G,,,21/04/2020,3.42,8.88,30.9,0.0,54.5,3.43,14.0,6.75,,,
Tbo 292_Abril 2020.pdf,292,Don Jacinto SA A Y G,,,22/04/2020,3.36,9.22,34.8,0.0,55.1,3.38,14.0,6.74,,,
Tbo 292_Abril 2020.pdf,292,Don Jacinto SA A Y G,,,23/04/2020,3.5,8.88,30.5,0.0,54.0,3.4,14.0,6.69,341000.0,441000.0,
Tbo 292_Abril 2020.pdf,292,Don Jacinto SA A Y G,,,24/04/2020,3.39,9.14,34.4,0.0,54.6,3.35,14.0,6.73,,,
Tbo 292_Abril 2020.pdf,292,Don Jacinto SA A Y G,,,25/04/2020,3.36,9.22,34.8,0.0,55.1,3.38,14.0,6.74,,,
Tbo 292_Abril 2020.pdf,292,Don Jacinto SA A Y G,,,26/04/2020,3.68,8.9,30.8,0.0,54.5,3.44,14.0,6.72,,,
Tbo 292_Abril 2020.pdf,292,Don Jacinto SA A Y G,,,27/04/2020,3.49,8.34,35.1,0.0,55.8,3.42,14.0,6.78,,,
Tbo 292_Abril 2020.pdf,292,Don Jacinto SA A Y G,,,28/04/2020,3.49,8.93,31.1,0.0,52.4,3.27,14.0,6.79,,,
Tbo 292_Abril 2020.pdf,292,Don Jacinto SA A Y G,,,30/04/2020,3.83,8.85,30.4,0.0,54.6,3.42,14.0,6.76,,,
Tbo 292_Abril 2020.pdf,292,Don Jacinto SA A Y G,,,30/04/2020,3.63,8.91,30.9,0.0,54.6,3.44,14.0,6.69,,,
Tbo 292_Mayo 2020.pdf,292,Don Jacinto SA A Y G,01/05/2020,31/05/2020,01/05/2020,3.78,9.14,34.4,0.0,54.6,3.35,14.0,6.78,441000.0,71000.0,
Tbo 292_Mayo 2020.pdf,292,Don Jacinto SA A Y G,01/05/2020,31/05/2020,02/05/2020,3.58,8.84,30.8,0.0,54.4,3.42,14.0,6.68,,,
Tbo 292_Mayo 2020.pdf,292,Don Jacinto SA A Y G,01/05/2020,31/05/2020,03/05/2020,3.59,9.15,34.3,0.0,54.6,3.35,14.0,6.78,,,
Tbo 292_Mayo 2020.pdf,292,Don Jacinto SA A Y G,01/05/2020,31/05/2020,04/05/2020,3.53,9.12,34.2,0.0,54.4,3.34,14.0,6.79,,,
Tbo 292_Mayo 2020.pdf,292,Don Jacinto SA A Y G,01/05/2020,31/05/2020,05/05/2020,3.49,9.07,34.0,0.0,54.1,3.32,14.0,6.8,,,
Tbo 292_Mayo 2020.pdf,292,Don Jacinto SA A Y G,01/05/2020,31/05/2020,06/05/2020,3.52,9.21,34.6,0.0,55.0,3.37,14.0,6.78,,,
Tbo 292_Mayo 2020.pdf,292,Don Jacinto SA A Y G,01/05/2020,31/05/2020,07/05/2020,3.89,9.07,34.5,0.0,54.2,3.4,14.0,6.78,451000.0,59000.0,
Tbo 292_Mayo 2020.pdf,292,Don Jacinto SA A Y G,01/05/2020,31/05/2020,08/05/2020,3.49,8.34,35.1,0.0,55.8,3.42,14.0,6.78,,,
Tbo 292_Mayo 2020.pdf,292,Don Jacinto SA A Y G,01/05/2020,31/05/2020,09/05/2020,3.83,8.85,30.4,0.0,54.6,3.42,14.0,6.76,,,
Tbo 292_Mayo 2020.pdf,292,Don Jacinto SA A Y G,01/05/2020,31/05/2020,10/05/2020,3.36,9.22,34.8,0.0,55.1,3.38,14.0,6.74,,,
Tbo 292_Mayo 2020.pdf,292,Don Jacinto SA A Y G,01/05/2020,31/05/2020,11/05/2020,3.43,9.24,34.8,0.0,54.3,3.38,14.0,6.78,,,
Tbo 292_Mayo 2020.pdf,292,Don Jacinto SA A Y G,01/05/2020,31/05/2020,12/05/2020,3.42,8.88,30.9,0.0,54.5,3.43,14.0,6.75,,,
Tbo 292_Mayo 2020.pdf,292,Don Jacinto SA A Y G,01/05/2020,31/05/2020,13/05/2020,4.0,9.01,33.3,0.0,53.5,3.31,14.0,6.66,,,
Tbo 292_Mayo 2020.pdf,292,Don Jacinto SA A Y G,01/05/2020,31/05/2020,14/05/2020,3.48,9.24,34.7,0.0,55.2,3.39,14.0,6.69,344000.0,35000.0,
Tbo 292_Mayo 2020.pdf,292,Don Jacinto SA A Y G,01/05/2020,31/05/2020,15/05/2020,3.37,9.2,34.7,0.0,55.0,3.37,14.0,6.78,,,
Tbo 292_Mayo 2020.pdf,292,Don Jacinto SA A Y G,01/05/2020,31/05/2020,16/05/2020,3.37,8.92,31.1,0.0,54.8,3.41,14.0,6.68,,,
Tbo 292_Mayo 2020.pdf,292,Don Jacinto SA A Y G,01/05/2020,31/05/2020,17/05/2020,3.51,9.24,35.7,0.0,56.3,3.51,14.0,6.78,,,
Tbo 292_Mayo 2020.pdf,292,Don Jacinto SA A Y G,01/05/2020,31/05/2020,18/05/2020,3.71,8.95,31.0,0.0,54.9,3.46,14.0,6.77,,,
Tbo 292_Mayo 2020.pdf,292,Don Jacinto SA A Y G,01/05/2020,31/05/2020,19/05/2020,,,,,,,14.0,6.78,,,
Tbo 292_Mayo 2020.pdf,292,Don Jacinto SA A Y G,01/05/2020,31/05/2020,20/05/2020,3.2,8.85,31.1,0.0,54.4,3.41,14.0,6.78,,,
Tbo 292_Mayo 2020.pdf,292,Don Jacinto SA A Y G,01/05/2020,31/05/2020,21/05/2020,3.2,9.17,34.7,0.0,54.9,3.36,14.0,6.79,494000.0,32000.0,
Tbo 292_Mayo 2020.pdf,292,Don Jacinto SA A Y G,01/05/2020,31/05/2020,22/05/2020,3.26,9.16,34.6,0.0,54.8,3.35,14.0,6.77,,,
Tbo 292_Mayo 2020.pdf,292,Don Jacinto SA A Y G,01/05/2020,31/05/2020,23/05/2020,3.56,9.16,34.7,0.0,54.8,3.35,14.0,6.79,,,
Tbo 292_Mayo 2020.pdf,292,Don Jacinto SA A Y G,01/05/2020,31/05/2020,24/05/2020,3.36,9.22,34.8,0.0,55.1,3.38,14.0,6.74,,,
Tbo 292_Mayo 2020.pdf,292,Don Jacinto SA A Y G,01/05/2020,31/05/2020,25/05/2020,3.5,8.88,30.5,0.0,54.0,3.4,14.0,6.69,,,
Tbo 292_Mayo 2020.pdf,292,Don Jacinto SA A Y G,01/05/2020,31/05/2020,26/05/2020,3.81,9.09,33.8,0.0,54.1,3.33,14.0,6.69,,,
Tbo 292_Mayo 2020.pdf,292,Don Jacinto SA A Y G,01/05/2020,31/05/2020,27/05/2020,3.1,8.99,34.8,0.0,55.0,3.36,14.0,6.78,,,
Tbo 292_Mayo 2020.pdf,292,Don Jacinto SA A Y G,01/05/2020,31/05/2020,28/05/2020,3.49,8.34,35.1,0.0,55.8,3.42,14.0,6.78,471000.0,37000.0,
Tbo 292_Mayo 2020.pdf,292,Don Jacinto SA A Y G,01/05/2020,31/05/2020,29/05/2020,3.0,9.17,34.9,0.0,55.0,3.35,14.0,6.77,,,
Tbo 292_Mayo 2020.pdf,292,Don Jacinto SA A Y G,01/05/2020,31/05/2020,30/05/2020,3.3,9.01,33.3,0.0,53.5,3.31,14.0,6.66,,,
Tbo 292_Mayo 2020.pdf,292,Don Jacinto SA A Y G,01/05/2020,31/05/2020,31/05/2020,3.25,9.18,34.7,0.0,54.9,3.36,14.0,6.78,,,
Tbo 292_Junio 2020.pdf,292,Don Jacinto SA A Y G,01/06/2020,30/06/2020,01/06/2020,3.22,8.84,31.4,0.0,55.0,3.4,14.0,6.78,,,
Tbo 292_Junio 2020.pdf,292,Don Jacinto SA A Y G,01/06/2020,30/06/2020,03/06/2020,2.51,9.06,32.5,0.0,56.0,3.48,14.0,6.78,,,
Tbo 292_Junio 2020.pdf,292,Don Jacinto SA A Y G,01/06/2020,30/06/2020,03/06/2020,3.7,8.99,33.6,0.0,54.0,3.32,14.0,6.79,,,
Tbo 292_Junio 2020.pdf,292,Don Jacinto SA A Y G,01/06/2020,30/06/2020,04/06/2020,3.23,9.0,34.0,0.0,53.8,3.29,14.0,6.75,141000.0,,
Tbo 292_Junio 2020.pdf,292,Don Jacinto SA A Y G,01/06/2020,30/06/2020,05/06/2020,3.12,8.86,31.1,0.0,54.2,3.42,14.0,6.75,,,
Tbo 292_Junio 2020.pdf,292,Don Jacinto SA A Y G,01/06/2020,30/06/2020,06/06/2020,3.49,8.34,35.1,0.0,55.8,3.42,14.0,6.78,,,
Tbo 292_Junio 2020.pdf,292,Don Jacinto SA A Y G,01/06/2020,30/06/2020,07/06/2020,3.26,9.16,34.6,0.0,54.8,3.35,14.0,6.77,,,
Tbo 292_Junio 2020.pdf,292,Don Jacinto SA A Y G,01/06/2020,30/06/2020,09/06/2020,3.21,9.02,34.1,0.0,53.9,3.3,14.0,6.69,,,
Tbo 292_Junio 2020.pdf,292,Don Jacinto SA A Y G,01/06/2020,30/06/2020,10/06/2020,3.25,9.04,34.0,0.0,54.0,3.41,14.0,6.8,,,
Tbo 292_Junio 2020.pdf,292,Don Jacinto SA A Y G,01/06/2020,30/06/2020,11/06/2020,3.25,9.18,34.7,0.0,54.9,3.36,14.0,6.78,347000.0,54000.0,
Tbo 292_Junio 2020.pdf,292,Don Jacinto SA A Y G,01/06/2020,30/06/2020,12/06/2020,3.83,8.77,32.5,0.0,52.1,3.22,14.0,6.68,,,
Tbo 292_Junio 2020.pdf,292,Don Jacinto SA A Y G,01/06/2020,30/06/2020,13/06/2020,3.63,8.96,32.0,0.0,52.7,3.36,14.0,6.69,,,
Tbo 292_Junio 2020.pdf,292,Don Jacinto SA A Y G,01/06/2020,30/06/2020,14/06/2020,3.45,9.15,34.4,0.0,54.7,3.4,14.0,6.76,,,
Tbo 292_Junio 2020.pdf,292,Don Jacinto SA A Y G,01/06/2020,30/06/2020,15/06/2020,3.63,8.85,30.6,0.0,54.3,3.42,14.0,6.78,,,
Tbo 292_Junio 2020.pdf,292,Don Jacinto SA A Y G,01/06/2020,30/06/2020,16/06/2020,3.49,8.54,30.0,0.0,52.3,3.3,14.0,6.79,,,
Tbo 292_Junio 2020.pdf,292,Don Jacinto SA A Y G,01/06/2020,30/06/2020,17/06/2020,3.94,8.95,30.8,0.0,54.8,3.46,14.0,6.69,,,
Tbo 292_Junio 2020.pdf,292,Don Jacinto SA A Y G,01/06/2020,30/06/2020,18/06/2020,3.62,8.81,30.5,0.0,54.0,3.4,14.0,6.79,369000.0,34000.0,
Tbo 292_Junio 2020.pdf,292,Don Jacinto SA A Y G,01/06/2020,30/06/2020,19/06/2020,3.59,8.7,32.5,0.0,51.7,3.19,14.0,6.78,,,
Tbo 292_Junio 2020.pdf,292,Don Jacinto SA A Y G,01/06/2020,30/06/2020,20/06/2020,3.37,8.7,32.5,0.0,51.7,3.49,14.0,6.69,,,
Tbo 292_Junio 2020.pdf,292,Don Jacinto SA A Y G,01/06/2020,30/06/2020,21/06/2020,3.89,8.74,30.0,0.0,53.4,3.38,14.0,6.76,,,
Tbo 292_Junio 2020.pdf,292,Don Jacinto SA A Y G,01/06/2020,30/06/2020,22/06/2020,3.33,9.15,34.0,0.0,54.4,3.36,14.0,6.78,,,
Tbo 292_Junio 2020.pdf,292,Don Jacinto SA A Y G,01/06/2020,30/06/2020,23/06/2020,3.72,8.78,30.3,0.0,53.8,3.39,14.0,6.73,,,
Tbo 292_Junio 2020.pdf,292,Don Jacinto SA A Y G,01/06/2020,30/06/2020,24/06/2020,3.33,8.87,32.5,0.0,52.7,3.27,14.0,6.68,406000.0,52000.0,
Tbo 292_Junio 2020.pdf,292,Don Jacinto SA A Y G,01/06/2020,30/06/2020,25/06/2020,3.3,9.19,33.6,0.0,54.4,3.44,14.0,6.69,,,
Tbo 292_Junio 2020.pdf,292,Don Jacinto SA A Y G,01/06/2020,30/06/2020,27/06/2020,3.32,8.95,33.5,0.0,53.3,3.28,14.0,6.76,,,
Tbo 292_Junio 2020.pdf,292,Don Jacinto SA A Y G,01/06/2020,30/06/2020,27/06/2020,3.27,8.62,32.0,0.0,51.2,3.16,14.0,6.72,,,
Tbo 292_Junio 2020.pdf,292,Don Jacinto SA A Y G,01/06/2020,30/06/2020,28/06/2020,3.6,8.71,30.0,0.0,52.9,3.3,14.0,6.79,,,
Tbo 292_Junio 2020.pdf,292,Don Jacinto SA A Y G,01/06/2020,30/06/2020,29/06/2020,3.38,9.15,33.4,0.0,54.1,3.13,14.0,6.78,,,
Tbo 292_Junio 2020.pdf,292,Don Jacinto SA A Y G,01/06/2020,30/06/2020,30/06/2020,3.04,9.07,34.1,0.0,54.0,3.4,14.0,6.79,,,
Tbo 292_Julio 2020.pdf,292,Don Jacinto SA A Y G,01/07/2020,31/07/2020,01/07/2020,3.43,9.1,34.2,0.0,54.3,3.33,14.0,6.77,,,
Tbo 292_Julio 2020.pdf,292,Don Jacinto SA A Y G,01/07/2020,31/07/2020,02/07/2020,3.28,9.26,33.9,0.0,54.8,3.47,14.0,6.79,325000.0,48000.0,
Tbo 292_Julio 2020.pdf,292,Don Jacinto SA A Y G,01/07/2020,31/07/2020,03/07/2020,3.34,9.12,33.3,0.0,53.9,3.41,14.0,6.78,,,
Tbo 292_Julio 2020.pdf,292,Don Jacinto SA A Y G,01/07/2020,31/07/2020,04/07/2020,3.36,9.1,32.7,0.0,52.6,3.25,14.0,6.79,,,
Tbo 292_Julio 2020.pdf,292,Don Jacinto SA A Y G,01/07/2020,31/07/2020,05/07/2020,3.52,9.13,34.3,0.0,54.5,3.35,14.0,6.79,,,
Tbo 292_Julio 2020.pdf,292,Don Jacinto SA A Y G,01/07/2020,31/07/2020,06/07/2020,3.88,8.59,31.8,0.0,51.0,3.15,14.0,6.69,,,
Tbo 292_Julio 2020.pdf,292,Don Jacinto SA A Y G,01/07/2020,31/07/2020,07/07/2020,3.52,8.74,32.3,0.0,51.9,3.21,14.0,6.78,,,
Tbo 292_Julio 2020.pdf,292,Don Jacinto SA A Y G,01/07/2020,31/07/2020,08/07/2020,3.58,8.84,30.8,0.0,54.4,3.42,14.0,6.68,,,
Tbo 292_Julio 2020.pdf,292,Don Jacinto SA A Y G,01/07/2020,31/07/2020,09/07/2020,3.81,9.18,34.2,0.0,54.7,3.37,14.0,6.69,,,
Tbo 292_Julio 2020.pdf,292,Don Jacinto SA A Y G,01/07/2020,31/07/2020,10/07/2020,3.41,8.99,32.7,0.0,53.0,3.37,14.0,6.79,363000.0,35000.0,
Tbo 292_Julio 2020.pdf,292,Don Jacinto SA A Y G,01/07/2020,31/07/2020,11/07/2020,3.4,9.1,33.1,0.0,53.7,3.41,14.0,6.69,,,
Tbo 292_Julio 2020.pdf,292,Don Jacinto SA A Y G,01/07/2020,31/07/2020,12/07/2020,3.53,9.17,33.3,0.0,54.1,3.43,14.0,6.7,,,
Tbo 292_Julio 2020.pdf,292,Don Jacinto SA A Y G,01/07/2020,31/07/2020,13/07/2020,,,,,,,14.0,6.79,,,
Tbo 292_Julio 2020.pdf,292,Don Jacinto SA A Y G,01/07/2020,31/07/2020,15/07/2020,3.68,8.88,30.7,0.0,54.4,3.43,14.0,6.79,,,
Tbo 292_Julio 2020.pdf,292,Don Jacinto SA A Y G,01/07/2020,31/07/2020,17/07/2020,3.3,9.04,33.0,0.0,53.4,3.38,14.0,6.77,,,
Tbo 292_Julio 2020.pdf,292,Don Jacinto SA A Y G,01/07/2020,31/07/2020,27/07/2020,3.62,9.24,33.5,0.0,54.5,3.46,14.0,6.69,,,
Tbo 292_Julio 2020.pdf,292,Don Jacinto SA A Y G,01/07/2020,31/07/2020,28/07/2020,3.63,8.95,33.4,0.0,53.3,3.28,14.0,6.8,,,
Tbo 292_Julio 2020.pdf,292,Don Jacinto SA A Y G,01/07/2020,31/07/2020,29/07/2020,3.46,8.65,31.2,0.0,55.0,3.45,14.0,6.79,463000.0,57000.0,
Tbo 292_Julio 2020.pdf,292,Don Jacinto SA A Y G,01/07/2020,31/07/2020,30/07/2020,3.34,9.06,33.0,0.0,53.5,3.39,14.0,6.69,,,
Tbo 292_Julio 2020.pdf,292,Don Jacinto SA A Y G,01/07/2020,31/07/2020,31/07/2020,3.88,8.97,30.9,0.0,54.9,3.46,14.0,6.75,,,
Tbo 292_Agosto 2020.pdf,292,Don Jacinto SA A Y G,01/08/2020,31/08/2020,01/08/2020,,,,,,,14.0,6.72,,,
Tbo 292_Agosto 2020.pdf,292,Don Jacinto SA A Y G,01/08/2020,31/08/2020,02/08/2020,3.65,9.01,32.5,0.0,53.0,3.38,14.0,6.69,,,
Tbo 292_Agosto 2020.pdf,292,Don Jacinto SA A Y G,01/08/2020,31/08/2020,03/08/2020,2.56,9.24,34.5,0.0,55.0,3.45,14.0,6.68,,,
Tbo 292_Agosto 2020.pdf,292,Don Jacinto SA A Y G,01/08/2020,31/08/2020,04/08/2020,3.42,9.09,33.1,0.0,53.7,3.4,14.0,6.8,,,
Tbo 292_Agosto 2020.pdf,292,Don Jacinto SA A Y G,01/08/2020,31/08/2020,05/08/2020,3.13,8.99,32.9,0.0,53.1,3.36,14.0,6.67,540000.0,77000.0,
Tbo 292_Agosto 2020.pdf,292,Don Jacinto SA A Y G,01/08/2020,31/08/2020,06/08/2020,3.78,9.03,33.6,0.0,53.7,3.31,14.0,6.82,,,
Tbo 292_Agosto 2020.pdf,292,Don Jacinto SA A Y G,01/08/2020,31/08/2020,07/08/2020,3.53,8.66,30.0,0.0,53.1,3.35,14.0,6.79,,,
Tbo 292_Agosto 2020.pdf,292,Don Jacinto SA A Y G,01/08/2020,31/08/2020,08/08/2020,3.54,8.86,32.7,0.0,52.6,3.25,14.0,6.78,,,
Tbo 292_Agosto 2020.pdf,292,Don Jacinto SA A Y G,01/08/2020,31/08/2020,09/08/2020,3.63,8.67,32.3,0.0,51.5,3.18,14.0,6.79,,,
Tbo 292_Agosto 2020.pdf,292,Don Jacinto SA A Y G,01/08/2020,31/08/2020,10/08/2020,3.26,9.13,33.4,0.0,54.0,3.42,14.0,6.77,,,
Tbo 292_Agosto 2020.pdf,292,Don Jacinto SA A Y G,01/08/2020,31/08/2020,11/08/2020,3.45,9.0,33.5,0.0,54.4,3.44,14.0,6.74,,,
Tbo 292_Agosto 2020.pdf,292,Don Jacinto SA A Y G,01/08/2020,31/08/2020,12/08/2020,3.43,9.18,33.4,0.0,54.2,3.42,14.0,6.78,,,
Tbo 292_Agosto 2020.pdf,292,Don Jacinto SA A Y G,01/08/2020,31/08/2020,13/08/2020,3.39,9.27,33.4,0.0,54.2,3.43,14.0,6.76,415000.0,27000.0,
Tbo 292_Agosto 2020.pdf,292,Don Jacinto SA A Y G,01/08/2020,31/08/2020,14/08/2020,,,,,,,14.0,6.81,,,
Tbo 292_Agosto 2020.pdf,292,Don Jacinto SA A Y G,01/08/2020,31/08/2020,16/08/2020,3.46,9.05,34.0,0.0,54.0,3.31,14.0,6.79,,,
Tbo 292_Agosto 2020.pdf,292,Don Jacinto SA A Y G,01/08/2020,31/08/2020,17/08/2020,3.41,9.06,34.1,0.0,54.1,3.32,14.0,6.78,,,
Tbo 292_Agosto 2020.pdf,292,Don Jacinto SA A Y G,01/08/2020,31/08/2020,18/08/2020,3.4,9.15,34.5,0.0,54.7,3.35,14.0,6.78,398000.0,32000.0,
Tbo 292_Agosto 2020.pdf,292,Don Jacinto SA A Y G,01/08/2020,31/08/2020,20/08/2020,3.41,8.99,32.7,0.0,53.0,3.37,14.0,6.79,,,
Tbo 292_Agosto 2020.pdf,292,Don Jacinto SA A Y G,01/08/2020,31/08/2020,21/08/2020,3.9,9.0,32.3,0.0,52.9,3.38,14.0,6.77,,,
Tbo 292_Agosto 2020.pdf,292,Don Jacinto SA A Y G,01/08/2020,31/08/2020,23/08/2020,3.5,8.93,33.5,0.0,53.2,3.27,14.0,6.79,,,
Tbo 292_Agosto 2020.pdf,292,Don Jacinto SA A Y G,01/08/2020,31/08/2020,24/08/2020,3.5,9.18,33.6,0.0,54.3,3.44,14.0,6.67,,,
Tbo 292_Agosto 2020.pdf,292,Don Jacinto SA A Y G,01/08/2020,31/08/2020,25/08/2020,3.28,9.03,33.0,0.0,53.3,3.38,14.0,6.8,,,
Tbo 292_Agosto 2020.pdf,292,Don Jacinto SA A Y G,01/08/2020,31/08/2020,27/08/2020,3.32,9.26,33.9,0.0,54.9,3.47,14.0,6.8,560000.0,28000.0,
Tbo 292_Agosto 2020.pdf,292,Don Jacinto SA A Y G,01/08/2020,31/08/2020,28/08/2020,3.55,9.28,33.7,0.0,54.8,3.4,14.0,6.79,,,
Tbo 292_Agosto 2020.pdf,292,Don Jacinto SA A Y G,01/08/2020,31/08/2020,29/08/2020,3.85,9.03,32.5,0.0,53.1,3.39,14.0,6.68,,,
Tbo 292_Agosto 2020.pdf,292,Don Jacinto SA A Y G,01/08/2020,31/08/2020,30/08/2020,,,,,,,14.0,6.72,,,
Tbo 292_Agosto 2020.pdf,292,Don Jacinto SA A Y G,01/08/2020,31/08/2020,31/08/2020,3.91,9.02,33.3,0.0,53.0,3.31,14.0,6.78,,,
Tbo 292_Sept 2020.pdf,292,Don Jacinto SA A Y G,01/09/2020,30/09/2020,01/09/2020,,,,,,,14.0,6.78,,,
Tbo 292_Sept 2020.pdf,292,Don Jacinto SA A Y G,01/09/2020,30/09/2020,02/09/2020,3.18,9.15,33.5,0.0,54.2,3.42,14.0,6.69,,,
Tbo 292_Sept 2020.pdf,292,Don Jacinto SA A Y G,01/09/2020,30/09/2020,03/09/2020,3.4,9.34,35.0,0.0,55.9,3.42,14.0,6.68,,,
Tbo 292_Sept 2020.pdf,292,Don Jacinto SA A Y G,01/09/2020,30/09/2020,04/09/2020,3.68,8.93,32.3,0.0,52.6,3.35,14.0,6.78,,,
Tbo 292_Sept 2020.pdf,292,Don Jacinto SA A Y G,01/09/2020,30/09/2020,05/09/2020,3.25,8.25,29.8,3.56,48.8,3.09,14.0,6.69,,,
Tbo 292_Sept 2020.pdf,292,Don Jacinto SA A Y G,01/09/2020,30/09/2020,06/09/2020,3.2,9.15,32.4,0.0,52.9,3.42,14.0,6.8,,,
Tbo 292_Sept 2020.pdf,292,Don Jacinto SA A Y G,01/09/2020,30/09/2020,07/09/2020,3.25,8.99,33.9,0.0,54.9,3.47,14.0,6.81,,,
Tbo 292_Sept 2020.pdf,292,Don Jacinto SA A Y G,01/09/2020,30/09/2020,08/09/2020,3.63,8.95,33.4,0.0,53.3,3.28,14.0,6.8,,,
Tbo 292_Sept 2020.pdf,292,Don Jacinto SA A Y G,01/09/2020,30/09/2020,09/09/2020,3.17,9.1,34.5,0.0,54.5,3.33,14.0,6.78,,,
Tbo 292_Sept 2020.pdf,292,Don Jacinto SA A Y G,01/09/2020,30/09/2020,10/09/2020,3.07,9.29,35.3,0.0,55.7,3.4,14.0,6.78,938000.0,36000.0,
Tbo 292_Sept 2020.pdf,292,Don Jacinto SA A Y G,01/09/2020,30/09/2020,11/09/2020,3.1,9.2,34.9,0.0,55.2,3.37,14.0,6.8,,,
Tbo 292_Sept 2020.pdf,292,Don Jacinto SA A Y G,01/09/2020,30/09/2020,12/09/2020,3.06,9.24,34.0,0.0,54.8,3.46,14.0,6.69,,,
Tbo 292_Sept 2020.pdf,292,Don Jacinto SA A Y G,01/09/2020,30/09/2020,13/09/2020,3.26,9.4,34.6,0.0,55.8,3.52,14.0,6.77,,,
Tbo 292_Sept 2020.pdf,292,Don Jacinto SA A Y G,01/09/2020,30/09/2020,14/09/2020,3.04,9.18,34.9,0.0,55.0,3.36,14.0,6.8,,,
Tbo 292_Sept 2020.pdf,292,Don Jacinto SA A Y G,01/09/2020,30/09/2020,15/09/2020,3.17,9.43,34.7,0.0,54.0,3.43,14.0,6.69,,,
Tbo 292_Sept 2020.pdf,292,Don Jacinto SA A Y G,01/09/2020,30/09/2020,16/09/2020,3.23,8.93,33.5,0.0,53.2,3.27,14.0,6.79,,,
Tbo 292_Sept 2020.pdf,292,Don Jacinto SA A Y G,01/09/2020,30/09/2020,17/09/2020,3.12,9.2,33.8,0.0,54.5,3.44,14.0,6.69,556000.0,34000.0,
Tbo 292_Sept 2020.pdf,292,Don Jacinto SA A Y G,01/09/2020,30/09/2020,18/09/2020,4.0,9.27,34.0,0.0,53.1,3.4,14.0,6.8,,,
Tbo 292_Sept 2020.pdf,292,Don Jacinto SA A Y G,01/09/2020,30/09/2020,19/09/2020,3.35,9.24,33.6,0.0,54.6,3.45,14.0,6.78,,,
Tbo 292_Sept 2020.pdf,292,Don Jacinto SA A Y G,01/09/2020,30/09/2020,20/09/2020,3.23,9.09,33.3,0.0,53.7,3.4,14.0,6.77,,,
Tbo 292_Sept 2020.pdf,292,Don Jacinto SA A Y G,01/09/2020,30/09/2020,21/09/2020,3.32,9.15,33.4,0.0,54.1,3.43,14.0,6.77,,,
Tbo 292_Sept 2020.pdf,292,Don Jacinto SA A Y G,01/09/2020,30/09/2020,22/09/2020,3.16,9.29,35.2,0.0,55.7,3.48,14.0,6.78,,,
Tbo 292_Sept 2020.pdf,292,Don Jacinto SA A Y G,01/09/2020,30/09/2020,23/09/2020,3.32,9.15,33.4,0.0,54.1,3.43,14.0,6.78,,,
Tbo 292_Sept 2020.pdf,292,Don Jacinto SA A Y G,01/09/2020,30/09/2020,24/09/2020,3.11,9.12,33.5,0.0,54.0,3.41,14.0,6.76,467000.0,33000.0,
Tbo 292_Sept 2020.pdf,292,Don Jacinto SA A Y G,01/09/2020,30/09/2020,25/09/2020,3.25,9.17,33.6,0.0,54.3,3.43,14.0,6.77,,,
Tbo 292_Sept 2020.pdf,292,Don Jacinto SA A Y G,01/09/2020,30/09/2020,26/09/2020,3.38,9.26,34.9,0.0,55.4,3.47,14.0,6.79,,,
Tbo 292_Sept 2020.pdf,292,Don Jacinto SA A Y G,01/09/2020,30/09/2020,28/09/2020,3.26,9.32,35.2,0.0,55.8,3.49,14.0,6.78,,,
Tbo 292_Sept 2020.pdf,292,Don Jacinto SA A Y G,01/09/2020,30/09/2020,30/09/2020,,,,,,,14.0,6.79,,,
Tbo_292_Octubre 2020.pdf,292,Don Jacinto SA A Y G,01/10/2020,31/10/2020,01/10/2020,3.48,9.0,34.1,0.0,54.5,3.37,14.0,6.66,,,
Tbo_292_Octubre 2020.pdf,292,Don Jacinto SA A Y G,01/10/2020,31/10/2020,02/10/2020,3.15,9.3,35.3,0.0,55.8,3.48,14.0,6.79,480000.0,19000.0,
Tbo_292_Octubre 2020.pdf,292,Don Jacinto SA A Y G,01/10/2020,31/10/2020,03/10/2020,3.06,9.25,34.0,0.0,54.9,3.46,14.0,6.7,,,
Tbo_292_Octubre 2020.pdf,292,Don Jacinto SA A Y G,01/10/2020,31/10/2020,04/10/2020,3.13,9.29,34.1,0.0,55.1,3.48,14.0,6.8,,,
Tbo_292_Octubre 2020.pdf,292,Don Jacinto SA A Y G,01/10/2020,31/10/2020,06/10/2020,3.19,9.32,34.2,0.0,55.3,3.49,14.0,6.75,,,
Tbo_292_Octubre 2020.pdf,292,Don Jacinto SA A Y G,01/10/2020,31/10/2020,07/10/2020,3.2,9.24,33.9,0.0,54.7,3.46,14.0,6.76,,,
Tbo_292_Octubre 2020.pdf,292,Don Jacinto SA A Y G,01/10/2020,31/10/2020,08/10/2020,3.15,9.29,35.2,0.0,55.7,3.48,14.0,6.72,683000.0,88000.0,
Tbo_292_Octubre 2020.pdf,292,Don Jacinto SA A Y G,01/10/2020,31/10/2020,09/10/2020,3.12,9.07,34.7,0.0,55.1,3.39,14.0,6.77,,,
Tbo_292_Octubre 2020.pdf,292,Don Jacinto SA A Y G,01/10/2020,31/10/2020,10/10/2020,3.22,9.23,33.9,0.0,54.6,3.46,14.0,6.74,,,
Tbo_292_Octubre 2020.pdf,292,Don Jacinto SA A Y G,01/10/2020,31/10/2020,11/10/2020,3.21,9.14,34.9,0.0,55.5,3.42,14.0,6.8,,,
Tbo_292_Octubre 2020.pdf,292,Don Jacinto SA A Y G,01/10/2020,31/10/2020,12/10/2020,3.94,8.72,31.6,0.0,52.2,3.28,14.0,6.69,,,
Tbo_292_Octubre 2020.pdf,292,Don Jacinto SA A Y G,01/10/2020,31/10/2020,13/10/2020,3.17,8.99,34.5,0.0,54.9,3.39,14.0,6.79,,,
Tbo_292_Octubre 2020.pdf,292,Don Jacinto SA A Y G,01/10/2020,31/10/2020,14/10/2020,3.14,9.12,33.5,0.0,54.0,3.41,14.0,6.66,,,
Tbo_292_Octubre 2020.pdf,292,Don Jacinto SA A Y G,01/10/2020,31/10/2020,15/10/2020,3.31,9.16,34.6,0.0,54.8,3.43,14.0,6.78,471000.0,56000.0,
Tbo_292_Octubre 2020.pdf,292,Don Jacinto SA A Y G,01/10/2020,31/10/2020,16/10/2020,3.41,9.56,33.1,0.0,53.5,3.5,14.0,6.66,,,
Tbo_292_Octubre 2020.pdf,292,Don Jacinto SA A Y G,01/10/2020,31/10/2020,17/10/2020,3.1,9.12,33.5,0.0,54.0,3.41,14.0,6.8,,,
Tbo_292_Octubre 2020.pdf,292,Don Jacinto SA A Y G,01/10/2020,31/10/2020,18/10/2020,3.22,9.16,34.7,0.0,54.8,3.43,14.0,6.78,,,
Tbo_292_Octubre 2020.pdf,292,Don Jacinto SA A Y G,01/10/2020,31/10/2020,20/10/2020,3.23,9.36,33.1,0.0,53.6,3.39,14.0,6.66,,,
Tbo_292_Octubre 2020.pdf,292,Don Jacinto SA A Y G,01/10/2020,31/10/2020,20/10/2020,3.54,9.28,34.8,0.0,55.4,3.48,14.0,6.78,,,(+) (+)
Tbo_292_Octubre 2020.pdf,292,Don Jacinto SA A Y G,01/10/2020,31/10/2020,21/10/2020,3.53,9.64,36.3,0.0,57.7,3.61,14.0,6.75,,,
Tbo_292_Octubre 2020.pdf,292,Don Jacinto SA A Y G,01/10/2020,31/10/2020,22/10/2020,3.89,9.08,32.6,0.0,53.4,3.41,14.0,6.8,568000.0,478000.0,
Tbo_292_Octubre 2020.pdf,292,Don Jacinto SA A Y G,01/10/2020,31/10/2020,23/10/2020,3.5,9.19,34.5,0.0,54.9,3.45,14.0,6.76,,,
Tbo_292_Octubre 2020.pdf,292,Don Jacinto SA A Y G,01/10/2020,31/10/2020,24/10/2020,3.27,8.84,33.3,0.0,52.7,3.32,14.0,6.77,,,
Tbo_292_Octubre 2020.pdf,292,Don Jacinto SA A Y G,01/10/2020,31/10/2020,25/10/2020,3.47,9.27,34.7,0.0,55.2,3.47,14.0,6.69,,,
Tbo_292_Octubre 2020.pdf,292,Don Jacinto SA A Y G,01/10/2020,31/10/2020,26/10/2020,3.46,9.11,33.1,0.0,53.8,3.41,14.0,6.68,,,
Tbo_292_Octubre 2020.pdf,292,Don Jacinto SA A Y G,01/10/2020,31/10/2020,27/10/2020,3.54,9.18,34.4,0.0,54.8,3.44,14.0,6.8,,,
Tbo_292_Octubre 2020.pdf,292,Don Jacinto SA A Y G,01/10/2020,31/10/2020,28/10/2020,3.48,9.1,34.2,0.0,54.3,3.41,14.0,6.79,,,
Tbo_292_Octubre 2020.pdf,292,Don Jacinto SA A Y G,01/10/2020,31/10/2020,29/10/2020,3.44,9.13,34.3,0.0,54.5,3.42,14.0,6.66,483000.0,26000.0,
Tbo_292_Octubre 2020.pdf,292,Don Jacinto SA A Y G,01/10/2020,31/10/2020,30/10/2020,3.46,9.24,34.8,0.0,53.9,3.47,14.0,6.69,,,
Tbo_292_Octubre 2020.pdf,292,Don Jacinto SA A Y G,01/10/2020,31/10/2020,31/10/2020,3.4,9.17,34.5,0.0,54.8,3.44,14.0,6.66,,,
Tbo 292_Noviembre 2020.pdf,292,Don Jacinto SA A Y G,01/11/2020,30/11/2020,01/11/2020,3.31,8.69,33.0,0.0,53.0,3.26,14.0,6.8,,,
Tbo 292_Noviembre 2020.pdf,292,Don Jacinto SA A Y G,01/11/2020,30/11/2020,02/11/2020,3.4,9.12,33.2,0.0,53.9,3.41,14.0,6.79,,,
Tbo 292_Noviembre 2020.pdf,292,Don Jacinto SA A Y G,01/11/2020,30/11/2020,03/11/2020,3.35,9.62,34.4,0.0,54.5,3.42,14.0,6.75,,,
Tbo 292_Noviembre 2020.pdf,292,Don Jacinto SA A Y G,01/11/2020,30/11/2020,04/11/2020,3.39,9.08,33.1,0.0,53.6,3.4,14.0,6.74,,,
Tbo 292_Noviembre 2020.pdf,292,Don Jacinto SA A Y G,01/11/2020,30/11/2020,05/11/2020,3.27,8.96,34.1,0.0,54.3,3.36,14.0,6.74,,,480.000 168.000
Tbo 292_Noviembre 2020.pdf,292,Don Jacinto SA A Y G,01/11/2020,30/11/2020,06/11/2020,3.38,9.11,34.3,0.0,54.4,3.42,14.0,6.75,,,
Tbo 292_Noviembre 2020.pdf,292,Don Jacinto SA A Y G,01/11/2020,30/11/2020,07/11/2020,3.27,8.92,32.5,0.0,52.6,3.34,14.0,6.77,,,
Tbo 292_Noviembre 2020.pdf,292,Don Jacinto SA A Y G,01/11/2020,30/11/2020,08/11/2020,3.35,9.11,34.3,0.0,54.4,3.42,14.0,6.74,,,
Tbo 292_Noviembre 2020.pdf,292,Don Jacinto SA A Y G,01/11/2020,30/11/2020,09/11/2020,3.31,8.96,32.7,0.0,52.9,3.36,14.0,6.79,,,
Tbo 292_Noviembre 2020.pdf,292,Don Jacinto SA A Y G,01/11/2020,30/11/2020,10/11/2020,3.34,8.95,32.6,0.0,52.8,3.35,14.0,6.79,,,
Tbo 292_Noviembre 2020.pdf,292,Don Jacinto SA A Y G,01/11/2020,30/11/2020,11/11/2020,3.99,8.82,32.8,0.0,53.1,3.31,14.0,6.8,,,
Tbo 292_Noviembre 2020.pdf,292,Don Jacinto SA A Y G,01/11/2020,30/11/2020,12/11/2020,3.52,9.25,34.7,0.0,55.3,3.47,14.0,6.73,,,707.000 82.000
Tbo 292_Noviembre 2020.pdf,292,Don Jacinto SA A Y G,01/11/2020,30/11/2020,13/11/2020,3.25,8.95,32.1,0.0,52.6,3.34,14.0,6.79,,,
Tbo 292_Noviembre 2020.pdf,292,Don Jacinto SA A Y G,01/11/2020,30/11/2020,14/11/2020,3.43,9.07,34.1,0.0,54.1,3.4,14.0,6.75,,,
Tbo 292_Noviembre 2020.pdf,292,Don Jacinto SA A Y G,01/11/2020,30/11/2020,15/11/2020,3.32,9.01,33.9,0.0,53.8,3.38,14.0,6.76,,,
Tbo 292_Noviembre 2020.pdf,292,Don Jacinto SA A Y G,01/11/2020,30/11/2020,16/11/2020,,,,,,,15.0,6.66,,,
Tbo 292_Noviembre 2020.pdf,292,Don Jacinto SA A Y G,01/11/2020,30/11/2020,17/11/2020,3.34,9.03,34.0,0.0,53.9,3.39,14.0,6.77,,,
Tbo 292_Noviembre 2020.pdf,292,Don Jacinto SA A Y G,01/11/2020,30/11/2020,18/11/2020,3.3,9.0,32.8,0.0,54.6,3.43,14.0,6.77,,,
Tbo 292_Noviembre 2020.pdf,292,Don Jacinto SA A Y G,01/11/2020,30/11/2020,19/11/2020,3.28,9.08,34.3,0.0,54.3,3.4,14.0,6.78,,,782.000 23.000
Tbo 292_Noviembre 2020.pdf,292,Don Jacinto SA A Y G,01/11/2020,30/11/2020,20/11/2020,3.27,8.92,32.5,0.0,52.6,3.34,14.0,6.77,,,
Tbo 292_Noviembre 2020.pdf,292,Don Jacinto SA A Y G,01/11/2020,30/11/2020,21/11/2020,3.29,9.06,34.2,0.0,54.1,3.4,14.0,6.79,,,
Tbo 292_Noviembre 2020.pdf,292,Don Jacinto SA A Y G,01/11/2020,30/11/2020,22/11/2020,3.32,9.01,33.9,0.0,53.8,3.38,14.0,6.69,,,
Tbo 292_Noviembre 2020.pdf,292,Don Jacinto SA A Y G,01/11/2020,30/11/2020,23/11/2020,3.19,9.13,34.2,0.0,54.6,3.42,14.0,6.66,,,
Tbo 292_Noviembre 2020.pdf,292,Don Jacinto SA A Y G,01/11/2020,30/11/2020,24/11/2020,3.16,8.94,32.7,0.0,52.8,3.35,14.0,6.8,,,
Tbo 292_Noviembre 2020.pdf,292,Don Jacinto SA A Y G,01/11/2020,30/11/2020,25/11/2020,3.31,8.93,32.5,0.0,52.7,3.34,14.0,6.67,,,
Tbo 292_Noviembre 2020.pdf,292,Don Jacinto SA A Y G,01/11/2020,30/11/2020,26/11/2020,3.53,9.15,34.3,0.0,54.6,3.43,14.0,6.78,,,630.000 44.000
Tbo 292_Noviembre 2020.pdf,292,Don Jacinto SA A Y G,01/11/2020,30/11/2020,27/11/2020,3.32,9.01,33.9,0.0,53.8,3.38,14.0,6.65,,,
Tbo 292_Noviembre 2020.pdf,292,Don Jacinto SA A Y G,01/11/2020,30/11/2020,28/11/2020,3.37,9.01,33.9,0.0,53.8,3.38,14.0,6.77,,,
Tbo 292_Noviembre 2020.pdf,292,Don Jacinto SA A Y G,01/11/2020,30/11/2020,29/11/2020,3.29,9.01,34.0,0.0,53.8,3.38,14.0,6.75,,,
Tbo 292_Noviembre 2020.pdf,292,Don Jacinto SA A Y G,01/11/2020,30/11/2020,30/11/2020,3.33,9.07,34.2,0.0,54.2,3.4,14.0,6.75,,,
Tbo 292_Enero 2021.pdf,292,Don Jacinto SA A Y G,01/01/2021,31/01/2021,01/01/2021,,,,,,,14.0,6.71,,,
Tbo 292_Enero 2021.pdf,292,Don Jacinto SA A Y G,01/01/2021,31/01/2021,02/01/2021,,,,,,,14.0,6.5,,,
Tbo 292_Enero 2021.pdf,292,Don Jacinto SA A Y G,01/01/2021,31/01/2021,03/01/2021,3.17,9.16,33.6,0.0,54.2,3.43,14.0,6.67,,,
Tbo 292_Enero 2021.pdf,292,Don Jacinto SA A Y G,01/01/2021,31/01/2021,04/01/2021,3.04,9.2,33.9,0.0,54.6,3.44,14.0,6.79,,,
Tbo 292_Enero 2021.pdf,292,Don Jacinto SA A Y G,01/01/2021,31/01/2021,05/01/2021,3.09,9.18,33.7,0.0,54.4,3.43,14.0,6.77,,,
Tbo 292_Enero 2021.pdf,292,Don Jacinto SA A Y G,01/01/2021,31/01/2021,07/01/2021,3.17,9.26,34.0,0.0,54.9,3.47,14.0,6.77,,,
Tbo 292_Enero 2021.pdf,292,Don Jacinto SA A Y G,01/01/2021,31/01/2021,08/01/2021,2.87,9.26,34.3,0.0,55.0,3.46,14.0,6.76,,,429.000 25.000
Tbo 292_Enero 2021.pdf,292,Don Jacinto SA A Y G,01/01/2021,31/01/2021,09/01/2021,3.05,9.06,34.0,0.0,54.2,3.39,14.0,6.7,,,
Tbo 292_Enero 2021.pdf,292,Don Jacinto SA A Y G,01/01/2021,31/01/2021,10/01/2021,3.0,9.21,34.0,0.0,54.7,3.44,14.0,6.78,,,
Tbo 292_Enero 2021.pdf,292,Don Jacinto SA A Y G,01/01/2021,31/01/2021,11/01/2021,3.88,8.87,32.9,0.0,52.7,3.33,14.0,6.75,,,
Tbo 292_Enero 2021.pdf,292,Don Jacinto SA A Y G,01/01/2021,31/01/2021,12/01/2021,2.96,9.32,34.4,0.0,55.4,3.49,14.0,6.75,,,
Tbo 292_Enero 2021.pdf,292,Don Jacinto SA A Y G,01/01/2021,31/01/2021,13/01/2021,2.84,9.24,35.3,0.0,55.5,3.46,14.0,6.73,,,
Tbo 292_Enero 2021.pdf,292,Don Jacinto SA A Y G,01/01/2021,31/01/2021,14/01/2021,2.69,9.19,35.2,0.0,55.3,3.44,14.0,6.74,,,
Tbo 292_Enero 2021.pdf,292,Don Jacinto SA A Y G,01/01/2021,31/01/2021,15/01/2021,2.67,9.32,35.8,0.0,56.1,3.49,14.0,6.74,,,234.000 362.000
Tbo 292_Enero 2021.pdf,292,Don Jacinto SA A Y G,01/01/2021,31/01/2021,16/01/2021,2.72,9.27,34.4,0.0,55.2,3.46,14.0,6.74,,,
Tbo 292_Enero 2021.pdf,292,Don Jacinto SA A Y G,01/01/2021,31/01/2021,17/01/2021,4.04,9.02,33.3,0.0,53.6,3.39,14.0,6.77,,,
Tbo 292_Enero 2021.pdf,292,Don Jacinto SA A Y G,01/01/2021,31/01/2021,18/01/2021,2.7,9.31,35.7,0.0,56.1,3.48,14.0,6.8,,,
Tbo 292_Enero 2021.pdf,292,Don Jacinto SA A Y G,01/01/2021,31/01/2021,19/01/2021,2.81,9.22,35.3,0.0,55.2,3.45,14.0,6.77,,,
Tbo 292_Enero 2021.pdf,292,Don Jacinto SA A Y G,01/01/2021,31/01/2021,20/01/2021,2.8,9.1,33.9,0.0,54.8,3.4,14.0,6.8,,,
Tbo 292_Enero 2021.pdf,292,Don Jacinto SA A Y G,01/01/2021,31/01/2021,21/01/2021,3.04,8.99,34.5,0.0,54.4,3.39,14.0,6.8,,,335.000 81.000
Tbo 292_Enero 2021.pdf,292,Don Jacinto SA A Y G,01/01/2021,31/01/2021,22/01/2021,3.03,9.33,34.4,0.0,55.4,3.49,14.0,6.74,,,
Tbo 292_Enero 2021.pdf,292,Don Jacinto SA A Y G,01/01/2021,31/01/2021,23/01/2021,3.49,9.14,34.3,0.0,54.6,3.43,14.0,6.68,,,
Tbo 292_Enero 2021.pdf,292,Don Jacinto SA A Y G,01/01/2021,31/01/2021,24/01/2021,2.87,9.36,34.7,0.0,55.7,3.5,14.0,6.71,,,
Tbo 292_Enero 2021.pdf,292,Don Jacinto SA A Y G,01/01/2021,31/01/2021,25/01/2021,3.19,9.17,34.7,0.0,54.9,3.44,14.0,6.75,,,
Tbo 292_Enero 2021.pdf,292,Don Jacinto SA A Y G,01/01/2021,31/01/2021,26/01/2021,3.11,9.23,33.9,0.0,54.7,3.45,14.0,6.7,,,
Tbo 292_Enero 2021.pdf,292,Don Jacinto SA A Y G,01/01/2021,31/01/2021,27/01/2021,3.13,9.14,34.7,0.0,54.7,3.43,14.0,6.76,,,381.000 48.000
Tbo 292_Enero 2021.pdf,292,Don Jacinto SA A Y G,01/01/2021,31/01/2021,29/01/2021,3.07,9.25,35.2,0.0,55.5,3.47,14.0,6.75,,,
Tbo 292_Enero 2021.pdf,292,Don Jacinto SA A Y G,01/01/2021,31/01/2021,30/01/2021,3.11,9.24,35.1,0.0,55.4,3.46,14.0,6.72,,,
Tbo 292_Enero 2021.pdf,292,Don Jacinto SA A Y G,01/01/2021,31/01/2021,31/01/2021,2.91,9.33,34.5,0.0,55.5,3.49,14.0,6.75,,,
292 (39).pdf,292,Don Jacinto SA A Y G,01/02/2021,28/02/2021,01/02/2021,2.91,9.43,34.9,0.0,50.1,3.53,14.0,6.68,,,
292 (39).pdf,292,Don Jacinto SA A Y G,01/02/2021,28/02/2021,02/02/2021,3.86,9.2,34.2,0.0,54.7,3.45,14.0,6.66,,,
292 (39).pdf,292,Don Jacinto SA A Y G,01/02/2021,28/02/2021,03/02/2021,2.93,9.29,34.3,0.0,53.2,3.47,14.0,6.68,,,
292 (39).pdf,292,Don Jacinto SA A Y G,01/02/2021,28/02/2021,04/02/2021,2.84,9.32,34.0,0.0,55.4,3.48,14.0,6.7,,,320.000 34.000
292 (39).pdf,292,Don Jacinto SA A Y G,01/02/2021,28/02/2021,05/02/2021,2.91,9.26,35.3,0.0,55.6,3.47,14.0,6.78,,,
292 (39).pdf,292,Don Jacinto SA A Y G,01/02/2021,28/02/2021,06/02/2021,2.99,9.31,35.5,0.0,55.9,3.49,14.0,6.79,,,
292 (39).pdf,292,Don Jacinto SA A Y G,01/02/2021,28/02/2021,07/02/2021,2.98,9.22,35.1,0.0,55.3,3.45,14.0,6.69,,,
292 (39).pdf,292,Don Jacinto SA A Y G,01/02/2021,28/02/2021,08/02/2021,3.03,9.27,35.3,0.0,55.6,3.47,14.0,6.8,,,
292 (39).pdf,292,Don Jacinto SA A Y G,01/02/2021,28/02/2021,09/02/2021,2.94,9.32,35.5,0.0,56.0,3.49,14.0,6.79,,,
292 (39).pdf,292,Don Jacinto SA A Y G,01/02/2021,28/02/2021,10/02/2021,3.0,9.32,35.5,0.0,56.0,3.49,14.0,6.8,,,
292 (39).pdf,292,Don Jacinto SA A Y G,01/02/2021,28/02/2021,11/02/2021,3.03,9.27,35.3,0.0,55.6,3.47,14.0,6.76,,,552.000 88.000
292 (39).pdf,292,Don Jacinto SA A Y G,01/02/2021,28/02/2021,12/02/2021,3.42,9.28,33.8,0.0,54.9,3.47,14.0,6.66,,,
292 (39).pdf,292,Don Jacinto SA A Y G,01/02/2021,28/02/2021,13/02/2021,3.2,9.28,35.2,0.0,55.6,3.48,14.0,6.78,,,
292 (39).pdf,292,Don Jacinto SA A Y G,01/02/2021,28/02/2021,14/02/2021,3.39,9.31,35.1,0.0,55.4,3.49,14.0,6.69,,,
292 (39).pdf,292,Don Jacinto SA A Y G,01/02/2021,28/02/2021,15/02/2021,3.89,9.18,34.1,0.0,54.6,3.45,14.0,6.69,,,
292 (39).pdf,292,Don Jacinto SA A Y G,01/02/2021,28/02/2021,16/02/2021,3.45,9.23,34.7,0.0,55.2,3.46,14.0,6.78,,,
292 (39).pdf,292,Don Jacinto SA A Y G,01/02/2021,28/02/2021,17/02/2021,3.69,9.21,33.3,0.0,54.5,3.45,14.0,6.72,,,644.000 19.000
292 (39).pdf,292,Don Jacinto SA A Y G,01/02/2021,28/02/2021,19/02/2021,3.93,9.11,32.8,0.0,54.2,3.42,14.0,6.68,,,
292 (39).pdf,292,Don Jacinto SA A Y G,01/02/2021,28/02/2021,20/02/2021,3.28,8.6,32.3,0.48,51.2,3.23,14.0,6.8,,,
292 (39).pdf,292,Don Jacinto SA A Y G,01/02/2021,28/02/2021,21/02/2021,3.63,9.22,34.5,0.0,55.0,3.46,14.0,6.76,,,
292 (39).pdf,292,Don Jacinto SA A Y G,01/02/2021,28/02/2021,22/02/2021,3.72,9.51,35.6,0.0,56.8,3.57,14.0,6.77,,,
292 (39).pdf,292,Don Jacinto SA A Y G,01/02/2021,28/02/2021,23/02/2021,3.67,9.32,34.9,0.0,55.6,3.5,14.0,6.74,,,
292 (39).pdf,292,Don Jacinto SA A Y G,01/02/2021,28/02/2021,24/02/2021,3.65,9.24,34.6,0.0,55.1,3.47,14.0,6.76,,,
292 (39).pdf,292,Don Jacinto SA A Y G,01/02/2021,28/02/2021,25/02/2021,3.63,9.27,34.7,0.0,55.3,3.48,14.0,6.74,,,610.000 196.000
292 (39).pdf,292,Don Jacinto SA A Y G,01/02/2021,28/02/2021,26/02/2021,3.69,9.15,34.2,0.0,54.5,3.43,14.0,6.76,,,
292 (39).pdf,292,Don Jacinto SA A Y G,01/02/2021,28/02/2021,27/02/2021,3.8,9.37,35.0,0.0,55.9,3.52,14.0,6.76,,,
292 (39).pdf,292,Don Jacinto SA A Y G,01/02/2021,28/02/2021,28/02/2021,3.67,9.13,34.1,0.0,54.4,3.43,14.0,6.74,,,
292 (40).pdf,292,Don Jacinto SA A Y G,01/03/2021,31/03/2021,01/03/2021,3.68,8.99,34.1,0.0,54.4,3.43,14.0,6.8,,,
292 (40).pdf,292,Don Jacinto SA A Y G,01/03/2021,31/03/2021,02/03/2021,3.44,9.19,33.5,0.0,54.3,3.44,14.0,6.76,,,
292 (40).pdf,292,Don Jacinto SA A Y G,01/03/2021,31/03/2021,03/03/2021,3.8,8.99,33.5,0.0,53.8,3.38,14.0,6.77,,,
292 (40).pdf,292,Don Jacinto SA A Y G,01/03/2021,31/03/2021,04/03/2021,3.49,9.24,33.6,0.0,54.6,3.46,14.0,6.69,,,506.000 934.000
292 (40).pdf,292,Don Jacinto SA A Y G,01/03/2021,31/03/2021,05/03/2021,3.7,9.04,32.6,0.0,53.2,3.39,14.0,6.79,,,
292 (40).pdf,292,Don Jacinto SA A Y G,01/03/2021,31/03/2021,06/03/2021,3.59,9.12,34.2,0.0,54.4,3.42,14.0,6.76,,,
292 (40).pdf,292,Don Jacinto SA A Y G,01/03/2021,31/03/2021,07/03/2021,3.73,9.01,32.6,0.0,53.3,3.39,14.0,6.76,,,
292 (40).pdf,292,Don Jacinto SA A Y G,01/03/2021,31/03/2021,08/03/2021,3.28,9.19,33.6,0.0,54.4,3.44,14.0,6.66,,,
292 (40).pdf,292,Don Jacinto SA A Y G,01/03/2021,31/03/2021,10/03/2021,3.47,9.51,34.7,0.0,56.3,3.56,14.0,6.72,,,
292 (40).pdf,292,Don Jacinto SA A Y G,01/03/2021,31/03/2021,11/03/2021,3.58,9.24,34.7,0.0,55.2,3.47,14.0,6.74,,,567.000 96.000
292 (40).pdf,292,Don Jacinto SA A Y G,01/03/2021,31/03/2021,12/03/2021,3.45,9.11,34.2,0.0,54.4,3.42,14.0,6.75,,,
292 (40).pdf,292,Don Jacinto SA A Y G,01/03/2021,31/03/2021,13/03/2021,3.45,9.16,34.4,0.0,54.7,3.44,14.0,6.79,,,
292 (40).pdf,292,Don Jacinto SA A Y G,01/03/2021,31/03/2021,14/03/2021,3.66,9.03,33.7,0.0,53.8,3.39,14.0,6.66,,,
292 (40).pdf,292,Don Jacinto SA A Y G,01/03/2021,31/03/2021,15/03/2021,3.69,9.06,33.8,0.0,54.0,3.4,14.0,6.7,,,
292 (40).pdf,292,Don Jacinto SA A Y G,01/03/2021,31/03/2021,16/03/2021,3.52,9.1,34.1,0.0,54.3,3.39,14.0,6.77,,,
292 (40).pdf,292,Don Jacinto SA A Y G,01/03/2021,31/03/2021,17/03/2021,3.89,9.2,34.2,0.0,54.7,3.45,14.0,6.66,,,
292 (40).pdf,292,Don Jacinto SA A Y G,01/03/2021,31/03/2021,18/03/2021,3.74,9.19,32.2,0.0,54.2,3.44,14.0,6.67,,,526.000 50.000
292 (40).pdf,292,Don Jacinto SA A Y G,01/03/2021,31/03/2021,19/03/2021,3.78,9.0,33.0,0.0,53.0,3.37,14.0,6.77,,,
292 (40).pdf,292,Don Jacinto SA A Y G,01/03/2021,31/03/2021,19/03/2021,3.6,8.79,31.9,0.0,52.1,3.31,14.0,6.79,,,
292 (40).pdf,292,Don Jacinto SA A Y G,01/03/2021,31/03/2021,20/03/2021,3.87,9.38,36.3,0.0,56.0,3.31,14.0,6.68,,,
292 (40).pdf,292,Don Jacinto SA A Y G,01/03/2021,31/03/2021,21/03/2021,3.28,9.22,33.7,0.0,54.6,3.45,14.0,6.75,,,
292 (40).pdf,292,Don Jacinto SA A Y G,01/03/2021,31/03/2021,22/03/2021,3.49,9.21,34.6,0.0,55.0,3.45,14.0,6.74,,,
292 (40).pdf,292,Don Jacinto SA A Y G,01/03/2021,31/03/2021,23/03/2021,3.54,9.12,34.2,0.0,54.4,3.42,14.0,6.76,,,
292 (40).pdf,292,Don Jacinto SA A Y G,01/03/2021,31/03/2021,24/03/2021,3.49,9.11,34.2,0.0,54.4,3.42,14.0,6.73,,,
292 (40).pdf,292,Don Jacinto SA A Y G,01/03/2021,31/03/2021,25/03/2021,3.56,9.31,35.0,0.0,55.6,3.49,14.0,6.76,,,563.000 92.000
292 (40).pdf,292,Don Jacinto SA A Y G,01/03/2021,31/03/2021,26/03/2021,3.46,9.13,34.3,0.0,54.5,3.42,14.0,6.73,,,
292 (40).pdf,292,Don Jacinto SA A Y G,01/03/2021,31/03/2021,27/03/2021,3.66,9.25,34.6,0.0,55.2,3.47,14.0,6.75,,,
292 (40).pdf,292,Don Jacinto SA A Y G,01/03/2021,31/03/2021,28/03/2021,3.76,9.2,34.3,0.0,54.8,3.45,14.0,6.77,,,
292 (40).pdf,292,Don Jacinto SA A Y G,01/03/2021,31/03/2021,29/03/2021,3.71,9.12,34.0,0.0,54.3,3.42,14.0,6.69,,,
292 (40).pdf,292,Don Jacinto SA A Y G,01/03/2021,31/03/2021,30/03/2021,3.72,9.12,34.0,0.0,54.3,3.42,14.0,6.79,,,
292 (40).pdf,292,Don Jacinto SA A Y G,01/03/2021,31/03/2021,31/03/2021,3.65,9.22,34.5,0.0,55.0,3.46,14.0,6.76,,,
292 (41).pdf,292,Don Jacinto SA A Y G,01/04/2021,30/04/2021,01/04/2021,3.46,9.15,33.3,0.0,54.0,3.43,14.0,6.77,,,
292 (41).pdf,292,Don Jacinto SA A Y G,01/04/2021,30/04/2021,02/04/2021,3.68,9.19,34.4,0.0,54.8,3.45,14.0,6.77,,,542.000 37.000
292 (41).pdf,292,Don Jacinto SA A Y G,01/04/2021,30/04/2021,03/04/2021,3.67,9.18,34.5,0.0,54.7,3.45,14.0,6.69,,,
292 (41).pdf,292,Don Jacinto SA A Y G,01/04/2021,30/04/2021,04/04/2021,3.75,9.1,33.9,0.0,54.2,3.42,14.0,6.78,,,
292 (41).pdf,292,Don Jacinto SA A Y G,01/04/2021,30/04/2021,05/04/2021,5.2,8.73,30.0,1.29,50.7,3.29,14.0,6.8,,,
292 (41).pdf,292,Don Jacinto SA A Y G,01/04/2021,30/04/2021,06/04/2021,2.33,6.43,24.5,27.0,36.4,2.42,14.0,6.76,,,
292 (41).pdf,292,Don Jacinto SA A Y G,01/04/2021,30/04/2021,07/04/2021,3.94,8.99,32.2,0.0,52.8,3.37,14.0,6.76,,,
292 (41).pdf,292,Don Jacinto SA A Y G,01/04/2021,30/04/2021,08/04/2021,3.49,9.14,33.2,0.0,54.0,3.42,14.0,6.81,,,
292 (41).pdf,292,Don Jacinto SA A Y G,01/04/2021,30/04/2021,09/04/2021,3.73,8.98,33.5,0.0,53.4,3.37,14.0,6.81,,,296.000 32.000
292 (41).pdf,292,Don Jacinto SA A Y G,01/04/2021,30/04/2021,10/04/2021,3.51,9.25,33.6,0.0,54.6,3.46,14.0,6.69,,,
292 (41).pdf,292,Don Jacinto SA A Y G,01/04/2021,30/04/2021,11/04/2021,3.8,9.15,34.1,0.0,54.5,3.44,14.0,6.66,,,
292 (41).pdf,292,Don Jacinto SA A Y G,01/04/2021,30/04/2021,12/04/2021,4.05,8.96,33.4,0.0,52.0,3.29,14.0,6.68,,,
292 (41).pdf,292,Don Jacinto SA A Y G,01/04/2021,30/04/2021,13/04/2021,3.66,9.32,33.8,0.0,55.0,3.49,14.0,6.76,,,
292 (41).pdf,292,Don Jacinto SA A Y G,01/04/2021,30/04/2021,14/04/2021,3.59,9.23,33.0,0.0,54.4,3.46,14.0,6.72,,,
292 (41).pdf,292,Don Jacinto SA A Y G,01/04/2021,30/04/2021,15/04/2021,3.79,8.99,33.5,0.0,53.5,3.38,14.0,6.79,,,
292 (41).pdf,292,Don Jacinto SA A Y G,01/04/2021,30/04/2021,16/04/2021,3.49,8.54,29.4,0.0,49.5,3.22,14.0,6.7,,,331.000 23.000
292 (41).pdf,292,Don Jacinto SA A Y G,01/04/2021,30/04/2021,17/04/2021,4.38,8.81,32.4,0.0,52.4,3.33,14.0,6.78,,,
292 (41).pdf,292,Don Jacinto SA A Y G,01/04/2021,30/04/2021,18/04/2021,3.61,9.2,33.4,0.0,54.3,3.45,14.0,6.78,,,
292 (41).pdf,292,Don Jacinto SA A Y G,01/04/2021,30/04/2021,19/04/2021,3.69,9.06,33.8,0.0,54.0,3.4,14.0,6.77,,,
292 (41).pdf,292,Don Jacinto SA A Y G,01/04/2021,30/04/2021,20/04/2021,3.73,9.13,34.1,0.0,54.4,3.43,14.0,6.74,,,
292 (41).pdf,292,Don Jacinto SA A Y G,01/04/2021,30/04/2021,21/04/2021,3.71,9.13,34.1,0.0,54.4,3.43,14.0,6.72,,,
292 (41).pdf,292,Don Jacinto SA A Y G,01/04/2021,30/04/2021,22/04/2021,3.8,9.04,33.7,0.0,53.8,3.39,14.0,6.77,,,434.000 36.000
292 (41).pdf,292,Don Jacinto SA A Y G,01/04/2021,30/04/2021,23/04/2021,3.79,9.05,33.7,0.0,53.9,3.4,14.0,6.78,,,
292 (41).pdf,292,Don Jacinto SA A Y G,01/04/2021,30/04/2021,24/04/2021,3.68,9.08,33.9,0.0,54.1,3.41,14.0,6.73,,,
292 (41).pdf,292,Don Jacinto SA A Y G,01/04/2021,30/04/2021,25/04/2021,3.88,9.33,34.7,0.0,55.5,3.5,14.0,6.77,,,
292 (41).pdf,292,Don Jacinto SA A Y G,01/04/2021,30/04/2021,26/04/2021,3.65,9.19,34.4,0.0,54.8,3.45,14.0,6.77,,,
292 (41).pdf,292,Don Jacinto SA A Y G,01/04/2021,30/04/2021,27/04/2021,4.0,9.11,33.7,0.0,54.1,3.45,14.0,6.69,,,
292 (41).pdf,292,Don Jacinto SA A Y G,01/04/2021,30/04/2021,28/04/2021,3.63,9.18,34.4,0.0,54.7,3.44,14.0,6.79,,,
292 (41).pdf,292,Don Jacinto SA A Y G,01/04/2021,30/04/2021,29/04/2021,3.77,9.72,34.0,0.0,54.3,3.42,14.0,6.69,,,192.000 10.000
292 (41).pdf,292,Don Jacinto SA A Y G,01/04/2021,30/04/2021,30/04/2021,3.63,9.26,34.7,0.0,55.3,3.47,14.0,6.79,,,
Tbo 292_Mayo 2021 (1).pdf,292,Don Jacinto SA A Y G,01/05/2021,31/05/2021,01/05/2021,3.51,9.52,34.0,0.0,5.1,3.46,14.0,6.69,,,
Tbo 292_Mayo 2021 (1).pdf,292,Don Jacinto SA A Y G,01/05/2021,31/05/2021,02/05/2021,3.55,9.4,35.3,0.0,56.2,3.53,14.0,6.79,,,
Tbo 292_Mayo 2021 (1).pdf,292,Don Jacinto SA A Y G,01/05/2021,31/05/2021,03/05/2021,3.59,9.36,35.1,0.0,55.9,3.51,14.0,6.78,,,
Tbo 292_Mayo 2021 (1).pdf,292,Don Jacinto SA A Y G,01/05/2021,31/05/2021,04/05/2021,3.46,9.19,34.5,0.0,54.9,3.45,14.0,6.8,,,
Tbo 292_Mayo 2021 (1).pdf,292,Don Jacinto SA A Y G,01/05/2021,31/05/2021,05/05/2021,3.59,9.18,34.4,0.0,54.8,3.44,14.0,6.8,,,
Tbo 292_Mayo 2021 (1).pdf,292,Don Jacinto SA A Y G,01/05/2021,31/05/2021,06/05/2021,3.53,9.16,34.4,0.0,54.7,3.44,14.0,6.81,,,519.000 32.000
Tbo 292_Mayo 2021 (1).pdf,292,Don Jacinto SA A Y G,01/05/2021,31/05/2021,07/05/2021,3.45,9.18,34.5,0.0,54.8,3.44,14.0,6.78,,,
Tbo 292_Mayo 2021 (1).pdf,292,Don Jacinto SA A Y G,01/05/2021,31/05/2021,08/05/2021,3.45,9.15,34.4,0.0,54.7,3.43,14.0,6.8,,,
Tbo 292_Mayo 2021 (1).pdf,292,Don Jacinto SA A Y G,01/05/2021,31/05/2021,09/05/2021,3.52,9.29,34.5,0.0,54.9,3.45,14.0,6.66,,,
Tbo 292_Mayo 2021 (1).pdf,292,Don Jacinto SA A Y G,01/05/2021,31/05/2021,11/05/2021,3.6,9.13,34.2,0.0,54.5,3.43,14.0,6.77,,,
Tbo 292_Mayo 2021 (1).pdf,292,Don Jacinto SA A Y G,01/05/2021,31/05/2021,12/05/2021,3.56,9.16,34.3,0.0,54.7,3.44,14.0,6.77,,,
Tbo 292_Mayo 2021 (1).pdf,292,Don Jacinto SA A Y G,01/05/2021,31/05/2021,13/05/2021,3.62,9.1,34.0,0.0,54.0,3.42,14.0,6.69,,,513.000 30.000
Tbo 292_Mayo 2021 (1).pdf,292,Don Jacinto SA A Y G,01/05/2021,31/05/2021,14/05/2021,3.8,9.0,32.7,0.0,53.9,3.42,14.0,6.79,,,
Tbo 292_Mayo 2021 (1).pdf,292,Don Jacinto SA A Y G,01/05/2021,31/05/2021,15/05/2021,3.5,9.05,33.9,0.0,54.0,3.4,14.0,6.68,,,
Tbo 292_Mayo 2021 (1).pdf,292,Don Jacinto SA A Y G,01/05/2021,31/05/2021,16/05/2021,3.54,9.17,34.4,0.0,54.7,3.44,14.0,6.75,,,
Tbo 292_Mayo 2021 (1).pdf,292,Don Jacinto SA A Y G,01/05/2021,31/05/2021,17/05/2021,3.48,9.06,34.0,0.0,54.1,3.4,14.0,6.76,,,
Tbo 292_Mayo 2021 (1).pdf,292,Don Jacinto SA A Y G,01/05/2021,31/05/2021,18/05/2021,3.51,9.07,34.0,0.0,54.1,3.4,14.0,6.76,,,
Tbo 292_Mayo 2021 (1).pdf,292,Don Jacinto SA A Y G,01/05/2021,31/05/2021,19/05/2021,3.45,8.99,33.8,0.0,53.6,3.37,14.0,6.81,,,
Tbo 292_Mayo 2021 (1).pdf,292,Don Jacinto SA A Y G,01/05/2021,31/05/2021,20/05/2021,3.46,8.99,33.8,0.0,53.6,3.37,14.0,6.76,,,
Tbo 292_Mayo 2021 (1).pdf,292,Don Jacinto SA A Y G,01/05/2021,31/05/2021,21/05/2021,3.47,9.05,34.0,0.0,54.0,3.4,14.0,6.79,,,440.000 25.000
Tbo 292_Mayo 2021 (1).pdf,292,Don Jacinto SA A Y G,01/05/2021,31/05/2021,22/05/2021,3.51,9.08,34.1,0.0,54.2,3.41,14.0,6.74,,,
Tbo 292_Mayo 2021 (1).pdf,292,Don Jacinto SA A Y G,01/05/2021,31/05/2021,24/05/2021,3.49,8.73,33.8,0.0,51.6,3.29,14.0,6.69,,,
Tbo 292_Mayo 2021 (1).pdf,292,Don Jacinto SA A Y G,01/05/2021,31/05/2021,25/05/2021,3.53,9.03,33.9,0.0,53.9,3.39,14.0,6.76,,,
Tbo 292_Mayo 2021 (1).pdf,292,Don Jacinto SA A Y G,01/05/2021,31/05/2021,26/05/2021,3.53,9.22,34.6,0.0,55.1,3.46,14.0,6.65,,,
Tbo 292_Mayo 2021 (1).pdf,292,Don Jacinto SA A Y G,01/05/2021,31/05/2021,27/05/2021,3.45,9.05,34.0,0.0,54.0,3.39,14.0,6.79,,,595.000 14.000
Tbo 292_Mayo 2021 (1).pdf,292,Don Jacinto SA A Y G,01/05/2021,31/05/2021,28/05/2021,3.35,9.07,34.2,0.0,54.2,3.4,14.0,6.76,,,
Tbo 292_Mayo 2021 (1).pdf,292,Don Jacinto SA A Y G,01/05/2021,31/05/2021,29/05/2021,3.44,9.19,34.6,0.0,54.9,3.45,14.0,6.77,,,
Tbo 292_Mayo 2021 (1).pdf,292,Don Jacinto SA A Y G,01/05/2021,31/05/2021,30/05/2021,3.39,9.11,33.2,0.0,54.4,3.45,14.0,6.78,,,
Tbo 292_Mayo 2021 (1).pdf,292,Don Jacinto SA A Y G,01/05/2021,31/05/2021,31/05/2021,3.47,9.13,34.3,0.0,54.5,3.42,14.0,6.78,,,
Tbo 292_Resumen Junio 2021 (1).pdf,292,Don Jacinto SA A Y G,01/06/2021,30/06/2021,01/06/2021,3.38,9.16,34.5,0.0,54.7,3.43,14.0,6.77,,,
Tbo 292_Resumen Junio 2021 (1).pdf,292,Don Jacinto SA A Y G,01/06/2021,30/06/2021,02/06/2021,3.44,9.02,33.9,0.0,53.8,3.38,14.0,6.82,,,
Tbo 292_Resumen Junio 2021 (1).pdf,292,Don Jacinto SA A Y G,01/06/2021,30/06/2021,03/06/2021,3.42,9.08,34.2,0.0,54.2,3.41,14.0,6.79,,,
Tbo 292_Resumen Junio 2021 (1).pdf,292,Don Jacinto SA A Y G,01/06/2021,30/06/2021,04/06/2021,3.36,8.97,33.8,0.0,53.5,3.36,14.0,6.82,,,706.000 11.000
Tbo 292_Resumen Junio 2021 (1).pdf,292,Don Jacinto SA A Y G,01/06/2021,30/06/2021,05/06/2021,3.27,8.97,33.8,0.0,53.6,3.36,14.0,6.78,,,
Tbo 292_Resumen Junio 2021 (1).pdf,292,Don Jacinto SA A Y G,01/06/2021,30/06/2021,06/06/2021,3.27,9.16,34.6,0.0,54.6,3.46,14.0,6.68,,,
Tbo 292_Resumen Junio 2021 (1).pdf,292,Don Jacinto SA A Y G,01/06/2021,30/06/2021,07/06/2021,3.3,9.11,34.4,0.0,54.5,3.42,14.0,6.81,,,
Tbo 292_Resumen Junio 2021 (1).pdf,292,Don Jacinto SA A Y G,01/06/2021,30/06/2021,08/06/2021,3.25,9.08,34.3,0.0,54.36,3.4,14.0,6.66,,,
Tbo 292_Resumen Junio 2021 (1).pdf,292,Don Jacinto SA A Y G,01/06/2021,30/06/2021,09/06/2021,3.23,8.99,34.3,0.0,54.2,3.39,14.0,6.82,,,
Tbo 292_Resumen Junio 2021 (1).pdf,292,Don Jacinto SA A Y G,01/06/2021,30/06/2021,10/06/2021,3.41,8.98,33.8,0.0,53.6,3.37,14.0,6.77,,,517.000 15.000
Tbo 292_Resumen Junio 2021 (1).pdf,292,Don Jacinto SA A Y G,01/06/2021,30/06/2021,11/06/2021,3.29,9.07,34.2,0.0,54.2,3.4,14.0,6.82,,,
Tbo 292_Resumen Junio 2021 (1).pdf,292,Don Jacinto SA A Y G,01/06/2021,30/06/2021,12/06/2021,3.14,8.89,34.5,0.0,53.1,3.37,14.0,6.79,,,
Tbo 292_Resumen Junio 2021 (1).pdf,292,Don Jacinto SA A Y G,01/06/2021,30/06/2021,13/06/2021,3.19,9.08,34.3,0.0,54.3,3.4,14.0,6.79,,,
Tbo 292_Resumen Junio 2021 (1).pdf,292,Don Jacinto SA A Y G,01/06/2021,30/06/2021,14/06/2021,3.28,9.2,34.8,0.0,53.1,3.45,14.0,6.66,,,
Tbo 292_Resumen Junio 2021 (1).pdf,292,Don Jacinto SA A Y G,01/06/2021,30/06/2021,15/06/2021,3.36,9.15,34.5,0.0,54.7,3.43,14.0,6.78,,,
Tbo 292_Resumen Junio 2021 (1).pdf,292,Don Jacinto SA A Y G,01/06/2021,30/06/2021,16/06/2021,3.36,9.19,34.6,0.0,54.9,3.45,14.0,6.79,,,
Tbo 292_Resumen Junio 2021 (1).pdf,292,Don Jacinto SA A Y G,01/06/2021,30/06/2021,17/06/2021,3.14,9.11,34.5,0.0,54.5,3.41,14.0,6.78,,,362.000 15.000
Tbo 292_Resumen Junio 2021 (1).pdf,292,Don Jacinto SA A Y G,01/06/2021,30/06/2021,18/06/2021,3.29,8.99,33.9,0.0,53.7,3.37,14.0,6.79,,,
Tbo 292_Resumen Junio 2021 (1).pdf,292,Don Jacinto SA A Y G,01/06/2021,30/06/2021,19/06/2021,3.1,8.78,33.2,0.0,52.4,3.29,14.0,6.7,,,
Tbo 292_Resumen Junio 2021 (1).pdf,292,Don Jacinto SA A Y G,01/06/2021,30/06/2021,20/06/2021,3.23,9.03,34.1,0.0,54.0,3.39,14.0,6.7,,,
Tbo 292_Resumen Junio 2021 (1).pdf,292,Don Jacinto SA A Y G,01/06/2021,30/06/2021,21/06/2021,3.29,9.08,34.3,0.0,54.3,3.4,14.0,6.69,,,
Tbo 292_Resumen Junio 2021 (1).pdf,292,Don Jacinto SA A Y G,01/06/2021,30/06/2021,22/06/2021,3.23,8.99,34.0,0.0,53.8,3.38,14.0,6.77,,,
Tbo 292_Resumen Junio 2021 (1).pdf,292,Don Jacinto SA A Y G,01/06/2021,30/06/2021,23/06/2021,3.32,9.05,34.2,0.0,54.1,3.39,14.0,6.72,,,
Tbo 292_Resumen Junio 2021 (1).pdf,292,Don Jacinto SA A Y G,01/06/2021,30/06/2021,24/06/2021,3.2,9.2,34.8,0.0,55.1,3.45,14.0,6.8,,,485.000 24.000
Tbo 292_Resumen Junio 2021 (1).pdf,292,Don Jacinto SA A Y G,01/06/2021,30/06/2021,25/06/2021,3.21,9.11,34.5,0.0,54.5,3.41,14.0,6.67,,,
Tbo 292_Resumen Junio 2021 (1).pdf,292,Don Jacinto SA A Y G,01/06/2021,30/06/2021,26/06/2021,2.99,8.84,34.5,0.0,52.8,3.35,14.0,6.82,,,
Tbo 292_Resumen Junio 2021 (1).pdf,292,Don Jacinto SA A Y G,01/06/2021,30/06/2021,27/06/2021,3.43,8.99,34.5,0.0,54.8,3.44,14.0,6.82,,,
Tbo 292_Resumen Junio 2021 (1).pdf,292,Don Jacinto SA A Y G,01/06/2021,30/06/2021,28/06/2021,3.04,8.91,34.7,0.0,53.2,3.37,14.0,6.81,,,
Tbo 292_Resumen Junio 2021 (1).pdf,292,Don Jacinto SA A Y G,01/06/2021,30/06/2021,29/06/2021,3.5,9.3,35.0,0.0,55.6,3.49,14.0,6.77,,,
Tbo 292_Resumen Junio 2021 (1).pdf,292,Don Jacinto SA A Y G,01/06/2021,30/06/2021,29/06/2021,,,,,,,14.0,6.77,,,
Tbo 292_Resumen Junio 2021 (1).pdf,292,Don Jacinto SA A Y G,01/06/2021,30/06/2021,30/06/2021,3.87,8.92,33.1,0.0,53.0,3.35,14.0,6.78,,,
292 (1).pdf,292,Don Jacinto SA A Y G,01/07/2021,31/07/2021,01/07/2021,3.36,9.12,34.4,0.0,54.5,3.42,14.0,6.79,,,
292 (1).pdf,292,Don Jacinto SA A Y G,01/07/2021,31/07/2021,02/07/2021,3.53,9.13,34.2,0.0,54.5,3.43,14.0,6.81,,,2.084.000 38.000
292 (1).pdf,292,Don Jacinto SA A Y G,01/07/2021,31/07/2021,03/07/2021,3.11,8.93,34.7,0.0,53.4,3.38,14.0,6.8,,,
292 (1).pdf,292,Don Jacinto SA A Y G,01/07/2021,31/07/2021,04/07/2021,,,,,,,14.0,6.74,,,
292 (1).pdf,292,Don Jacinto SA A Y G,01/07/2021,31/07/2021,05/07/2021,,,,,,,14.0,6.79,,,
292 (1).pdf,292,Don Jacinto SA A Y G,01/07/2021,31/07/2021,05/07/2021,3.07,8.89,34.6,0.0,53.4,3.37,14.0,6.8,,,
292 (1).pdf,292,Don Jacinto SA A Y G,01/07/2021,31/07/2021,06/07/2021,3.01,9.06,34.4,0.0,54.3,3.39,14.0,6.8,,,
292 (1).pdf,292,Don Jacinto SA A Y G,01/07/2021,31/07/2021,07/07/2021,3.09,8.83,34.3,0.0,52.7,3.34,14.0,6.79,,,
292 (1).pdf,292,Don Jacinto SA A Y G,01/07/2021,31/07/2021,08/07/2021,2.85,9.15,34.9,0.0,54.9,3.43,14.0,6.66,,,
292 (1).pdf,292,Don Jacinto SA A Y G,01/07/2021,31/07/2021,09/07/2021,3.04,8.72,34.0,0.0,52.3,3.32,14.0,6.69,,,449.000 13.000
292 (1).pdf,292,Don Jacinto SA A Y G,01/07/2021,31/07/2021,10/07/2021,3.04,8.63,33.6,0.0,51.4,3.27,14.0,6.69,,,
292 (1).pdf,292,Don Jacinto SA A Y G,01/07/2021,31/07/2021,11/07/2021,3.13,8.87,34.5,0.0,53.0,3.36,14.0,6.68,,,
292 (1).pdf,292,Don Jacinto SA A Y G,01/07/2021,31/07/2021,11/07/2021,,6.69,,,,,,,,,
292 (1).pdf,292,Don Jacinto SA A Y G,01/07/2021,31/07/2021,12/07/2021,3.48,9.12,34.2,0.0,54.4,3.42,14.0,6.79,,,
292 (1).pdf,292,Don Jacinto SA A Y G,01/07/2021,31/07/2021,13/07/2021,,6.81,,,,,,,,,
292 (1).pdf,292,Don Jacinto SA A Y G,01/07/2021,31/07/2021,13/07/2021,3.22,8.85,34.3,0.0,52.8,3.35,14.0,6.81,,,
292 (1).pdf,292,Don Jacinto SA A Y G,01/07/2021,31/07/2021,14/07/2021,3.33,9.19,34.7,0.0,55.0,3.45,14.0,6.77,,,
292 (1).pdf,292,Don Jacinto SA A Y G,01/07/2021,31/07/2021,15/07/2021,3.15,8.8,34.2,0.0,52.5,3.33,14.0,6.78,,,662.000 7.000
292 (1).pdf,292,Don Jacinto SA A Y G,01/07/2021,31/07/2021,16/07/2021,3.08,8.71,33.9,0.0,51.9,3.3,14.0,6.82,,,
292 (1).pdf,292,Don Jacinto SA A Y G,01/07/2021,31/07/2021,17/07/2021,3.23,9.15,34.6,0.0,54.7,3.43,14.0,6.79,,,
292 (1).pdf,292,Don Jacinto SA A Y G,01/07/2021,31/07/2021,18/07/2021,3.16,8.78,34.1,0.0,52.4,3.33,14.0,6.69,,,
292 (1).pdf,292,Don Jacinto SA A Y G,01/07/2021,31/07/2021,19/07/2021,3.39,9.16,34.6,0.0,54.9,3.45,14.0,6.66,,,
292 (1).pdf,292,Don Jacinto SA A Y G,01/07/2021,31/07/2021,20/07/2021,3.29,9.07,34.2,0.0,54.2,3.4,14.0,6.8,,,
292 (1).pdf,292,Don Jacinto SA A Y G,01/07/2021,31/07/2021,21/07/2021,2.89,8.64,33.5,0.0,51.5,3.27,14.0,6.69,,,
292 (1).pdf,292,Don Jacinto SA A Y G,01/07/2021,31/07/2021,22/07/2021,3.21,9.17,34.7,0.0,54.9,3.44,14.0,6.8,,,412.000 14.000
292 (1).pdf,292,Don Jacinto SA A Y G,01/07/2021,31/07/2021,23/07/2021,2.94,8.68,34.6,0.0,52.9,3.36,14.0,6.72,,,
292 (1).pdf,292,Don Jacinto SA A Y G,01/07/2021,31/07/2021,24/07/2021,2.67,8.74,34.0,0.0,52.2,3.31,14.0,6.68,,,
292 (1).pdf,292,Don Jacinto SA A Y G,01/07/2021,31/07/2021,25/07/2021,3.0,8.79,33.9,0.0,52.1,3.33,14.0,6.78,,,
292 (1).pdf,292,Don Jacinto SA A Y G,01/07/2021,31/07/2021,26/07/2021,2.86,8.71,34.0,0.0,52.0,3.3,14.0,6.72,,,
292 (1).pdf,292,Don Jacinto SA A Y G,01/07/2021,31/07/2021,27/07/2021,2.97,8.83,34.3,0.0,52.7,3.34,14.0,6.69,,,
292 (1).pdf,292,Don Jacinto SA A Y G,01/07/2021,31/07/2021,28/07/2021,3.14,9.24,35.0,0.0,55.4,3.46,14.0,6.75,,,
292 (1).pdf,292,Don Jacinto SA A Y G,01/07/2021,31/07/2021,29/07/2021,2.85,8.82,34.5,0.0,52.7,3.34,14.0,6.76,,,602.000 22.000
292 (1).pdf,292,Don Jacinto SA A Y G,01/07/2021,31/07/2021,30/07/2021,3.16,9.27,35.2,0.0,55.6,3.47,14.0,6.79,,,
292 (1).pdf,292,Don Jacinto SA A Y G,01/07/2021,31/07/2021,31/07/2021,3.2,9.28,35.2,0.0,55.6,3.48,14.0,6.79,,,
Tbo 292_Agosto 2021 (1).pdf,292,Don Jacinto SA A Y G,01/08/2021,31/08/2021,01/08/2021,2.91,8.87,34.6,0.0,53.0,3.36,14.0,6.77,,,
Tbo 292_Agosto 2021 (1).pdf,292,Don Jacinto SA A Y G,01/08/2021,31/08/2021,02/08/2021,3.13,9.35,35.5,0.0,56.1,3.5,14.0,6.8,,,
Tbo 292_Agosto 2021 (1).pdf,292,Don Jacinto SA A Y G,01/08/2021,31/08/2021,03/08/2021,2.91,8.84,34.5,0.0,52.8,3.35,14.0,6.76,,,
Tbo 292_Agosto 2021 (1).pdf,292,Don Jacinto SA A Y G,01/08/2021,31/08/2021,04/08/2021,3.27,9.12,34.4,0.0,54.5,3.42,14.0,6.66,,,
Tbo 292_Agosto 2021 (1).pdf,292,Don Jacinto SA A Y G,01/08/2021,31/08/2021,05/08/2021,3.6,9.16,34.3,0.0,54.6,3.44,14.0,6.7,641000.0,19000.0,
Tbo 292_Agosto 2021 (1).pdf,292,Don Jacinto SA A Y G,01/08/2021,31/08/2021,06/08/2021,3.18,9.35,35.5,0.0,56.1,3.55,14.0,6.69,,,
Tbo 292_Agosto 2021 (1).pdf,292,Don Jacinto SA A Y G,01/08/2021,31/08/2021,07/08/2021,3.13,9.3,35.3,0.0,55.8,3.48,14.0,6.75,,,
Tbo 292_Agosto 2021 (1).pdf,292,Don Jacinto SA A Y G,01/08/2021,31/08/2021,08/08/2021,3.17,9.29,35.2,0.0,55.7,3.48,14.0,6.77,,,
Tbo 292_Agosto 2021 (1).pdf,292,Don Jacinto SA A Y G,01/08/2021,31/08/2021,09/08/2021,3.39,9.3,35.1,0.0,55.6,3.49,14.0,6.76,,,
Tbo 292_Agosto 2021 (1).pdf,292,Don Jacinto SA A Y G,01/08/2021,31/08/2021,10/08/2021,3.82,8.86,34.5,0.0,52.9,3.36,14.0,6.81,,,
Tbo 292_Agosto 2021 (1).pdf,292,Don Jacinto SA A Y G,01/08/2021,31/08/2021,11/08/2021,3.05,8.9,34.6,0.0,53.2,3.37,14.0,6.81,,,
Tbo 292_Agosto 2021 (1).pdf,292,Don Jacinto SA A Y G,01/08/2021,31/08/2021,12/08/2021,3.2,9.3,35.2,0.0,55.7,3.48,14.0,6.75,,,
Tbo 292_Agosto 2021 (1).pdf,292,Don Jacinto SA A Y G,01/08/2021,31/08/2021,13/08/2021,3.34,9.3,35.1,0.0,55.7,3.49,14.0,6.76,393000.0,12000.0,
Tbo 292_Agosto 2021 (1).pdf,292,Don Jacinto SA A Y G,01/08/2021,31/08/2021,14/08/2021,3.15,8.73,33.9,0.0,52.0,3.31,14.0,6.69,,,
Tbo 292_Agosto 2021 (1).pdf,292,Don Jacinto SA A Y G,01/08/2021,31/08/2021,15/08/2021,3.43,8.8,33.9,0.0,54.4,3.34,14.0,6.68,,,
Tbo 292_Agosto 2021 (1).pdf,292,Don Jacinto SA A Y G,01/08/2021,31/08/2021,16/08/2021,3.31,9.21,34.8,0.0,55.1,3.45,14.0,6.68,,,
Tbo 292_Agosto 2021 (1).pdf,292,Don Jacinto SA A Y G,01/08/2021,31/08/2021,17/08/2021,3.12,8.76,34.0,0.0,52.2,3.32,14.0,6.77,,,
Tbo 292_Agosto 2021 (1).pdf,292,Don Jacinto SA A Y G,01/08/2021,31/08/2021,17/08/2021,3.34,8.95,34.6,0.0,53.4,3.39,14.0,6.8,,,
Tbo 292_Agosto 2021 (1).pdf,292,Don Jacinto SA A Y G,01/08/2021,31/08/2021,18/08/2021,3.1,8.82,34.5,0.0,52.6,3.34,14.0,6.68,,,
Tbo 292_Agosto 2021 (1).pdf,292,Don Jacinto SA A Y G,01/08/2021,31/08/2021,19/08/2021,3.0,8.73,34.0,0.0,52.1,3.31,14.0,6.8,604000.0,25000.0,
Tbo 292_Agosto 2021 (1).pdf,292,Don Jacinto SA A Y G,01/08/2021,31/08/2021,20/08/2021,3.18,9.11,35.3,0.0,55.8,3.49,14.0,6.66,,,
Tbo 292_Agosto 2021 (1).pdf,292,Don Jacinto SA A Y G,01/08/2021,31/08/2021,20/08/2021,3.9,8.78,34.3,0.0,52.4,3.32,14.0,6.66,,,
Tbo 292_Agosto 2021 (1).pdf,292,Don Jacinto SA A Y G,01/08/2021,31/08/2021,21/08/2021,3.0,8.79,34.4,0.0,52.5,3.33,14.0,6.8,,,
Tbo 292_Agosto 2021 (1).pdf,292,Don Jacinto SA A Y G,01/08/2021,31/08/2021,22/08/2021,3.15,9.3,35.3,0.0,55.8,3.48,14.0,6.77,,,
Tbo 292_Agosto 2021 (1).pdf,292,Don Jacinto SA A Y G,01/08/2021,31/08/2021,23/08/2021,3.76,8.99,33.5,0.0,53.5,3.38,14.0,6.74,,,
Tbo 292_Agosto 2021 (1).pdf,292,Don Jacinto SA A Y G,01/08/2021,31/08/2021,24/08/2021,3.1,9.14,34.7,0.0,54.7,3.42,14.0,6.77,,,
Tbo 292_Agosto 2021 (1).pdf,292,Don Jacinto SA A Y G,01/08/2021,31/08/2021,24/08/2021,2.78,8.73,34.2,0.0,52.1,3.31,14.0,6.77,,,
Tbo 292_Agosto 2021 (1).pdf,292,Don Jacinto SA A Y G,01/08/2021,31/08/2021,25/08/2021,3.09,9.27,35.2,0.0,55.6,3.47,14.0,6.73,,,
Tbo 292_Agosto 2021 (1).pdf,292,Don Jacinto SA A Y G,01/08/2021,31/08/2021,25/08/2021,2.87,8.78,34.3,0.0,52.4,3.32,14.0,6.74,,,
Tbo 292_Agosto 2021 (1).pdf,292,Don Jacinto SA A Y G,01/08/2021,31/08/2021,25/08/2021,3.46,9.26,34.6,0.0,55.0,3.45,14.0,6.77,,,
Tbo 292_Agosto 2021 (1).pdf,292,Don Jacinto SA A Y G,01/08/2021,31/08/2021,26/08/2021,2.95,8.8,34.3,0.0,52.0,3.33,14.0,6.76,590000.0,30000.0,
Tbo 292_Agosto 2021 (1).pdf,292,Don Jacinto SA A Y G,01/08/2021,31/08/2021,27/08/2021,3.17,9.3,35.3,0.0,52.4,3.32,14.0,6.76,,,
Tbo 292_Agosto 2021 (1).pdf,292,Don Jacinto SA A Y G,01/08/2021,31/08/2021,27/08/2021,2.93,8.78,34.3,0.0,52.4,3.48,14.0,6.74,,,
Tbo 292_Agosto 2021 (1).pdf,292,Don Jacinto SA A Y G,01/08/2021,31/08/2021,28/08/2021,,,,,,,14.0,6.78,,,
Tbo 292_Agosto 2021 (1).pdf,292,Don Jacinto SA A Y G,01/08/2021,31/08/2021,29/08/2021,3.06,9.28,35.3,0.0,55.7,3.48,14.0,6.76,,,
Tbo 292_Agosto 2021 (1).pdf,292,Don Jacinto SA A Y G,01/08/2021,31/08/2021,29/08/2021,2.79,8.83,34.4,0.0,52.8,3.35,14.0,6.69,,,
Tbo 292_Agosto 2021 (1).pdf,292,Don Jacinto SA A Y G,01/08/2021,31/08/2021,31/08/2021,2.94,8.86,34.6,0.0,52.9,3.35,14.0,6.76,,,
Resumen 1ra Quinc_Sep 21_Tbo 292.pdf,292,Don Jacinto SA A Y G,01/09/2021,15/09/2021,01/09/2021,2.94,9.37,35.8,0.0,56.3,3.51,14.0,6.66,,,
Resumen 1ra Quinc_Sep 21_Tbo 292.pdf,292,Don Jacinto SA A Y G,01/09/2021,15/09/2021,02/09/2021,2.82,8.77,34.3,0.0,52.4,3.32,14.0,6.78,675000.0,18000.0,
Resumen 1ra Quinc_Sep 21_Tbo 292.pdf,292,Don Jacinto SA A Y G,01/09/2021,15/09/2021,03/09/2021,3.13,9.31,35.3,0.0,55.8,3.49,14.0,6.66,,,
Resumen 1ra Quinc_Sep 21_Tbo 292.pdf,292,Don Jacinto SA A Y G,01/09/2021,15/09/2021,04/09/2021,3.34,8.55,32.0,0.0,50.8,3.24,14.0,6.76,,,
Resumen 1ra Quinc_Sep 21_Tbo 292.pdf,292,Don Jacinto SA A Y G,01/09/2021,15/09/2021,05/09/2021,3.02,8.83,34.4,0.0,52.7,3.34,14.0,6.8,,,
Resumen 1ra Quinc_Sep 21_Tbo 292.pdf,292,Don Jacinto SA A Y G,01/09/2021,15/09/2021,06/09/2021,3.35,9.31,35.1,0.0,55.7,3.49,14.0,6.76,,,
Resumen 1ra Quinc_Sep 21_Tbo 292.pdf,292,Don Jacinto SA A Y G,01/09/2021,15/09/2021,07/09/2021,3.35,9.37,35.4,0.0,56.1,3.51,14.0,6.72,,,
Resumen 1ra Quinc_Sep 21_Tbo 292.pdf,292,Don Jacinto SA A Y G,01/09/2021,15/09/2021,09/09/2021,3.42,9.27,34.9,0.0,55.4,3.48,14.0,6.66,118000.0,114000.0,
Resumen 1ra Quinc_Sep 21_Tbo 292.pdf,292,Don Jacinto SA A Y G,01/09/2021,15/09/2021,09/09/2021,3.51,8.86,34.1,0.0,52.8,3.36,14.0,6.79,,,
Resumen 1ra Quinc_Sep 21_Tbo 292.pdf,292,Don Jacinto SA A Y G,01/09/2021,15/09/2021,10/09/2021,3.62,9.23,34.6,0.0,55.1,3.46,14.0,6.79,,,
Resumen 1ra Quinc_Sep 21_Tbo 292.pdf,292,Don Jacinto SA A Y G,01/09/2021,15/09/2021,10/09/2021,3.02,8.77,34.1,0.0,52.3,3.32,14.0,6.79,,,
Resumen 1ra Quinc_Sep 21_Tbo 292.pdf,292,Don Jacinto SA A Y G,01/09/2021,15/09/2021,11/09/2021,3.07,9.07,35.3,0.0,54.3,3.43,14.0,6.7,,,
Resumen 1ra Quinc_Sep 21_Tbo 292.pdf,292,Don Jacinto SA A Y G,01/09/2021,15/09/2021,12/09/2021,3.04,8.98,35.0,0.0,53.7,3.4,14.0,6.74,,,
Resumen 1ra Quinc_Sep 21_Tbo 292.pdf,292,Don Jacinto SA A Y G,01/09/2021,15/09/2021,12/09/2021,3.38,9.27,35.0,0.0,55.4,3.48,14.0,6.74,,,
Resumen 1ra Quinc_Sep 21_Tbo 292.pdf,292,Don Jacinto SA A Y G,01/09/2021,15/09/2021,13/09/2021,3.2,9.36,35.5,0.0,56.1,3.51,14.0,6.69,,,
Resumen 1ra Quinc_Sep 21_Tbo 292.pdf,292,Don Jacinto SA A Y G,01/09/2021,15/09/2021,14/09/2021,2.93,8.81,34.4,0.0,52.6,3.34,14.0,6.74,,,
Resumen 1ra Quinc_Sep 21_Tbo 292.pdf,292,Don Jacinto SA A Y G,01/09/2021,15/09/2021,15/09/2021,3.43,9.33,33.2,0.0,55.2,3.5,14.0,6.66,,,
292 (2).pdf,292,Don Jacinto SA A Y G,01/10/2021,31/10/2021,01/10/2021,3.62,9.04,33.8,0.0,53.9,3.39,14.0,6.76,510000.0,7000.0,
292 (2).pdf,292,Don Jacinto SA A Y G,01/10/2021,31/10/2021,02/10/2021,3.39,9.17,34.5,0.0,54.8,3.44,14.0,6.79,,,
292 (2).pdf,292,Don Jacinto SA A Y G,01/10/2021,31/10/2021,03/10/2021,3.36,9.12,34.4,0.0,54.5,3.42,14.0,6.75,,,
292 (2).pdf,292,Don Jacinto SA A Y G,01/10/2021,31/10/2021,04/10/2021,3.64,8.98,33.6,0.0,53.5,3.37,14.0,6.74,,,
292 (2).pdf,292,Don Jacinto SA A Y G,01/10/2021,31/10/2021,05/10/2021,3.09,8.64,33.6,0.0,51.5,3.28,14.0,6.74,,,
292 (2).pdf,292,Don Jacinto SA A Y G,01/10/2021,31/10/2021,06/10/2021,3.29,9.21,34.8,0.0,55.1,3.45,14.0,6.74,,,
292 (2).pdf,292,Don Jacinto SA A Y G,01/10/2021,31/10/2021,07/10/2021,3.17,8.59,33.3,0.55,51.1,3.26,14.0,6.74,,,
292 (2).pdf,292,Don Jacinto SA A Y G,01/10/2021,31/10/2021,08/10/2021,3.22,9.11,34.5,0.0,54.5,3.41,14.0,6.77,606000.0,21000.0,
292 (2).pdf,292,Don Jacinto SA A Y G,01/10/2021,31/10/2021,09/10/2021,3.03,8.7,33.9,0.0,51.9,3.3,14.0,6.73,,,
292 (2).pdf,292,Don Jacinto SA A Y G,01/10/2021,31/10/2021,10/10/2021,3.0,8.7,34.0,0.0,51.9,3.3,14.0,6.77,,,
292 (2).pdf,292,Don Jacinto SA A Y G,01/10/2021,31/10/2021,10/10/2021,3.18,9.01,34.2,0.0,54.1,3.39,14.0,6.79,,,
292 (2).pdf,292,Don Jacinto SA A Y G,01/10/2021,31/10/2021,11/10/2021,2.96,8.65,33.7,0.0,51.6,3.28,14.0,6.7,,,
292 (2).pdf,292,Don Jacinto SA A Y G,01/10/2021,31/10/2021,12/10/2021,3.16,8.96,33.9,0.0,53.5,3.36,14.0,6.72,,,
292 (2).pdf,292,Don Jacinto SA A Y G,01/10/2021,31/10/2021,13/10/2021,3.17,9.08,34.4,0.0,54.3,3.4,14.0,6.78,,,
292 (2).pdf,292,Don Jacinto SA A Y G,01/10/2021,31/10/2021,14/10/2021,3.28,9.06,34.1,0.0,54.1,3.4,14.0,6.69,578000.0,20000.0,
292 (2).pdf,292,Don Jacinto SA A Y G,01/10/2021,31/10/2021,16/10/2021,2.91,8.66,33.8,0.0,51.4,3.28,14.0,6.66,,,
292 (2).pdf,292,Don Jacinto SA A Y G,01/10/2021,31/10/2021,16/10/2021,3.27,9.04,34.0,0.0,50.9,3.38,14.0,6.69,,,
292 (2).pdf,292,Don Jacinto SA A Y G,01/10/2021,31/10/2021,17/10/2021,3.16,8.51,33.0,1.49,50.6,3.23,14.0,6.77,,,
292 (2).pdf,292,Don Jacinto SA A Y G,01/10/2021,31/10/2021,17/10/2021,3.13,9.11,34.5,0.0,54.5,3.41,14.0,6.75,,,
292 (2).pdf,292,Don Jacinto SA A Y G,01/10/2021,31/10/2021,18/10/2021,3.25,9.13,34.5,0.0,54.6,3.42,14.0,6.74,,,
292 (2).pdf,292,Don Jacinto SA A Y G,01/10/2021,31/10/2021,19/10/2021,3.1,9.0,34.1,0.0,53.8,3.37,14.0,6.75,,,
292 (2).pdf,292,Don Jacinto SA A Y G,01/10/2021,31/10/2021,20/10/2021,3.01,8.97,34.1,0.0,53.7,3.36,14.0,6.76,,,
292 (2).pdf,292,Don Jacinto SA A Y G,01/10/2021,31/10/2021,21/10/2021,2.96,8.57,33.4,0.71,51.0,3.25,14.0,6.76,663000.0,24000.0,
292 (2).pdf,292,Don Jacinto SA A Y G,01/10/2021,31/10/2021,22/10/2021,3.17,9.19,34.8,0.0,55.0,3.44,14.0,6.75,,,
292 (2).pdf,292,Don Jacinto SA A Y G,01/10/2021,31/10/2021,22/10/2021,3.08,9.13,34.7,0.0,54.7,3.41,14.0,6.74,,,
292 (2).pdf,292,Don Jacinto SA A Y G,01/10/2021,31/10/2021,23/10/2021,2.96,8.59,33.5,0.48,51.2,3.26,14.0,6.74,,,
292 (2).pdf,292,Don Jacinto SA A Y G,01/10/2021,31/10/2021,23/10/2021,3.31,9.06,34.2,0.0,54.1,3.4,14.0,6.76,,,
292 (2).pdf,292,Don Jacinto SA A Y G,01/10/2021,31/10/2021,24/10/2021,3.24,8.61,33.3,0.0,51.2,3.27,14.0,6.66,,,
292 (2).pdf,292,Don Jacinto SA A Y G,01/10/2021,31/10/2021,25/10/2021,3.36,9.2,34.7,0.0,55.0,3.45,14.0,6.75,,,
292 (2).pdf,292,Don Jacinto SA A Y G,01/10/2021,31/10/2021,25/10/2021,3.46,9.09,34.2,0.0,54.2,3.41,14.0,6.76,,,
292 (2).pdf,292,Don Jacinto SA A Y G,01/10/2021,31/10/2021,26/10/2021,3.79,8.59,33.5,0.0,55.1,3.39,14.0,6.66,,,
292 (2).pdf,292,Don Jacinto SA A Y G,01/10/2021,31/10/2021,26/10/2021,3.53,8.96,33.6,0.0,53.4,3.36,14.0,6.69,,,
292 (2).pdf,292,Don Jacinto SA A Y G,01/10/2021,31/10/2021,26/10/2021,3.89,8.92,33.1,0.0,53.0,3.35,14.0,6.68,,,
292 (2).pdf,292,Don Jacinto SA A Y G,01/10/2021,31/10/2021,26/10/2021,3.56,8.91,33.5,0.0,53.1,3.34,14.0,6.69,,,
292 (2).pdf,292,Don Jacinto SA A Y G,01/10/2021,31/10/2021,28/10/2021,3.23,9.1,34.4,0.0,54.4,3.43,14.0,6.81,,,
292 (2).pdf,292,Don Jacinto SA A Y G,01/10/2021,31/10/2021,28/10/2021,3.36,9.14,34.4,0.0,54.6,3.43,14.0,6.8,,,
292 (2).pdf,292,Don Jacinto SA A Y G,01/10/2021,31/10/2021,29/10/2021,3.19,9.06,34.3,0.0,54.2,3.4,14.0,6.75,519000.0,10000.0,
292 (2).pdf,292,Don Jacinto SA A Y G,01/10/2021,31/10/2021,30/10/2021,3.42,9.32,35.1,0.0,55.7,3.49,14.0,6.76,,,
292 (2).pdf,292,Don Jacinto SA A Y G,01/10/2021,31/10/2021,31/10/2021,3.26,8.94,34.7,0.0,54.0,3.33,14.0,6.8,,,
292 (2).pdf,292,Don Jacinto SA A Y G,01/10/2021,31/10/2021,31/10/2021,3.34,9.19,34.7,0.0,55.0,3.45,14.0,6.81,,,
292 (3).pdf,292,Don Jacinto SA A Y G,01/11/2021,30/11/2021,01/11/2021,3.35,9.15,34.5,0.0,54.7,3.43,14.0,6.8,,,
292 (3).pdf,292,Don Jacinto SA A Y G,01/11/2021,30/11/2021,02/11/2021,3.55,9.13,34.2,0.0,54.5,3.43,14.0,6.79,,,
292 (3).pdf,292,Don Jacinto SA A Y G,01/11/2021,30/11/2021,02/11/2021,3.34,9.17,35.5,0.0,54.8,3.45,14.0,6.79,,,
292 (3).pdf,292,Don Jacinto SA A Y G,01/11/2021,30/11/2021,03/11/2021,3.26,9.04,35.0,0.0,54.0,3.4,14.0,6.79,,,
292 (3).pdf,292,Don Jacinto SA A Y G,01/11/2021,30/11/2021,03/11/2021,3.27,9.17,34.6,0.0,54.9,3.44,14.0,6.79,,,
292 (3).pdf,292,Don Jacinto SA A Y G,01/11/2021,30/11/2021,04/11/2021,3.31,8.98,33.8,0.0,53.6,3.37,14.0,6.76,551000.0,40000.0,
292 (3).pdf,292,Don Jacinto SA A Y G,01/11/2021,30/11/2021,05/11/2021,3.05,9.02,34.2,0.0,54.0,3.38,14.0,6.8,,,
292 (3).pdf,292,Don Jacinto SA A Y G,01/11/2021,30/11/2021,06/11/2021,3.59,8.99,33.6,0.0,53.6,3.37,14.0,6.81,,,
292 (3).pdf,292,Don Jacinto SA A Y G,01/11/2021,30/11/2021,06/11/2021,3.03,9.05,35.3,0.0,54.2,3.41,14.0,6.81,,,
292 (3).pdf,292,Don Jacinto SA A Y G,01/11/2021,30/11/2021,07/11/2021,2.99,9.09,35.5,0.0,54.5,3.42,14.0,6.78,,,
292 (3).pdf,292,Don Jacinto SA A Y G,01/11/2021,30/11/2021,07/11/2021,3.32,9.12,34.4,0.0,54.5,3.42,14.0,6.78,,,
292 (3).pdf,292,Don Jacinto SA A Y G,01/11/2021,30/11/2021,08/11/2021,3.15,9.11,34.5,0.0,54.5,3.41,14.0,6.79,,,
292 (3).pdf,292,Don Jacinto SA A Y G,01/11/2021,30/11/2021,08/11/2021,3.41,9.05,35.3,0.0,54.2,3.41,14.0,6.8,,,
292 (3).pdf,292,Don Jacinto SA A Y G,01/11/2021,30/11/2021,09/11/2021,3.0,9.17,34.8,0.0,54.9,3.44,14.0,6.8,,,
292 (3).pdf,292,Don Jacinto SA A Y G,01/11/2021,30/11/2021,09/11/2021,3.0,8.69,34.1,0.0,51.9,3.27,14.0,6.76,,,
292 (3).pdf,292,Don Jacinto SA A Y G,01/11/2021,30/11/2021,10/11/2021,3.21,9.06,35.1,0.0,54.2,3.41,14.0,6.7,576000.0,21000.0,
292 (3).pdf,292,Don Jacinto SA A Y G,01/11/2021,30/11/2021,10/11/2021,3.39,9.08,34.2,0.0,54.2,3.41,14.0,6.71,576000.0,21000.0,
292 (3).pdf,292,Don Jacinto SA A Y G,01/11/2021,30/11/2021,11/11/2021,2.97,8.99,35.3,0.0,54.2,3.41,14.0,6.74,522000.0,34000.0,
292 (3).pdf,292,Don Jacinto SA A Y G,01/11/2021,30/11/2021,11/11/2021,3.19,9.12,34.5,0.0,54.5,3.48,14.0,6.77,522000.0,34000.0,
292 (3).pdf,292,Don Jacinto SA A Y G,01/11/2021,30/11/2021,12/11/2021,3.73,9.02,33.6,0.0,53.7,3.39,14.0,6.69,,,
292 (3).pdf,292,Don Jacinto SA A Y G,01/11/2021,30/11/2021,12/11/2021,3.46,9.0,34.7,0.0,53.7,3.39,14.0,6.67,,,
292 (3).pdf,292,Don Jacinto SA A Y G,01/11/2021,30/11/2021,13/11/2021,3.13,9.08,34.4,0.0,54.3,3.4,14.0,6.77,,,
292 (3).pdf,292,Don Jacinto SA A Y G,01/11/2021,30/11/2021,13/11/2021,3.04,9.0,35.1,0.0,53.8,3.39,14.0,6.77,,,
292 (3).pdf,292,Don Jacinto SA A Y G,01/11/2021,30/11/2021,14/11/2021,3.22,9.01,34.9,0.0,53.8,3.39,14.0,6.81,,,
292 (3).pdf,292,Don Jacinto SA A Y G,01/11/2021,30/11/2021,14/11/2021,3.2,9.02,34.3,0.0,54.2,3.4,14.0,6.82,,,
292 (3).pdf,292,Don Jacinto SA A Y G,01/11/2021,30/11/2021,15/11/2021,3.31,9.24,35.8,0.0,55.3,3.48,14.0,6.79,,,
292 (3).pdf,292,Don Jacinto SA A Y G,01/11/2021,30/11/2021,15/11/2021,3.26,9.33,35.3,0.0,55.9,3.5,14.0,6.79,,,
292 (3).pdf,292,Don Jacinto SA A Y G,01/11/2021,30/11/2021,16/11/2021,3.09,9.05,34.3,0.0,54.2,3.39,14.0,6.78,,,
292 (3).pdf,292,Don Jacinto SA A Y G,01/11/2021,30/11/2021,17/11/2021,3.14,9.12,34.6,0.0,54.6,3.42,14.0,6.81,,,
292 (3).pdf,292,Don Jacinto SA A Y G,01/11/2021,30/11/2021,17/11/2021,3.34,9.03,34.9,0.0,53.9,3.4,14.0,6.78,,,
292 (3).pdf,292,Don Jacinto SA A Y G,01/11/2021,30/11/2021,18/11/2021,3.34,8.99,34.7,0.0,53.7,3.39,14.0,6.77,524000.0,30000.0,
292 (3).pdf,292,Don Jacinto SA A Y G,01/11/2021,30/11/2021,18/11/2021,3.45,9.0,33.8,0.0,53.7,3.38,14.0,6.75,524000.0,30000.0,
292 (3).pdf,292,Don Jacinto SA A Y G,01/11/2021,30/11/2021,18/11/2021,3.16,8.95,34.7,0.0,53.5,3.37,14.0,6.75,524000.0,30000.0,
292 (3).pdf,292,Don Jacinto SA A Y G,01/11/2021,30/11/2021,19/11/2021,3.41,8.87,33.3,0.0,52.9,3.33,14.0,6.74,,,
292 (3).pdf,292,Don Jacinto SA A Y G,01/11/2021,30/11/2021,20/11/2021,3.21,8.99,34.9,0.0,53.8,3.39,14.0,6.77,,,
292 (3).pdf,292,Don Jacinto SA A Y G,01/11/2021,30/11/2021,20/11/2021,2.96,9.03,34.4,0.0,54.1,3.38,14.0,6.78,,,
292 (3).pdf,292,Don Jacinto SA A Y G,01/11/2021,30/11/2021,21/11/2021,2.86,8.86,34.7,0.0,53.0,3.33,14.0,6.69,,,
292 (3).pdf,292,Don Jacinto SA A Y G,01/11/2021,30/11/2021,21/11/2021,3.11,9.07,34.4,0.0,54.3,3.4,14.0,6.7,,,
292 (3).pdf,292,Don Jacinto SA A Y G,01/11/2021,30/11/2021,22/11/2021,3.22,9.03,34.1,0.0,54.0,3.39,14.0,6.69,,,
292 (3).pdf,292,Don Jacinto SA A Y G,01/11/2021,30/11/2021,22/11/2021,3.21,9.06,35.1,0.0,54.4,3.41,14.0,6.68,,,
292 (3).pdf,292,Don Jacinto SA A Y G,01/11/2021,30/11/2021,23/11/2021,3.14,9.06,34.3,0.0,54.2,3.4,14.0,6.66,625000.0,60000.0,
292 (3).pdf,292,Don Jacinto SA A Y G,01/11/2021,30/11/2021,25/11/2021,3.33,9.01,33.9,0.0,53.8,3.38,14.0,6.66,737000.0,14000.0,
292 (3).pdf,292,Don Jacinto SA A Y G,01/11/2021,30/11/2021,26/11/2021,2.97,8.85,34.5,0.0,52.9,3.23,14.0,6.79,,,
292 (3).pdf,292,Don Jacinto SA A Y G,01/11/2021,30/11/2021,26/11/2021,3.46,8.89,33.4,0.0,53.0,3.34,14.0,6.66,,,
292 (3).pdf,292,Don Jacinto SA A Y G,01/11/2021,30/11/2021,26/11/2021,3.15,9.07,34.3,0.0,54.3,3.4,14.0,6.79,,,
292 (3).pdf,292,Don Jacinto SA A Y G,01/11/2021,30/11/2021,28/11/2021,3.34,9.05,34.1,0.0,54.0,3.39,14.0,6.74,,,
292 (3).pdf,292,Don Jacinto SA A Y G,01/11/2021,30/11/2021,28/11/2021,2.83,8.72,34.1,0.0,52.0,3.28,14.0,6.75,,,
292 (3).pdf,292,Don Jacinto SA A Y G,01/11/2021,30/11/2021,29/11/2021,3.09,9.06,34.4,0.0,54.2,3.4,14.0,6.77,,,
292 (3).pdf,292,Don Jacinto SA A Y G,01/11/2021,30/11/2021,29/11/2021,3.31,8.86,34.3,0.0,52.8,3.34,14.0,6.75,,,
292 (3).pdf,292,Don Jacinto SA A Y G,01/11/2021,30/11/2021,30/11/2021,2.99,8.96,34.9,0.0,53.6,3.37,14.0,6.72,,,
292 (3).pdf,292,Don Jacinto SA A Y G,01/11/2021,30/11/2021,30/11/2021,3.49,9.05,34.0,0.0,54.0,3.4,14.0,6.74,,,
292 (4).pdf,292,Don Jacinto SA A Y G,01/12/2021,31/12/2021,01/12/2021,3.28,9.0,33.9,0.0,53.8,3.37,14.0,6.72,,,
292 (4).pdf,292,Don Jacinto SA A Y G,01/12/2021,31/12/2021,01/12/2021,3.05,8.85,34.4,0.0,52.8,3.33,14.0,6.71,845000.0,40000.0,
292 (4).pdf,292,Don Jacinto SA A Y G,01/12/2021,31/12/2021,02/12/2021,3.28,8.92,33.6,0.0,53.2,3.35,14.0,6.73,,,
292 (4).pdf,292,Don Jacinto SA A Y G,01/12/2021,31/12/2021,02/12/2021,3.19,8.84,34.3,0.0,52.7,3.33,14.0,6.7,700000.0,15000.0,
292 (4).pdf,292,Don Jacinto SA A Y G,01/12/2021,31/12/2021,02/12/2021,3.12,8.91,34.6,0.0,53.2,3.36,14.0,6.78,,,
292 (4).pdf,292,Don Jacinto SA A Y G,01/12/2021,31/12/2021,03/12/2021,3.24,8.86,33.4,0.0,52.9,3.32,14.0,6.78,,,
292 (4).pdf,292,Don Jacinto SA A Y G,01/12/2021,31/12/2021,04/12/2021,3.12,8.95,33.9,0.0,53.5,3.35,14.0,6.73,,,
292 (4).pdf,292,Don Jacinto SA A Y G,01/12/2021,31/12/2021,04/12/2021,3.41,8.82,34.0,0.0,52.5,3.32,14.0,6.75,,,
292 (4).pdf,292,Don Jacinto SA A Y G,01/12/2021,31/12/2021,05/12/2021,3.33,8.79,34.0,0.0,52.4,3.31,14.0,6.8,,,
292 (4).pdf,292,Don Jacinto SA A Y G,01/12/2021,31/12/2021,05/12/2021,3.2,9.02,34.1,0.0,53.9,3.38,14.0,6.8,,,
292 (4).pdf,292,Don Jacinto SA A Y G,01/12/2021,31/12/2021,06/12/2021,3.41,8.99,34.7,0.0,53.6,3.39,14.0,6.78,,,
292 (4).pdf,292,Don Jacinto SA A Y G,01/12/2021,31/12/2021,07/12/2021,3.31,8.8,34.2,0.0,52.5,3.31,14.0,6.76,,,
292 (4).pdf,292,Don Jacinto SA A Y G,01/12/2021,31/12/2021,07/12/2021,3.24,9.06,34.2,0.0,54.2,3.4,14.0,6.77,,,
292 (4).pdf,292,Don Jacinto SA A Y G,01/12/2021,31/12/2021,08/12/2021,3.12,8.61,34.2,0.0,52.6,3.32,14.0,6.66,644000.0,56000.0,
292 (4).pdf,292,Don Jacinto SA A Y G,01/12/2021,31/12/2021,08/12/2021,3.16,8.85,34.3,0.0,52.8,3.31,14.0,6.77,,,
292 (4).pdf,292,Don Jacinto SA A Y G,01/12/2021,31/12/2021,09/12/2021,3.35,8.93,33.9,0.0,53.4,3.35,14.0,6.69,831000.0,16000.0,
292 (4).pdf,292,Don Jacinto SA A Y G,01/12/2021,31/12/2021,10/12/2021,2.91,8.91,34.8,0.0,53.3,3.35,14.0,6.76,,,
292 (4).pdf,292,Don Jacinto SA A Y G,01/12/2021,31/12/2021,10/12/2021,3.66,8.9,33.2,0.0,53.0,3.34,14.0,6.78,,,
292 (4).pdf,292,Don Jacinto SA A Y G,01/12/2021,31/12/2021,11/12/2021,3.25,8.8,34.4,0.0,53.0,3.34,14.0,6.77,,,
292 (4).pdf,292,Don Jacinto SA A Y G,01/12/2021,31/12/2021,12/12/2021,3.12,8.73,33.0,0.0,52.0,3.27,14.0,6.78,,,
292 (4).pdf,292,Don Jacinto SA A Y G,01/12/2021,31/12/2021,12/12/2021,3.16,8.99,35.0,0.0,53.9,3.4,14.0,6.76,,,
292 (4).pdf,292,Don Jacinto SA A Y G,01/12/2021,31/12/2021,13/12/2021,3.11,8.92,34.7,0.0,53.3,3.36,14.0,6.74,,,
292 (4).pdf,292,Don Jacinto SA A Y G,01/12/2021,31/12/2021,13/12/2021,3.28,8.94,33.7,0.0,53.4,3.35,14.0,6.72,,,
292 (4).pdf,292,Don Jacinto SA A Y G,01/12/2021,31/12/2021,14/12/2021,3.3,9.18,34.7,0.0,54.9,3.44,14.0,6.72,,,
292 (4).pdf,292,Don Jacinto SA A Y G,01/12/2021,31/12/2021,14/12/2021,3.17,9.0,34.9,0.0,53.8,3.39,14.0,6.73,,,
292 (4).pdf,292,Don Jacinto SA A Y G,01/12/2021,31/12/2021,15/12/2021,2.95,8.87,34.6,0.0,53.0,3.34,14.0,6.78,,,
292 (4).pdf,292,Don Jacinto SA A Y G,01/12/2021,31/12/2021,15/12/2021,3.31,8.92,33.6,0.0,53.2,3.35,14.0,6.74,788000.0,15000.0,
292 (4).pdf,292,Don Jacinto SA A Y G,01/12/2021,31/12/2021,16/12/2021,3.14,9.01,35.0,0.0,53.9,3.39,14.0,6.75,632000.0,26000.0,
292 (4).pdf,292,Don Jacinto SA A Y G,01/12/2021,31/12/2021,16/12/2021,3.15,9.16,34.7,0.0,54.8,3.43,14.0,6.75,,,
292 (4).pdf,292,Don Jacinto SA A Y G,01/12/2021,31/12/2021,17/12/2021,2.95,8.87,34.6,0.0,53.8,3.34,14.0,6.74,,,
292 (4).pdf,292,Don Jacinto SA A Y G,01/12/2021,31/12/2021,17/12/2021,3.18,8.95,34.7,0.0,53.5,3.37,14.0,6.74,,,
292 (4).pdf,292,Don Jacinto SA A Y G,01/12/2021,31/12/2021,18/12/2021,,,,,,,15.0,6.67,,,
292 (4).pdf,292,Don Jacinto SA A Y G,01/12/2021,31/12/2021,19/12/2021,3.18,9.0,34.0,0.0,53.8,3.37,14.0,6.66,,,
292 (4).pdf,292,Don Jacinto SA A Y G,01/12/2021,31/12/2021,19/12/2021,3.18,8.84,33.8,0.0,53.4,3.35,14.0,6.79,,,
292 (4).pdf,292,Don Jacinto SA A Y G,01/12/2021,31/12/2021,20/12/2021,3.45,8.9,34.3,0.0,53.0,3.35,14.0,6.78,,,
292 (4).pdf,292,Don Jacinto SA A Y G,01/12/2021,31/12/2021,21/12/2021,3.0,8.8,34.3,0.0,52.5,3.31,14.0,6.75,,,
292 (4).pdf,292,Don Jacinto SA A Y G,01/12/2021,31/12/2021,21/12/2021,3.08,9.02,34.2,0.0,54.0,3.38,14.0,6.75,,,
292 (4).pdf,292,Don Jacinto SA A Y G,01/12/2021,31/12/2021,22/12/2021,3.17,9.08,34.4,0.0,54.3,3.4,14.0,6.76,,,
292 (4).pdf,292,Don Jacinto SA A Y G,01/12/2021,31/12/2021,22/12/2021,2.91,8.97,34.2,0.0,53.7,3.31,14.0,6.74,480000.0,,"1,000,000"
292 (4).pdf,292,Don Jacinto SA A Y G,01/12/2021,31/12/2021,23/12/2021,3.15,8.97,34.8,0.0,53.6,3.38,14.0,6.75,,,
292 (4).pdf,292,Don Jacinto SA A Y G,01/12/2021,31/12/2021,24/12/2021,3.15,8.83,34.3,0.0,52.7,3.33,14.0,6.8,,,
292 (4).pdf,292,Don Jacinto SA A Y G,01/12/2021,31/12/2021,25/12/2021,3.28,8.94,33.7,0.0,53.4,3.35,14.0,6.78,,,
292 (4).pdf,292,Don Jacinto SA A Y G,01/12/2021,31/12/2021,25/12/2021,3.17,8.83,34.3,0.0,52.7,3.03,14.0,6.79,,,
292 (4).pdf,292,Don Jacinto SA A Y G,01/12/2021,31/12/2021,26/12/2021,,,,,,,14.0,6.7,,,
292 (4).pdf,292,Don Jacinto SA A Y G,01/12/2021,31/12/2021,27/12/2021,3.26,9.0,34.9,0.0,53.8,3.39,14.0,6.74,,,
292 (4).pdf,292,Don Jacinto SA A Y G,01/12/2021,31/12/2021,27/12/2021,3.2,9.0,34.0,0.0,53.8,3.37,14.0,6.72,,,
292 (4).pdf,292,Don Jacinto SA A Y G,01/12/2021,31/12/2021,28/12/2021,3.41,8.83,33.3,0.0,52.9,3.33,14.0,6.79,,,
292 (4).pdf,292,Don Jacinto SA A Y G,01/12/2021,31/12/2021,28/12/2021,3.0,8.78,34.2,0.0,52.4,3.31,14.0,6.78,,,
292 (4).pdf,292,Don Jacinto SA A Y G,01/12/2021,31/12/2021,29/12/2021,3.74,8.92,34.1,0.0,53.1,3.36,14.0,6.75,439000.0,30000.0,
292 (4).pdf,292,Don Jacinto SA A Y G,01/12/2021,31/12/2021,29/12/2021,2.93,8.95,34.1,0.0,53.6,3.35,14.0,6.73,,,
292 (4).pdf,292,Don Jacinto SA A Y G,01/12/2021,31/12/2021,30/12/2021,3.1,8.87,34.5,0.0,53.0,3.34,14.0,6.77,500000.0,17000.0,
292 (4).pdf,292,Don Jacinto SA A Y G,01/12/2021,31/12/2021,30/12/2021,3.26,8.91,33.6,0.0,53.2,3.34,14.0,6.76,,,
292 (4).pdf,292,Don Jacinto SA A Y G,01/12/2021,31/12/2021,31/12/2021,3.26,8.79,34.0,0.0,52.4,3.31,14.0,6.74,,,
292 (4).pdf,292,Don Jacinto SA A Y G,01/12/2021,31/12/2021,31/12/2021,3.16,9.02,34.1,0.0,53.9,3.38,14.0,6.77,,,
Tbo 292_Enero 2022.pdf,292,Don Jacinto SA A Y G,01/01/2022,31/01/2022,01/01/2022,3.21,9.6,35.3,0.0,54.4,3.43,14.0,6.75,,,
Tbo 292_Enero 2022.pdf,292,Don Jacinto SA A Y G,01/01/2022,31/01/2022,01/01/2022,3.02,8.99,34.1,0.0,53.8,3.37,14.0,6.76,,,
Tbo 292_Enero 2022.pdf,292,Don Jacinto SA A Y G,01/01/2022,31/01/2022,02/01/2022,3.19,9.1,34.4,0.0,54.4,3.41,14.0,6.78,,,
Tbo 292_Enero 2022.pdf,292,Don Jacinto SA A Y G,01/01/2022,31/01/2022,02/01/2022,3.46,8.83,34.0,0.0,52.6,3.33,14.0,6.79,,,
Tbo 292_Enero 2022.pdf,292,Don Jacinto SA A Y G,01/01/2022,31/01/2022,03/01/2022,3.05,9.05,35.1,0.0,53.9,3.39,14.0,6.74,,,
Tbo 292_Enero 2022.pdf,292,Don Jacinto SA A Y G,01/01/2022,31/01/2022,03/01/2022,3.06,9.11,34.6,0.0,54.6,3.41,14.0,6.74,,,
Tbo 292_Enero 2022.pdf,292,Don Jacinto SA A Y G,01/01/2022,31/01/2022,04/01/2022,3.04,8.97,34.0,0.0,53.6,3.36,14.0,6.77,,,
Tbo 292_Enero 2022.pdf,292,Don Jacinto SA A Y G,01/01/2022,31/01/2022,05/01/2022,3.03,9.17,34.9,0.0,55.0,3.44,14.0,6.73,,,
Tbo 292_Enero 2022.pdf,292,Don Jacinto SA A Y G,01/01/2022,31/01/2022,06/01/2022,3.0,8.99,34.2,0.0,53.8,3.37,14.0,6.81,,,
Tbo 292_Enero 2022.pdf,292,Don Jacinto SA A Y G,01/01/2022,31/01/2022,06/01/2022,3.01,9.08,34.5,0.0,54.4,3.4,14.0,6.78,,,
Tbo 292_Enero 2022.pdf,292,Don Jacinto SA A Y G,01/01/2022,31/01/2022,07/01/2022,3.17,9.2,34.8,0.0,55.1,3.45,14.0,6.79,662000.0,20000.0,
Tbo 292_Enero 2022.pdf,292,Don Jacinto SA A Y G,01/01/2022,31/01/2022,07/01/2022,3.14,9.02,34.2,0.0,53.9,3.38,14.0,6.76,662000.0,20000.0,
Tbo 292_Enero 2022.pdf,292,Don Jacinto SA A Y G,01/01/2022,31/01/2022,08/01/2022,2.88,9.17,35.0,0.0,55.0,3.43,14.0,6.75,,,
Tbo 292_Enero 2022.pdf,292,Don Jacinto SA A Y G,01/01/2022,31/01/2022,09/01/2022,2.99,9.12,34.7,0.0,54.7,3.42,14.0,6.8,,,
Tbo 292_Enero 2022.pdf,292,Don Jacinto SA A Y G,01/01/2022,31/01/2022,09/01/2022,3.07,9.12,34.6,0.0,54.6,3.42,14.0,6.76,,,
Tbo 292_Enero 2022.pdf,292,Don Jacinto SA A Y G,01/01/2022,31/01/2022,10/01/2022,,,,,,,17.0,6.61,,,
Tbo 292_Enero 2022.pdf,292,Don Jacinto SA A Y G,01/01/2022,31/01/2022,11/01/2022,3.06,8.99,34.1,0.0,53.8,3.37,14.0,6.73,,,
Tbo 292_Enero 2022.pdf,292,Don Jacinto SA A Y G,01/01/2022,31/01/2022,11/01/2022,3.06,9.05,34.3,0.0,54.2,3.39,14.0,6.74,,,
Tbo 292_Enero 2022.pdf,292,Don Jacinto SA A Y G,01/01/2022,31/01/2022,12/01/2022,3.17,8.97,33.9,0.0,53.6,3.36,14.0,6.75,,,
Tbo 292_Enero 2022.pdf,292,Don Jacinto SA A Y G,01/01/2022,31/01/2022,12/01/2022,3.0,9.04,34.4,0.0,54.1,3.39,14.0,6.75,,,
Tbo 292_Enero 2022.pdf,292,Don Jacinto SA A Y G,01/01/2022,31/01/2022,13/01/2022,3.06,8.89,33.7,0.0,53.1,3.33,14.0,6.75,,,
Tbo 292_Enero 2022.pdf,292,Don Jacinto SA A Y G,01/01/2022,31/01/2022,13/01/2022,3.15,8.92,34.6,0.0,53.3,3.36,14.0,6.76,,,
Tbo 292_Enero 2022.pdf,292,Don Jacinto SA A Y G,01/01/2022,31/01/2022,14/01/2022,3.11,8.76,34.0,0.0,52.2,,6.75,596000.0,20000.0,,
Tbo 292_Enero 2022.pdf,292,Don Jacinto SA A Y G,01/01/2022,31/01/2022,15/01/2022,,,,,,,14.0,6.82,,,
Tbo 292_Enero 2022.pdf,292,Don Jacinto SA A Y G,01/01/2022,31/01/2022,17/01/2022,3.25,8.95,33.8,0.0,53.4,3.36,14.0,6.78,,,
Tbo 292_Enero 2022.pdf,292,Don Jacinto SA A Y G,01/01/2022,31/01/2022,17/01/2022,3.08,8.68,33.7,0.0,51.7,3.27,14.0,6.78,,,
Tbo 292_Enero 2022.pdf,292,Don Jacinto SA A Y G,01/01/2022,31/01/2022,18/01/2022,3.41,9.0,33.8,0.0,53.7,3.38,14.0,6.76,,,
Tbo 292_Enero 2022.pdf,292,Don Jacinto SA A Y G,01/01/2022,31/01/2022,19/01/2022,3.13,9.13,34.6,0.0,54.7,3.42,14.0,6.76,,,
Tbo 292_Enero 2022.pdf,292,Don Jacinto SA A Y G,01/01/2022,31/01/2022,20/01/2022,3.0,8.93,34.8,0.0,53.4,3.36,14.0,6.74,641000.0,13000.0,
Tbo 292_Enero 2022.pdf,292,Don Jacinto SA A Y G,01/01/2022,31/01/2022,21/01/2022,3.34,9.01,34.8,0.0,53.8,3.39,14.0,6.72,,,
Tbo 292_Enero 2022.pdf,292,Don Jacinto SA A Y G,01/01/2022,31/01/2022,21/01/2022,3.28,9.03,34.1,0.0,53.9,3.39,14.0,6.75,,,
Tbo 292_Enero 2022.pdf,292,Don Jacinto SA A Y G,01/01/2022,31/01/2022,22/01/2022,3.31,9.0,33.9,0.0,53.7,3.38,14.0,6.74,,,
Tbo 292_Enero 2022.pdf,292,Don Jacinto SA A Y G,01/01/2022,31/01/2022,23/01/2022,3.61,9.09,34.0,0.0,54.2,3.41,14.0,6.77,,,
Tbo 292_Enero 2022.pdf,292,Don Jacinto SA A Y G,01/01/2022,31/01/2022,24/01/2022,3.18,9.05,34.2,0.0,54.1,3.39,14.0,6.79,,,
Tbo 292_Enero 2022.pdf,292,Don Jacinto SA A Y G,01/01/2022,31/01/2022,25/01/2022,,,,,,,14.0,6.76,,,
Tbo 292_Enero 2022.pdf,292,Don Jacinto SA A Y G,01/01/2022,31/01/2022,26/01/2022,,,,,,,14.0,,,,
Tbo 292_Enero 2022.pdf,292,Don Jacinto SA A Y G,01/01/2022,31/01/2022,26/01/2022,3.74,8.94,33.3,0.0,53.2,3.36,14.0,6.72,,,
Tbo 292_Enero 2022.pdf,292,Don Jacinto SA A Y G,01/01/2022,31/01/2022,27/01/2022,3.52,8.8,32.9,0.0,52.4,3.3,14.0,6.77,,,
Tbo 292_Enero 2022.pdf,292,Don Jacinto SA A Y G,01/01/2022,31/01/2022,28/01/2022,3.3,8.81,34.1,0.0,52.5,3.32,14.0,6.75,808000.0,21000.0,
Tbo 292_Enero 2022.pdf,292,Don Jacinto SA A Y G,01/01/2022,31/01/2022,28/01/2022,3.12,9.0,34.1,0.0,53.8,3.37,14.0,6.73,827000.0,20000.0,
Tbo 292_Enero 2022.pdf,292,Don Jacinto SA A Y G,01/01/2022,31/01/2022,29/01/2022,3.31,9.1,34.3,0.0,54.4,3.41,14.0,6.74,,,
Tbo 292_Enero 2022.pdf,292,Don Jacinto SA A Y G,01/01/2022,31/01/2022,30/01/2022,3.11,9.02,34.2,0.0,53.9,3.38,14.0,6.73,,,
Tbo 292_Enero 2022.pdf,292,Don Jacinto SA A Y G,01/01/2022,31/01/2022,30/01/2022,3.43,8.85,33.2,0.0,55.2,3.32,14.0,6.71,,,
292 (5).pdf,292,Don Jacinto SA A Y G,01/02/2022,28/02/2022,01/02/2022,3.6,9.25,34.7,0.0,55.2,3.47,14.0,6.76,,,
292 (5).pdf,292,Don Jacinto SA A Y G,01/02/2022,28/02/2022,02/02/2022,3.29,8.97,33.8,0.0,53.6,3.36,14.0,6.79,,,
292 (5).pdf,292,Don Jacinto SA A Y G,01/02/2022,28/02/2022,03/02/2022,3.39,9.11,34.3,0.0,54.4,3.42,14.0,6.78,,,
292 (5).pdf,292,Don Jacinto SA A Y G,01/02/2022,28/02/2022,04/02/2022,3.99,8.97,35.0,0.0,52.7,3.38,14.0,6.78,570000.0,34000.0,
292 (5).pdf,292,Don Jacinto SA A Y G,01/02/2022,28/02/2022,05/02/2022,3.28,8.9,33.6,0.0,53.1,3.36,14.0,6.77,,,
292 (5).pdf,292,Don Jacinto SA A Y G,01/02/2022,28/02/2022,06/02/2022,3.03,8.95,34.9,0.0,53.5,3.37,14.0,6.72,,,
292 (5).pdf,292,Don Jacinto SA A Y G,01/02/2022,28/02/2022,06/02/2022,3.63,8.96,33.5,0.0,53.4,3.36,14.0,6.71,,,
292 (5).pdf,292,Don Jacinto SA A Y G,01/02/2022,28/02/2022,07/02/2022,3.42,9.12,34.3,0.0,54.5,3.42,14.0,6.76,,,
292 (5).pdf,292,Don Jacinto SA A Y G,01/02/2022,28/02/2022,09/02/2022,3.5,9.15,34.4,0.0,54.6,3.43,14.0,6.76,,,
292 (5).pdf,292,Don Jacinto SA A Y G,01/02/2022,28/02/2022,10/02/2022,3.86,8.93,34.0,0.0,53.1,3.37,14.0,6.76,,,
292 (5).pdf,292,Don Jacinto SA A Y G,01/02/2022,28/02/2022,11/02/2022,3.51,9.03,33.9,0.0,53.9,3.39,14.0,6.79,598000.0,79000.0,
292 (5).pdf,292,Don Jacinto SA A Y G,01/02/2022,28/02/2022,12/02/2022,,,,,,,14.0,6.78,,,
292 (5).pdf,292,Don Jacinto SA A Y G,01/02/2022,28/02/2022,13/02/2022,3.55,9.14,34.3,0.0,54.5,3.43,14.0,6.77,,,
292 (5).pdf,292,Don Jacinto SA A Y G,01/02/2022,28/02/2022,14/02/2022,3.51,9.31,35.0,0.0,55.6,3.49,14.0,6.7,,,
292 (5).pdf,292,Don Jacinto SA A Y G,01/02/2022,28/02/2022,15/02/2022,3.63,9.22,34.5,0.0,55.0,3.46,14.0,6.76,,,
292 (5).pdf,292,Don Jacinto SA A Y G,01/02/2022,28/02/2022,16/02/2022,3.41,9.08,34.2,0.0,54.2,3.41,14.0,6.78,690000.0,11000.0,
292 (5).pdf,292,Don Jacinto SA A Y G,01/02/2022,28/02/2022,17/02/2022,3.44,9.16,34.5,0.0,54.73,3.44,14.0,6.78,,,
292 (5).pdf,292,Don Jacinto SA A Y G,01/02/2022,28/02/2022,18/02/2022,3.59,9.08,34.0,0.0,54.1,3.41,14.0,6.72,,,(+) (+)
292 (5).pdf,292,Don Jacinto SA A Y G,01/02/2022,28/02/2022,19/02/2022,3.61,9.12,34.1,0.0,54.4,3.42,14.0,6.76,,,
292 (5).pdf,292,Don Jacinto SA A Y G,01/02/2022,28/02/2022,19/02/2022,3.21,8.96,34.7,0.0,53.5,3.37,14.0,6.76,,,
292 (5).pdf,292,Don Jacinto SA A Y G,01/02/2022,28/02/2022,20/02/2022,3.98,9.13,33.8,0.0,54.3,3.43,14.0,6.75,,,
292 (5).pdf,292,Don Jacinto SA A Y G,01/02/2022,28/02/2022,20/02/2022,3.33,9.17,34.6,0.0,54.8,3.44,14.0,6.73,,,
292 (5).pdf,292,Don Jacinto SA A Y G,01/02/2022,28/02/2022,21/02/2022,3.81,9.06,33.7,0.0,53.9,3.4,14.0,6.78,,,
292 (5).pdf,292,Don Jacinto SA A Y G,01/02/2022,28/02/2022,21/02/2022,3.49,9.08,35.0,0.0,54.2,3.42,14.0,6.79,,,
292 (5).pdf,292,Don Jacinto SA A Y G,01/02/2022,28/02/2022,22/02/2022,3.54,9.27,34.8,0.0,55.4,3.48,14.0,6.79,,,
292 (5).pdf,292,Don Jacinto SA A Y G,01/02/2022,28/02/2022,22/02/2022,3.45,9.28,34.9,0.0,55.5,3.48,14.0,6.78,,,
292 (5).pdf,292,Don Jacinto SA A Y G,01/02/2022,28/02/2022,23/02/2022,3.56,9.11,34.1,0.0,54.3,3.42,14.0,6.81,690000.0,16000.0,
292 (5).pdf,292,Don Jacinto SA A Y G,01/02/2022,28/02/2022,23/02/2022,3.45,9.13,34.3,0.0,54.5,3.42,14.0,6.77,614000.0,21000.0,(+) (+)
292 (5).pdf,292,Don Jacinto SA A Y G,01/02/2022,28/02/2022,25/02/2022,3.64,9.08,33.9,0.0,54.1,3.41,14.0,6.81,,,
292 (5).pdf,292,Don Jacinto SA A Y G,01/02/2022,28/02/2022,25/02/2022,3.51,9.18,34.5,0.0,54.8,3.44,14.0,6.8,,,
292 (5).pdf,292,Don Jacinto SA A Y G,01/02/2022,28/02/2022,26/02/2022,3.48,9.1,34.2,0.0,54.3,3.41,14.0,6.66,,,(+) (+)
292 (5).pdf,292,Don Jacinto SA A Y G,01/02/2022,28/02/2022,26/02/2022,3.63,9.3,34.3,0.0,55.5,3.49,14.0,6.66,,,
292 (5).pdf,292,Don Jacinto SA A Y G,01/02/2022,28/02/2022,27/02/2022,3.42,9.11,34.3,0.0,54.4,3.42,14.0,6.66,,,
292 (5).pdf,292,Don Jacinto SA A Y G,01/02/2022,28/02/2022,27/02/2022,3.36,9.09,34.0,0.0,53.8,3.4,14.0,6.66,,,
292 (5).pdf,292,Don Jacinto SA A Y G,01/02/2022,28/02/2022,28/02/2022,3.61,9.16,34.3,0.0,54.6,3.44,14.0,6.78,,,
292 (5).pdf,292,Don Jacinto SA A Y G,01/02/2022,28/02/2022,28/02/2022,3.22,8.75,33.9,0.0,52.1,3.3,14.0,6.77,,,
292 (6).pdf,292,Don Jacinto SA A Y G,01/03/2022,31/03/2022,01/03/2022,3.92,9.05,33.6,0.0,53.8,3.4,14.0,6.79,,,
292 (6).pdf,292,Don Jacinto SA A Y G,01/03/2022,31/03/2022,02/03/2022,3.59,9.06,34.8,0.0,54.0,3.41,14.0,6.8,,,
292 (6).pdf,292,Don Jacinto SA A Y G,01/03/2022,31/03/2022,03/03/2022,3.5,8.86,34.5,0.0,53.5,3.38,14.0,6.69,,,
292 (6).pdf,292,Don Jacinto SA A Y G,01/03/2022,31/03/2022,03/03/2022,3.34,9.08,34.2,0.0,54.3,3.4,14.0,6.66,,,
292 (6).pdf,292,Don Jacinto SA A Y G,01/03/2022,31/03/2022,04/03/2022,3.44,8.99,34.0,0.0,54.0,3.39,14.0,6.76,509000.0,47000.0,
292 (6).pdf,292,Don Jacinto SA A Y G,01/03/2022,31/03/2022,04/03/2022,3.35,9.05,35.0,0.0,54.0,3.41,14.0,6.77,,,
292 (6).pdf,292,Don Jacinto SA A Y G,01/03/2022,31/03/2022,05/03/2022,3.31,9.09,34.3,0.0,54.3,3.41,14.0,6.81,,,
292 (6).pdf,292,Don Jacinto SA A Y G,01/03/2022,31/03/2022,05/03/2022,3.55,9.04,33.9,0.0,53.9,3.39,14.0,6.78,,,
292 (6).pdf,292,Don Jacinto SA A Y G,01/03/2022,31/03/2022,06/03/2022,3.45,9.25,34.8,0.0,55.3,3.47,14.0,6.76,,,
292 (6).pdf,292,Don Jacinto SA A Y G,01/03/2022,31/03/2022,06/03/2022,3.58,9.28,33.7,0.0,55.4,3.5,14.0,6.78,,,
292 (6).pdf,292,Don Jacinto SA A Y G,01/03/2022,31/03/2022,07/03/2022,3.76,9.18,34.2,0.0,54.7,3.48,14.0,6.75,,,
292 (6).pdf,292,Don Jacinto SA A Y G,01/03/2022,31/03/2022,08/03/2022,3.53,9.06,34.0,0.0,54.0,3.4,14.0,6.73,,,
292 (6).pdf,292,Don Jacinto SA A Y G,01/03/2022,31/03/2022,09/03/2022,3.0,9.12,34.7,0.0,54.7,3.42,14.0,6.75,,,
292 (6).pdf,292,Don Jacinto SA A Y G,01/03/2022,31/03/2022,09/03/2022,3.65,9.04,33.8,0.0,53.9,3.39,14.0,6.74,,,
292 (6).pdf,292,Don Jacinto SA A Y G,01/03/2022,31/03/2022,10/03/2022,3.79,9.0,33.5,0.0,53.5,3.38,14.0,6.0,,,
292 (6).pdf,292,Don Jacinto SA A Y G,01/03/2022,31/03/2022,10/03/2022,3.73,8.93,33.3,0.0,53.1,3.35,14.0,6.71,,,
292 (6).pdf,292,Don Jacinto SA A Y G,01/03/2022,31/03/2022,11/03/2022,3.53,9.01,33.8,0.0,53.7,3.38,14.0,6.77,,,
292 (6).pdf,292,Don Jacinto SA A Y G,01/03/2022,31/03/2022,11/03/2022,3.53,9.06,34.0,0.0,54.0,3.4,14.0,6.77,,,
292 (6).pdf,292,Don Jacinto SA A Y G,01/03/2022,31/03/2022,12/03/2022,3.5,9.06,34.0,0.0,54.0,3.4,14.0,6.72,,,
292 (6).pdf,292,Don Jacinto SA A Y G,01/03/2022,31/03/2022,12/03/2022,3.56,9.06,33.9,0.0,54.0,3.4,14.0,6.71,,,
292 (6).pdf,292,Don Jacinto SA A Y G,01/03/2022,31/03/2022,13/03/2022,3.64,9.03,33.8,0.0,53.8,3.39,14.0,6.76,,,
292 (6).pdf,292,Don Jacinto SA A Y G,01/03/2022,31/03/2022,13/03/2022,3.55,9.02,33.8,0.0,53.8,3.38,14.0,6.73,589000.0,24000.0,
292 (6).pdf,292,Don Jacinto SA A Y G,01/03/2022,31/03/2022,14/03/2022,3.35,9.14,34.5,0.0,54.6,3.39,14.0,6.78,,,
292 (6).pdf,292,Don Jacinto SA A Y G,01/03/2022,31/03/2022,14/03/2022,,,,,,,14.0,6.71,,,
292 (6).pdf,292,Don Jacinto SA A Y G,01/03/2022,31/03/2022,15/03/2022,3.4,9.05,33.9,0.0,53.8,3.38,14.0,6.8,,,
292 (6).pdf,292,Don Jacinto SA A Y G,01/03/2022,31/03/2022,15/03/2022,3.25,8.9,34.5,0.0,53.1,3.35,14.0,6.8,,,
292 (6).pdf,292,Don Jacinto SA A Y G,01/03/2022,31/03/2022,16/03/2022,3.48,8.94,34.4,0.0,53.3,3.37,14.0,6.78,,,
292 (6).pdf,292,Don Jacinto SA A Y G,01/03/2022,31/03/2022,16/03/2022,3.22,8.99,34.0,0.0,53.7,3.37,14.0,6.8,625000.0,23000.0,
292 (6).pdf,292,Don Jacinto SA A Y G,01/03/2022,31/03/2022,17/03/2022,3.56,8.98,33.6,0.0,53.5,3.37,14.0,6.66,,,
292 (6).pdf,292,Don Jacinto SA A Y G,01/03/2022,31/03/2022,17/03/2022,3.37,8.99,34.7,0.0,53.6,3.39,14.0,6.69,416000.0,25000.0,
292 (6).pdf,292,Don Jacinto SA A Y G,01/03/2022,31/03/2022,18/03/2022,3.34,8.87,34.7,0.0,52.9,3.34,14.0,6.76,,,
292 (6).pdf,292,Don Jacinto SA A Y G,01/03/2022,31/03/2022,18/03/2022,3.54,8.99,34.0,0.0,54.1,3.4,14.0,6.76,,,
292 (6).pdf,292,Don Jacinto SA A Y G,01/03/2022,31/03/2022,19/03/2022,3.33,8.9,34.8,0.0,53.7,3.39,14.0,6.78,,,
292 (6).pdf,292,Don Jacinto SA A Y G,01/03/2022,31/03/2022,19/03/2022,3.74,9.01,33.6,0.0,53.6,3.38,14.0,6.79,,,
292 (6).pdf,292,Don Jacinto SA A Y G,01/03/2022,31/03/2022,20/03/2022,3.45,9.06,34.9,0.0,54.1,3.41,14.0,6.74,,,
292 (6).pdf,292,Don Jacinto SA A Y G,01/03/2022,31/03/2022,20/03/2022,3.65,8.98,33.5,0.0,53.5,3.37,14.0,6.73,,,
292 (6).pdf,292,Don Jacinto SA A Y G,01/03/2022,31/03/2022,20/03/2022,3.78,9.08,33.8,0.0,54.0,3.41,14.0,6.74,,,
292 (6).pdf,292,Don Jacinto SA A Y G,01/03/2022,31/03/2022,21/03/2022,3.48,9.2,34.6,0.0,54.9,3.45,14.0,6.74,,,
292 (6).pdf,292,Don Jacinto SA A Y G,01/03/2022,31/03/2022,22/03/2022,3.75,9.08,33.8,0.0,54.1,3.41,14.0,6.73,,,
292 (6).pdf,292,Don Jacinto SA A Y G,01/03/2022,31/03/2022,22/03/2022,3.58,9.12,34.2,0.0,52.4,3.42,14.0,6.74,,,
292 (6).pdf,292,Don Jacinto SA A Y G,01/03/2022,31/03/2022,23/03/2022,3.52,9.01,33.8,0.0,53.7,3.38,14.0,6.76,574000.0,30000.0,
292 (6).pdf,292,Don Jacinto SA A Y G,01/03/2022,31/03/2022,23/03/2022,3.52,9.04,34.8,0.0,53.9,3.46,14.0,6.74,,,
292 (6).pdf,292,Don Jacinto SA A Y G,01/03/2022,31/03/2022,24/03/2022,3.89,9.02,33.5,0.0,53.4,3.39,14.0,6.77,585000.0,52000.0,
292 (6).pdf,292,Don Jacinto SA A Y G,01/03/2022,31/03/2022,24/03/2022,3.41,8.91,35.4,0.0,53.1,3.36,14.0,6.78,,,
292 (6).pdf,292,Don Jacinto SA A Y G,01/03/2022,31/03/2022,25/03/2022,4.26,8.95,32.9,0.0,53.0,3.37,14.0,6.76,,,
292 (6).pdf,292,Don Jacinto SA A Y G,01/03/2022,31/03/2022,25/03/2022,5.0,8.91,32.9,0.0,52.4,3.37,14.0,6.74,,,
292 (6).pdf,292,Don Jacinto SA A Y G,01/03/2022,31/03/2022,26/03/2022,3.6,9.18,34.4,0.0,54.8,3.44,14.0,6.81,,,
292 (6).pdf,292,Don Jacinto SA A Y G,01/03/2022,31/03/2022,26/03/2022,3.73,9.13,34.1,0.0,54.4,3.43,14.0,6.81,,,
292 (6).pdf,292,Don Jacinto SA A Y G,01/03/2022,31/03/2022,26/03/2022,3.79,8.97,33.4,0.0,53.4,3.37,14.0,6.79,,,
292 (6).pdf,292,Don Jacinto SA A Y G,01/03/2022,31/03/2022,27/03/2022,3.52,9.03,34.7,0.0,53.8,3.4,14.0,6.8,,,
292 (6).pdf,292,Don Jacinto SA A Y G,01/03/2022,31/03/2022,27/03/2022,4.0,9.14,33.8,0.0,54.3,3.43,14.0,6.66,,,
292 (6).pdf,292,Don Jacinto SA A Y G,01/03/2022,31/03/2022,28/03/2022,3.62,9.06,34.8,0.0,54.0,3.42,14.0,6.67,,,
292 (6).pdf,292,Don Jacinto SA A Y G,01/03/2022,31/03/2022,29/03/2022,3.72,9.06,33.8,0.0,53.9,3.4,14.0,6.77,,,
292 (6).pdf,292,Don Jacinto SA A Y G,01/03/2022,31/03/2022,29/03/2022,3.48,8.97,34.5,0.0,53.5,3.38,14.0,6.78,,,
292 (6).pdf,292,Don Jacinto SA A Y G,01/03/2022,31/03/2022,29/03/2022,3.68,8.96,33.4,0.0,53.3,3.36,14.0,6.66,,,
292 (6).pdf,292,Don Jacinto SA A Y G,01/03/2022,31/03/2022,30/03/2022,3.83,9.25,35.3,0.0,55.1,3.49,14.0,6.69,635000.0,17000.0,
292 (6).pdf,292,Don Jacinto SA A Y G,01/03/2022,31/03/2022,31/03/2022,3.65,9.17,35.2,0.0,54.7,3.46,14.0,6.77,427000.0,23000.0,
292 (6).pdf,292,Don Jacinto SA A Y G,01/03/2022,31/03/2022,31/03/2022,3.87,9.07,33.5,0.0,53.6,3.39,14.0,6.76,,,
292 (35).pdf,292,Don Jacinto SA A Y G,01/04/2022,30/04/2022,01/04/2022,3.6,9.2,35.4,0.0,54.9,3.47,14.0,6.68,,,
292 (35).pdf,292,Don Jacinto SA A Y G,01/04/2022,30/04/2022,02/04/2022,3.84,9.07,33.7,0.0,53.9,3.41,14.0,6.76,,,
292 (35).pdf,292,Don Jacinto SA A Y G,01/04/2022,30/04/2022,02/04/2022,3.5,9.07,34.9,0.0,54.1,3.42,14.0,6.75,,,
292 (35).pdf,292,Don Jacinto SA A Y G,01/04/2022,30/04/2022,03/04/2022,3.81,9.14,34.0,0.0,54.4,3.43,14.0,6.77,,,
292 (35).pdf,292,Don Jacinto SA A Y G,01/04/2022,30/04/2022,03/04/2022,3.55,9.09,35.0,0.0,54.2,3.43,14.0,6.76,,,
292 (35).pdf,292,Don Jacinto SA A Y G,01/04/2022,30/04/2022,04/04/2022,3.76,9.08,33.8,0.0,54.0,3.46,14.0,6.75,,,
292 (35).pdf,292,Don Jacinto SA A Y G,01/04/2022,30/04/2022,04/04/2022,3.62,9.17,35.2,0.0,54.7,3.46,14.0,6.76,,,
292 (35).pdf,292,Don Jacinto SA A Y G,01/04/2022,30/04/2022,04/04/2022,3.82,9.2,34.3,0.0,54.8,3.45,14.0,6.77,,,
292 (35).pdf,292,Don Jacinto SA A Y G,01/04/2022,30/04/2022,05/04/2022,3.73,9.41,35.2,0.0,56.1,3.53,14.0,6.75,,,
292 (35).pdf,292,Don Jacinto SA A Y G,01/04/2022,30/04/2022,06/04/2022,3.76,9.2,34.3,0.0,54.8,3.45,14.0,6.79,,,
292 (35).pdf,292,Don Jacinto SA A Y G,01/04/2022,30/04/2022,06/04/2022,3.46,9.31,35.0,0.0,54.2,3.48,14.0,6.78,,,
292 (35).pdf,292,Don Jacinto SA A Y G,01/04/2022,30/04/2022,06/04/2022,3.85,9.4,35.0,0.0,56.0,3.53,14.0,6.72,587000.0,16000.0,
292 (35).pdf,292,Don Jacinto SA A Y G,01/04/2022,30/04/2022,07/04/2022,3.79,9.29,34.7,0.0,55.3,3.49,14.0,6.73,530000.0,18000.0,
292 (35).pdf,292,Don Jacinto SA A Y G,01/04/2022,30/04/2022,08/04/2022,3.71,9.04,33.7,0.0,53.8,3.39,14.0,6.73,,,
292 (35).pdf,292,Don Jacinto SA A Y G,01/04/2022,30/04/2022,08/04/2022,3.62,9.05,34.7,0.0,53.9,3.41,14.0,6.79,,,
292 (35).pdf,292,Don Jacinto SA A Y G,01/04/2022,30/04/2022,08/04/2022,3.62,8.95,33.4,0.0,53.3,3.36,14.0,6.77,,,
292 (35).pdf,292,Don Jacinto SA A Y G,01/04/2022,30/04/2022,09/04/2022,3.58,9.07,34.0,0.0,54.1,3.4,14.0,6.72,,,
292 (35).pdf,292,Don Jacinto SA A Y G,01/04/2022,30/04/2022,09/04/2022,3.97,8.87,32.8,0.0,52.7,3.33,14.0,6.66,,,
292 (35).pdf,292,Don Jacinto SA A Y G,01/04/2022,30/04/2022,10/04/2022,3.62,9.0,34.5,0.0,53.6,3.39,14.0,6.66,,,
292 (35).pdf,292,Don Jacinto SA A Y G,01/04/2022,30/04/2022,10/04/2022,3.54,9.07,34.0,0.0,54.1,3.4,14.0,6.79,,,
292 (35).pdf,292,Don Jacinto SA A Y G,01/04/2022,30/04/2022,11/04/2022,3.6,8.83,36.9,0.0,52.4,3.33,14.0,6.72,,,
292 (35).pdf,292,Don Jacinto SA A Y G,01/04/2022,30/04/2022,12/04/2022,3.82,9.02,34.4,0.0,53.6,3.4,14.0,6.79,,,
292 (35).pdf,292,Don Jacinto SA A Y G,01/04/2022,30/04/2022,12/04/2022,3.74,9.04,33.7,0.0,53.8,3.39,14.0,6.75,,,
292 (35).pdf,292,Don Jacinto SA A Y G,01/04/2022,30/04/2022,12/04/2022,3.91,9.11,33.8,0.0,54.2,3.42,14.0,6.71,591000.0,17000.0,
292 (35).pdf,292,Don Jacinto SA A Y G,01/04/2022,30/04/2022,13/04/2022,3.42,9.0,34.7,0.0,53.7,3.39,14.0,6.72,535000.0,19000.0,
292 (35).pdf,292,Don Jacinto SA A Y G,01/04/2022,30/04/2022,14/04/2022,4.1,9.03,33.3,0.0,53.6,3.39,14.0,6.77,,,
292 (35).pdf,292,Don Jacinto SA A Y G,01/04/2022,30/04/2022,14/04/2022,3.53,9.12,35.1,0.0,54.4,3.44,14.0,6.76,,,
292 (35).pdf,292,Don Jacinto SA A Y G,01/04/2022,30/04/2022,15/04/2022,3.58,9.06,34.9,0.0,54.1,3.42,14.0,6.77,,,
292 (35).pdf,292,Don Jacinto SA A Y G,01/04/2022,30/04/2022,15/04/2022,3.84,9.13,34.0,0.0,54.3,3.43,14.0,6.75,,,
292 (35).pdf,292,Don Jacinto SA A Y G,01/04/2022,30/04/2022,16/04/2022,3.87,8.81,32.7,0.0,52.3,3.31,14.0,6.74,,,
292 (35).pdf,292,Don Jacinto SA A Y G,01/04/2022,30/04/2022,16/04/2022,3.81,9.38,33.4,0.0,55.9,3.52,14.0,6.74,,,
292 (35).pdf,292,Don Jacinto SA A Y G,01/04/2022,30/04/2022,16/04/2022,3.58,8.97,34.5,0.0,53.5,3.38,14.0,6.77,,,
292 (35).pdf,292,Don Jacinto SA A Y G,01/04/2022,30/04/2022,17/04/2022,3.65,9.31,34.9,0.0,55.6,3.49,14.0,6.73,,,
292 (35).pdf,292,Don Jacinto SA A Y G,01/04/2022,30/04/2022,18/04/2022,3.99,9.11,33.8,0.0,54.1,3.42,14.0,6.38,,,
292 (35).pdf,292,Don Jacinto SA A Y G,01/04/2022,30/04/2022,18/04/2022,3.89,9.08,31.6,0.0,54.0,3.43,14.0,6.78,,,
292 (35).pdf,292,Don Jacinto SA A Y G,01/04/2022,30/04/2022,19/04/2022,3.7,9.06,33.8,0.0,54.0,3.4,14.0,6.77,,,
292 (35).pdf,292,Don Jacinto SA A Y G,01/04/2022,30/04/2022,19/04/2022,3.5,8.97,34.5,0.0,53.5,3.38,14.0,6.77,,,
292 (35).pdf,292,Don Jacinto SA A Y G,01/04/2022,30/04/2022,19/04/2022,3.74,9.0,33.5,0.0,53.6,3.38,14.0,6.81,,,
292 (35).pdf,292,Don Jacinto SA A Y G,01/04/2022,30/04/2022,20/04/2022,3.64,9.05,33.8,0.0,53.9,3.4,14.0,6.8,,,
292 (35).pdf,292,Don Jacinto SA A Y G,01/04/2022,30/04/2022,21/04/2022,3.74,9.18,34.3,0.0,54.7,3.45,14.0,6.81,,,
292 (35).pdf,292,Don Jacinto SA A Y G,01/04/2022,30/04/2022,21/04/2022,3.99,9.12,33.8,0.0,54.2,3.43,14.0,6.76,559000.0,18000.0,
292 (35).pdf,292,Don Jacinto SA A Y G,01/04/2022,30/04/2022,21/04/2022,3.64,9.25,34.6,0.0,55.2,3.47,14.0,6.8,,,
292 (35).pdf,292,Don Jacinto SA A Y G,01/04/2022,30/04/2022,22/04/2022,3.71,8.91,33.2,0.0,53.0,3.35,14.0,6.73,,,
292 (35).pdf,292,Don Jacinto SA A Y G,01/04/2022,30/04/2022,22/04/2022,,,,,,,14.0,6.75,,,
292 (35).pdf,292,Don Jacinto SA A Y G,01/04/2022,30/04/2022,23/04/2022,3.65,9.07,33.9,0.0,54.0,3.4,14.0,6.74,,,
292 (35).pdf,292,Don Jacinto SA A Y G,01/04/2022,30/04/2022,23/04/2022,3.91,8.99,33.3,0.0,53.1,3.38,14.0,6.66,,,
292 (35).pdf,292,Don Jacinto SA A Y G,01/04/2022,30/04/2022,24/04/2022,3.59,9.1,33.0,0.0,54.2,3.43,14.0,6.69,,,
292 (35).pdf,292,Don Jacinto SA A Y G,01/04/2022,30/04/2022,24/04/2022,3.72,9.0,33.6,0.0,53.6,3.38,14.0,6.69,,,
292 (35).pdf,292,Don Jacinto SA A Y G,01/04/2022,30/04/2022,25/04/2022,3.45,9.0,34.7,0.0,53.7,3.39,14.0,6.68,,,
292 (35).pdf,292,Don Jacinto SA A Y G,01/04/2022,30/04/2022,26/04/2022,3.58,9.06,33.9,0.0,54.0,3.4,14.0,6.77,,,
292 (35).pdf,292,Don Jacinto SA A Y G,01/04/2022,30/04/2022,26/04/2022,3.42,9.02,34.9,0.0,53.9,3.41,14.0,6.77,,,
292 (35).pdf,292,Don Jacinto SA A Y G,01/04/2022,30/04/2022,26/04/2022,3.94,9.14,33.9,0.0,54.3,3.43,14.0,6.78,,,
292 (35).pdf,292,Don Jacinto SA A Y G,01/04/2022,30/04/2022,27/04/2022,3.67,8.92,34.3,0.0,54.5,3.43,14.0,6.66,426000.0,16000.0,
292 (35).pdf,292,Don Jacinto SA A Y G,01/04/2022,30/04/2022,27/04/2022,3.6,9.2,35.4,0.0,54.9,3.47,14.0,6.77,,,
292 (35).pdf,292,Don Jacinto SA A Y G,01/04/2022,30/04/2022,28/04/2022,3.83,8.89,33.9,0.0,52.8,3.35,14.0,6.69,525000.0,19000.0,
292 (35).pdf,292,Don Jacinto SA A Y G,01/04/2022,30/04/2022,29/04/2022,3.95,9.23,34.3,0.0,54.9,3.47,14.0,6.78,,,
292 (35).pdf,292,Don Jacinto SA A Y G,01/04/2022,30/04/2022,29/04/2022,,,,,,,14.0,6.8,,,
292 (35).pdf,292,Don Jacinto SA A Y G,01/04/2022,30/04/2022,29/04/2022,4.0,8.98,33.1,0.0,53.3,3.38,14.0,6.66,,,
292 (35).pdf,292,Don Jacinto SA A Y G,01/04/2022,30/04/2022,30/04/2022,3.78,9.35,34.9,0.0,55.7,3.39,14.0,6.66,,,
292 (36).pdf,292,Don Jacinto SA A Y G,01/05/2022,31/05/2022,01/05/2022,3.53,9.15,35.2,0.0,54.6,3.45,14.0,6.75,,,
292 (36).pdf,292,Don Jacinto SA A Y G,01/05/2022,31/05/2022,01/05/2022,3.8,9.13,34.0,0.0,54.4,3.43,14.0,6.74,,,
292 (36).pdf,292,Don Jacinto SA A Y G,01/05/2022,31/05/2022,01/05/2022,3.82,8.98,33.4,0.0,53.4,3.37,14.0,6.8,,,
292 (36).pdf,292,Don Jacinto SA A Y G,01/05/2022,31/05/2022,02/05/2022,3.75,9.02,33.6,0.0,53.7,3.39,14.0,6.76,,,
292 (36).pdf,292,Don Jacinto SA A Y G,01/05/2022,31/05/2022,02/05/2022,3.48,9.07,34.9,0.0,54.1,3.42,14.0,6.78,,,
292 (36).pdf,292,Don Jacinto SA A Y G,01/05/2022,31/05/2022,03/05/2022,,,,,,,14.0,6.75,,,
292 (36).pdf,292,Don Jacinto SA A Y G,01/05/2022,31/05/2022,03/05/2022,3.68,9.34,35.0,0.0,55.7,3.5,14.0,6.79,,,
292 (36).pdf,292,Don Jacinto SA A Y G,01/05/2022,31/05/2022,04/05/2022,,,,,,,14.0,6.77,,,
292 (36).pdf,292,Don Jacinto SA A Y G,01/05/2022,31/05/2022,04/05/2022,3.87,9.34,34.8,0.0,55.6,3.51,14.0,6.71,,,212.000 16.000
292 (36).pdf,292,Don Jacinto SA A Y G,01/05/2022,31/05/2022,05/05/2022,3.88,9.04,33.6,0.0,53.8,3.4,14.0,6.74,,,315.000 18.000
292 (36).pdf,292,Don Jacinto SA A Y G,01/05/2022,31/05/2022,05/05/2022,3.72,9.49,35.5,0.0,56.6,3.56,14.0,6.71,,,
292 (36).pdf,292,Don Jacinto SA A Y G,01/05/2022,31/05/2022,06/05/2022,3.45,9.15,35.3,0.0,54.6,3.45,14.0,6.77,,,
292 (36).pdf,292,Don Jacinto SA A Y G,01/05/2022,31/05/2022,06/05/2022,3.7,9.04,33.7,0.0,53.8,3.39,14.0,6.72,,,
292 (36).pdf,292,Don Jacinto SA A Y G,01/05/2022,31/05/2022,07/05/2022,3.75,9.42,35.2,0.0,56.2,3.53,14.0,6.68,,,
292 (36).pdf,292,Don Jacinto SA A Y G,01/05/2022,31/05/2022,07/05/2022,3.65,9.08,33.9,0.0,54.0,3.4,14.0,6.75,,,
292 (36).pdf,292,Don Jacinto SA A Y G,01/05/2022,31/05/2022,08/05/2022,3.51,9.17,35.3,0.0,54.7,3.45,14.0,6.74,,,
292 (36).pdf,292,Don Jacinto SA A Y G,01/05/2022,31/05/2022,08/05/2022,3.89,9.13,33.9,0.0,54.3,3.43,14.0,6.78,,,
292 (36).pdf,292,Don Jacinto SA A Y G,01/05/2022,31/05/2022,09/05/2022,3.92,9.08,33.6,0.0,53.9,3.4,14.0,6.66,,,
292 (36).pdf,292,Don Jacinto SA A Y G,01/05/2022,31/05/2022,09/05/2022,3.43,9.08,35.0,0.0,54.2,3.42,14.0,6.76,,,
292 (36).pdf,292,Don Jacinto SA A Y G,01/05/2022,31/05/2022,10/05/2022,3.66,9.21,34.5,0.0,54.9,3.46,14.0,6.69,,,
292 (36).pdf,292,Don Jacinto SA A Y G,01/05/2022,31/05/2022,11/05/2022,3.81,9.1,33.9,0.0,54.2,3.42,14.0,6.66,,,474.000 17.000
292 (36).pdf,292,Don Jacinto SA A Y G,01/05/2022,31/05/2022,11/05/2022,3.59,9.32,35.0,0.0,55.7,3.5,14.0,6.76,,,
292 (36).pdf,292,Don Jacinto SA A Y G,01/05/2022,31/05/2022,11/05/2022,3.87,9.29,34.6,0.0,55.3,3.49,14.0,6.76,,,
292 (36).pdf,292,Don Jacinto SA A Y G,01/05/2022,31/05/2022,12/05/2022,3.33,8.94,34.6,0.0,53.3,3.37,14.0,6.69,,,642.000 10.000
292 (36).pdf,292,Don Jacinto SA A Y G,01/05/2022,31/05/2022,13/05/2022,3.54,9.25,34.7,0.0,55.2,3.47,14.0,6.78,,,
292 (36).pdf,292,Don Jacinto SA A Y G,01/05/2022,31/05/2022,13/05/2022,3.45,8.97,34.6,0.0,53.5,3.38,14.0,6.76,,,
292 (36).pdf,292,Don Jacinto SA A Y G,01/05/2022,31/05/2022,14/05/2022,3.53,9.05,34.8,0.0,54.0,3.41,14.0,6.79,,,
292 (36).pdf,292,Don Jacinto SA A Y G,01/05/2022,31/05/2022,14/05/2022,3.98,9.13,33.8,0.0,54.3,3.43,14.0,6.74,,,
292 (36).pdf,292,Don Jacinto SA A Y G,01/05/2022,31/05/2022,14/05/2022,3.95,9.0,33.3,0.0,53.5,3.38,14.0,6.78,,,
292 (36).pdf,292,Don Jacinto SA A Y G,01/05/2022,31/05/2022,15/05/2022,3.71,9.37,35.1,0.0,55.9,3.52,14.0,6.75,,,
292 (36).pdf,292,Don Jacinto SA A Y G,01/05/2022,31/05/2022,15/05/2022,3.81,9.05,34.6,0.0,53.8,3.41,14.0,6.73,,,
292 (36).pdf,292,Don Jacinto SA A Y G,01/05/2022,31/05/2022,16/05/2022,3.61,9.23,34.6,0.0,55.1,3.46,14.0,6.73,,,
292 (36).pdf,292,Don Jacinto SA A Y G,01/05/2022,31/05/2022,17/05/2022,3.81,9.22,34.3,0.0,54.9,3.46,14.0,6.77,,,
292 (36).pdf,292,Don Jacinto SA A Y G,01/05/2022,31/05/2022,17/05/2022,3.62,9.18,35.3,0.0,54.7,3.46,14.0,6.79,,,
292 (36).pdf,292,Don Jacinto SA A Y G,01/05/2022,31/05/2022,17/05/2022,3.85,8.19,34.2,0.0,54.7,3.45,14.0,6.69,,,
292 (36).pdf,292,Don Jacinto SA A Y G,01/05/2022,31/05/2022,18/05/2022,3.28,8.51,32.0,0.0,50.6,3.39,14.0,6.68,,,585.000 11.000
292 (36).pdf,292,Don Jacinto SA A Y G,01/05/2022,31/05/2022,19/05/2022,,,,,,,14.0,,,,467.000 12.000
292 (36).pdf,292,Don Jacinto SA A Y G,01/05/2022,31/05/2022,19/05/2022,3.87,9.17,34.1,0.0,54.6,3.44,14.0,6.71,,,
292 (36).pdf,292,Don Jacinto SA A Y G,01/05/2022,31/05/2022,20/05/2022,4.0,9.08,33.6,0.0,53.9,3.41,14.0,6.66,,,
292 (36).pdf,292,Don Jacinto SA A Y G,01/05/2022,31/05/2022,20/05/2022,3.69,9.39,35.2,0.0,56.0,3.52,14.0,6.71,,,
292 (36).pdf,292,Don Jacinto SA A Y G,01/05/2022,31/05/2022,21/05/2022,3.54,9.14,33.1,0.0,54.5,3.44,14.0,6.69,,,
292 (36).pdf,292,Don Jacinto SA A Y G,01/05/2022,31/05/2022,21/05/2022,,,,,,,14.0,6.73,,,
292 (36).pdf,292,Don Jacinto SA A Y G,01/05/2022,31/05/2022,22/05/2022,,,,,,,14.0,6.74,,,
292 (36).pdf,292,Don Jacinto SA A Y G,01/05/2022,31/05/2022,23/05/2022,3.25,9.05,35.1,0.0,54.1,3.41,14.0,6.74,,,
292 (36).pdf,292,Don Jacinto SA A Y G,01/05/2022,31/05/2022,23/05/2022,3.61,9.16,34.3,0.0,54.6,3.44,14.0,6.74,,,
292 (36).pdf,292,Don Jacinto SA A Y G,01/05/2022,31/05/2022,24/05/2022,3.33,9.3,35.1,0.0,53.7,3.39,14.0,6.76,,,
292 (36).pdf,292,Don Jacinto SA A Y G,01/05/2022,31/05/2022,24/05/2022,3.61,9.16,35.2,0.0,54.6,3.45,14.0,6.77,,,
292 (36).pdf,292,Don Jacinto SA A Y G,01/05/2022,31/05/2022,25/05/2022,3.72,9.18,34.5,0.0,54.7,3.45,14.0,6.72,,,521.000 28.000
292 (36).pdf,292,Don Jacinto SA A Y G,01/05/2022,31/05/2022,25/05/2022,,,,,,,14.0,6.78,,,
292 (36).pdf,292,Don Jacinto SA A Y G,01/05/2022,31/05/2022,25/05/2022,3.54,9.27,34.8,0.0,55.4,3.48,14.0,6.77,,,
292 (36).pdf,292,Don Jacinto SA A Y G,01/05/2022,31/05/2022,26/05/2022,3.56,9.13,34.2,0.0,54.5,3.43,14.0,6.69,,,
292 (36).pdf,292,Don Jacinto SA A Y G,01/05/2022,31/05/2022,26/05/2022,3.51,9.36,36.1,0.0,55.9,3.53,14.0,6.7,,,540.000 22.000
292 (36).pdf,292,Don Jacinto SA A Y G,01/05/2022,31/05/2022,27/05/2022,3.52,9.19,34.5,0.0,54.9,3.45,14.0,6.73,,,
292 (36).pdf,292,Don Jacinto SA A Y G,01/05/2022,31/05/2022,27/05/2022,4.0,9.08,34.5,0.0,53.9,3.44,14.0,6.68,,,
292 (36).pdf,292,Don Jacinto SA A Y G,01/05/2022,31/05/2022,28/05/2022,3.46,9.45,35.6,0.0,56.6,3.54,14.0,6.73,,,
292 (36).pdf,292,Don Jacinto SA A Y G,01/05/2022,31/05/2022,29/05/2022,3.91,9.26,34.4,0.0,55.1,3.48,14.0,6.74,,,
292 (36).pdf,292,Don Jacinto SA A Y G,01/05/2022,31/05/2022,29/05/2022,3.51,9.57,36.1,0.0,57.3,3.59,14.0,6.79,,,
292 (36).pdf,292,Don Jacinto SA A Y G,01/05/2022,31/05/2022,29/05/2022,3.69,9.12,34.1,0.0,54.3,3.42,14.0,6.77,,,
292 (36).pdf,292,Don Jacinto SA A Y G,01/05/2022,31/05/2022,30/05/2022,3.86,9.31,34.7,0.0,55.4,3.49,14.0,6.75,,,
292 (36).pdf,292,Don Jacinto SA A Y G,01/05/2022,31/05/2022,30/05/2022,3.38,9.28,35.0,0.0,55.5,3.48,14.0,6.74,,,
292 (36).pdf,292,Don Jacinto SA A Y G,01/05/2022,31/05/2022,31/05/2022,3.45,9.46,35.1,0.0,56.6,3.55,14.0,6.73,,,
292 (36).pdf,292,Don Jacinto SA A Y G,01/05/2022,31/05/2022,31/05/2022,3.72,9.34,34.9,0.0,55.7,3.5,14.0,6.75,,,
Tbo 292_Junio 2022.pdf,292,Don Jacinto SA A Y G,01/06/2022,30/06/2022,01/06/2022,3.27,9.39,36.4,0.0,56.3,3.53,14.0,6.73,545000.0,16000.0,
Tbo 292_Junio 2022.pdf,292,Don Jacinto SA A Y G,01/06/2022,30/06/2022,01/06/2022,3.61,9.28,34.8,0.0,55.4,3.48,14.0,6.75,,,
Tbo 292_Junio 2022.pdf,292,Don Jacinto SA A Y G,01/06/2022,30/06/2022,02/06/2022,3.41,9.45,35.7,0.0,56.6,3.54,14.0,6.76,497000.0,17000.0,
Tbo 292_Junio 2022.pdf,292,Don Jacinto SA A Y G,01/06/2022,30/06/2022,02/06/2022,4.39,8.94,33.6,0.0,52.9,3.38,14.0,6.75,,,
Tbo 292_Junio 2022.pdf,292,Don Jacinto SA A Y G,01/06/2022,30/06/2022,03/06/2022,3.82,9.44,35.7,0.0,56.6,3.54,14.0,6.77,,,
Tbo 292_Junio 2022.pdf,292,Don Jacinto SA A Y G,01/06/2022,30/06/2022,04/06/2022,3.62,9.37,35.1,0.0,55.9,3.51,14.0,6.78,,,
Tbo 292_Junio 2022.pdf,292,Don Jacinto SA A Y G,01/06/2022,30/06/2022,04/06/2022,3.26,9.25,36.0,0.0,56.0,3.44,14.0,6.78,,,
Tbo 292_Junio 2022.pdf,292,Don Jacinto SA A Y G,01/06/2022,30/06/2022,07/06/2022,3.36,9.29,35.0,0.0,55.6,3.48,14.0,6.76,,,
Tbo 292_Junio 2022.pdf,292,Don Jacinto SA A Y G,01/06/2022,30/06/2022,07/06/2022,3.72,9.15,35.2,0.0,55.0,3.41,14.0,6.79,,,
Tbo 292_Junio 2022.pdf,292,Don Jacinto SA A Y G,01/06/2022,30/06/2022,08/06/2022,3.42,9.3,36.0,0.0,56.2,3.46,14.0,6.77,906000.0,26000.0,
Tbo 292_Junio 2022.pdf,292,Don Jacinto SA A Y G,01/06/2022,30/06/2022,08/06/2022,,,,,,,14.0,6.79,,,
Tbo 292_Junio 2022.pdf,292,Don Jacinto SA A Y G,01/06/2022,30/06/2022,09/06/2022,3.55,9.28,34.8,0.0,55.4,3.48,14.0,6.8,291000.0,15000.0,(+) (+)
Tbo 292_Junio 2022.pdf,292,Don Jacinto SA A Y G,01/06/2022,30/06/2022,09/06/2022,3.33,9.19,34.7,0.0,55.0,3.45,14.0,6.8,,,(+) (+)
Tbo 292_Junio 2022.pdf,292,Don Jacinto SA A Y G,01/06/2022,30/06/2022,09/06/2022,3.42,9.13,34.3,0.0,54.5,3.42,14.0,6.66,,,(+) (+)
Tbo 292_Junio 2022.pdf,292,Don Jacinto SA A Y G,01/06/2022,30/06/2022,10/06/2022,3.46,9.29,36.0,0.0,56.1,3.46,14.0,6.69,,,(+) (+)
Tbo 292_Junio 2022.pdf,292,Don Jacinto SA A Y G,01/06/2022,30/06/2022,10/06/2022,3.61,9.28,34.8,0.0,55.4,3.48,14.0,6.77,,,
Tbo 292_Junio 2022.pdf,292,Don Jacinto SA A Y G,01/06/2022,30/06/2022,11/06/2022,3.24,9.24,35.9,0.0,55.9,3.44,14.0,6.78,,,
Tbo 292_Junio 2022.pdf,292,Don Jacinto SA A Y G,01/06/2022,30/06/2022,11/06/2022,3.33,9.3,35.1,0.0,55.7,3.49,14.0,6.75,,,
Tbo 292_Junio 2022.pdf,292,Don Jacinto SA A Y G,01/06/2022,30/06/2022,12/06/2022,3.27,9.29,35.1,0.0,55.2,3.48,14.0,6.75,,,
Tbo 292_Junio 2022.pdf,292,Don Jacinto SA A Y G,01/06/2022,30/06/2022,12/06/2022,3.48,9.22,35.7,0.0,55.7,3.43,14.0,6.72,,,
Tbo 292_Junio 2022.pdf,292,Don Jacinto SA A Y G,01/06/2022,30/06/2022,13/06/2022,3.49,9.43,35.5,0.0,56.4,3.54,14.0,6.76,,,
Tbo 292_Junio 2022.pdf,292,Don Jacinto SA A Y G,01/06/2022,30/06/2022,13/06/2022,3.23,9.2,34.7,0.0,55.0,3.45,14.0,6.74,,,
Tbo 292_Junio 2022.pdf,292,Don Jacinto SA A Y G,01/06/2022,30/06/2022,14/06/2022,3.32,9.42,36.6,0.0,57.0,3.51,14.0,6.77,430000.0,13000.0,
Tbo 292_Junio 2022.pdf,292,Don Jacinto SA A Y G,01/06/2022,30/06/2022,14/06/2022,3.49,9.16,34.4,0.0,54.7,3.44,14.0,6.81,,,
Tbo 292_Junio 2022.pdf,292,Don Jacinto SA A Y G,01/06/2022,30/06/2022,15/06/2022,3.27,9.27,35.0,0.0,55.5,3.47,14.0,6.8,468000.0,13000.0,
Tbo 292_Junio 2022.pdf,292,Don Jacinto SA A Y G,01/06/2022,30/06/2022,15/06/2022,,,,,,,14.0,6.74,,,
Tbo 292_Junio 2022.pdf,292,Don Jacinto SA A Y G,01/06/2022,30/06/2022,16/06/2022,4.36,9.05,33.2,0.0,53.6,3.4,14.0,6.75,,,
Tbo 292_Junio 2022.pdf,292,Don Jacinto SA A Y G,01/06/2022,30/06/2022,16/06/2022,3.52,9.27,34.8,0.0,55.4,3.48,14.0,6.66,,,
Tbo 292_Junio 2022.pdf,292,Don Jacinto SA A Y G,01/06/2022,30/06/2022,17/06/2022,3.31,9.23,35.8,0.0,55.8,3.44,14.0,6.69,,,
Tbo 292_Junio 2022.pdf,292,Don Jacinto SA A Y G,01/06/2022,30/06/2022,17/06/2022,,,,,,,14.0,6.73,,,
Tbo 292_Junio 2022.pdf,292,Don Jacinto SA A Y G,01/06/2022,30/06/2022,18/06/2022,3.38,9.46,35.7,0.0,56.7,3.55,14.0,6.75,,,
Tbo 292_Junio 2022.pdf,292,Don Jacinto SA A Y G,01/06/2022,30/06/2022,18/06/2022,3.54,9.19,34.5,0.0,54.9,3.45,14.0,6.79,,,
Tbo 292_Junio 2022.pdf,292,Don Jacinto SA A Y G,01/06/2022,30/06/2022,19/06/2022,3.55,9.32,35.0,0.0,55.7,3.5,14.0,6.79,,,
Tbo 292_Junio 2022.pdf,292,Don Jacinto SA A Y G,01/06/2022,30/06/2022,19/06/2022,3.43,9.39,35.4,0.0,56.2,3.52,14.0,6.79,,,
Tbo 292_Junio 2022.pdf,292,Don Jacinto SA A Y G,01/06/2022,30/06/2022,20/06/2022,3.51,9.31,36.0,0.0,56.2,3.47,14.0,6.78,,,
Tbo 292_Junio 2022.pdf,292,Don Jacinto SA A Y G,01/06/2022,30/06/2022,21/06/2022,3.31,9.19,34.7,0.0,55.0,3.45,14.0,6.8,,,
Tbo 292_Junio 2022.pdf,292,Don Jacinto SA A Y G,01/06/2022,30/06/2022,21/06/2022,,,,,,,,,,,
Tbo 292_Junio 2022.pdf,292,Don Jacinto SA A Y G,01/06/2022,30/06/2022,21/06/2022,3.55,8.86,33.5,0.0,52.7,3.33,14.0,6.78,,,
Tbo 292_Junio 2022.pdf,292,Don Jacinto SA A Y G,01/06/2022,30/06/2022,22/06/2022,3.59,9.48,36.6,0.0,57.3,3.53,14.0,6.69,715000.0,37000.0,
Tbo 292_Junio 2022.pdf,292,Don Jacinto SA A Y G,01/06/2022,30/06/2022,23/06/2022,3.64,9.18,34.3,0.0,54.7,3.44,14.0,6.78,451000.0,18000.0,
Tbo 292_Junio 2022.pdf,292,Don Jacinto SA A Y G,01/06/2022,30/06/2022,23/06/2022,3.48,9.37,35.3,0.0,56.0,3.51,14.0,6.74,,,
Tbo 292_Junio 2022.pdf,292,Don Jacinto SA A Y G,01/06/2022,30/06/2022,24/06/2022,,,,,,,14.0,6.76,,,
Tbo 292_Junio 2022.pdf,292,Don Jacinto SA A Y G,01/06/2022,30/06/2022,25/06/2022,3.5,8.97,33.6,0.0,53.5,3.37,14.0,6.76,,,
Tbo 292_Junio 2022.pdf,292,Don Jacinto SA A Y G,01/06/2022,30/06/2022,25/06/2022,3.35,9.34,35.3,0.0,55.9,3.58,14.0,6.75,,,
Tbo 292_Junio 2022.pdf,292,Don Jacinto SA A Y G,01/06/2022,30/06/2022,26/06/2022,3.81,9.18,34.2,0.0,54.7,3.45,14.0,6.78,,,
Tbo 292_Junio 2022.pdf,292,Don Jacinto SA A Y G,01/06/2022,30/06/2022,26/06/2022,3.83,9.05,33.7,0.0,53.8,3.4,14.0,6.75,,,
Tbo 292_Junio 2022.pdf,292,Don Jacinto SA A Y G,01/06/2022,30/06/2022,27/06/2022,3.5,8.6,8.3,0.57,51.1,3.24,14.0,6.79,,,
Tbo 292_Junio 2022.pdf,292,Don Jacinto SA A Y G,01/06/2022,30/06/2022,27/06/2022,3.37,9.08,34.2,0.0,54.2,3.41,14.0,6.74,,,
Tbo 292_Junio 2022.pdf,292,Don Jacinto SA A Y G,01/06/2022,30/06/2022,28/06/2022,3.48,9.08,33.6,0.0,54.2,3.38,14.0,6.75,,,
Tbo 292_Junio 2022.pdf,292,Don Jacinto SA A Y G,01/06/2022,30/06/2022,28/06/2022,3.54,9.22,34.6,0.0,55.1,3.46,14.0,6.73,,,
Tbo 292_Junio 2022.pdf,292,Don Jacinto SA A Y G,01/06/2022,30/06/2022,29/06/2022,3.6,9.13,34.2,0.0,54.5,3.34,14.0,6.66,,,
Tbo 292_Junio 2022.pdf,292,Don Jacinto SA A Y G,01/06/2022,30/06/2022,29/06/2022,3.43,9.58,36.9,0.0,58.0,3.57,14.0,6.72,,,
Tbo 292_Junio 2022.pdf,292,Don Jacinto SA A Y G,01/06/2022,30/06/2022,30/06/2022,3.36,9.63,37.0,0.0,54.4,3.47,14.0,6.66,,,
Tbo 292_Julio 2022.pdf,292,Don Jacinto SA A Y G,01/07/2022,31/07/2022,01/07/2022,3.42,9.27,34.9,0.0,55.4,3.48,14.0,6.75,,,
Tbo 292_Julio 2022.pdf,292,Don Jacinto SA A Y G,01/07/2022,31/07/2022,02/07/2022,3.76,9.19,34.2,0.0,54.7,3.45,14.0,6.66,,,
Tbo 292_Julio 2022.pdf,292,Don Jacinto SA A Y G,01/07/2022,31/07/2022,02/07/2022,3.22,9.32,35.3,0.0,55.9,3.49,14.0,6.74,,,
Tbo 292_Julio 2022.pdf,292,Don Jacinto SA A Y G,01/07/2022,31/07/2022,03/07/2022,3.45,9.79,33.1,0.0,52.5,3.38,14.0,6.69,,,
Tbo 292_Julio 2022.pdf,292,Don Jacinto SA A Y G,01/07/2022,31/07/2022,03/07/2022,3.5,9.22,34.6,0.0,55.1,3.46,14.0,6.79,,,
Tbo 292_Julio 2022.pdf,292,Don Jacinto SA A Y G,01/07/2022,31/07/2022,04/07/2022,3.14,9.27,35.2,0.0,55.2,3.47,14.0,6.79,,,
Tbo 292_Julio 2022.pdf,292,Don Jacinto SA A Y G,01/07/2022,31/07/2022,05/07/2022,3.49,9.21,34.6,0.0,55.0,3.45,14.0,6.76,,,
Tbo 292_Julio 2022.pdf,292,Don Jacinto SA A Y G,01/07/2022,31/07/2022,05/07/2022,3.17,9.22,34.9,0.0,55.2,3.46,14.0,6.77,,,
Tbo 292_Julio 2022.pdf,292,Don Jacinto SA A Y G,01/07/2022,31/07/2022,05/07/2022,3.41,9.24,34.8,0.0,55.2,3.46,14.0,6.66,,,
Tbo 292_Julio 2022.pdf,292,Don Jacinto SA A Y G,01/07/2022,31/07/2022,06/07/2022,3.44,9.15,34.44,0.0,54.7,3.3,14.0,6.75,558000.0,41000.0,
Tbo 292_Julio 2022.pdf,292,Don Jacinto SA A Y G,01/07/2022,31/07/2022,06/07/2022,,,,,,,14.0,,,,
Tbo 292_Julio 2022.pdf,292,Don Jacinto SA A Y G,01/07/2022,31/07/2022,07/07/2022,3.51,9.0,35.1,0.0,52.5,3.38,14.0,6.74,589000.0,17000.0,
Tbo 292_Julio 2022.pdf,292,Don Jacinto SA A Y G,01/07/2022,31/07/2022,08/07/2022,3.13,9.36,35.1,0.0,56.2,3.51,14.0,6.72,,,
Tbo 292_Julio 2022.pdf,292,Don Jacinto SA A Y G,01/07/2022,31/07/2022,08/07/2022,3.67,9.38,35.1,0.0,56.0,3.52,14.0,6.72,,,
Tbo 292_Julio 2022.pdf,292,Don Jacinto SA A Y G,01/07/2022,31/07/2022,09/07/2022,3.59,9.16,34.3,0.0,54.6,3.44,14.0,6.71,,,
Tbo 292_Julio 2022.pdf,292,Don Jacinto SA A Y G,01/07/2022,31/07/2022,09/07/2022,3.47,9.19,34.5,0.0,54.9,3.45,14.0,6.79,,,
Tbo 292_Julio 2022.pdf,292,Don Jacinto SA A Y G,01/07/2022,31/07/2022,09/07/2022,3.18,9.12,34.9,0.0,55.2,3.46,14.0,6.79,,,
Tbo 292_Julio 2022.pdf,292,Don Jacinto SA A Y G,01/07/2022,31/07/2022,10/07/2022,3.27,9.17,34.7,0.0,54.9,3.44,14.0,6.71,,,
Tbo 292_Julio 2022.pdf,292,Don Jacinto SA A Y G,01/07/2022,31/07/2022,10/07/2022,3.49,9.16,34.4,0.0,54.7,3.44,14.0,6.79,,,
Tbo 292_Julio 2022.pdf,292,Don Jacinto SA A Y G,01/07/2022,31/07/2022,11/07/2022,3.17,9.23,35.0,0.0,55.3,3.46,14.0,6.77,,,
Tbo 292_Julio 2022.pdf,292,Don Jacinto SA A Y G,01/07/2022,31/07/2022,11/07/2022,3.55,9.1,34.1,0.0,54.3,3.41,14.0,6.77,,,
Tbo 292_Julio 2022.pdf,292,Don Jacinto SA A Y G,01/07/2022,31/07/2022,12/07/2022,4.02,9.08,33.6,0.0,53.9,3.41,14.0,6.79,,,
Tbo 292_Julio 2022.pdf,292,Don Jacinto SA A Y G,01/07/2022,31/07/2022,12/07/2022,3.29,9.17,34.6,0.0,54.8,3.44,14.0,6.76,,,
Tbo 292_Julio 2022.pdf,292,Don Jacinto SA A Y G,01/07/2022,31/07/2022,13/07/2022,3.27,9.05,34.2,0.0,54.1,3.39,14.0,6.79,,,
Tbo 292_Julio 2022.pdf,292,Don Jacinto SA A Y G,01/07/2022,31/07/2022,13/07/2022,3.13,8.32,34.5,0.0,53.9,3.38,14.0,6.79,,,
Tbo 292_Julio 2022.pdf,292,Don Jacinto SA A Y G,01/07/2022,31/07/2022,14/07/2022,3.58,9.08,34.0,0.0,54.1,3.41,14.0,6.78,574000.0,85000.0,
Tbo 292_Julio 2022.pdf,292,Don Jacinto SA A Y G,01/07/2022,31/07/2022,14/07/2022,3.56,9.1,32.1,0.0,54.4,3.39,14.0,6.79,,,
Tbo 292_Julio 2022.pdf,292,Don Jacinto SA A Y G,01/07/2022,31/07/2022,15/07/2022,3.19,9.02,35.2,0.0,55.2,3.39,14.0,6.79,361000.0,21000.0,
Tbo 292_Julio 2022.pdf,292,Don Jacinto SA A Y G,01/07/2022,31/07/2022,15/07/2022,,,,,,,14.0,6.74,,,
Tbo 292_Julio 2022.pdf,292,Don Jacinto SA A Y G,01/07/2022,31/07/2022,16/07/2022,3.28,9.15,34.5,0.0,54.7,3.43,14.0,6.75,,,
Tbo 292_Julio 2022.pdf,292,Don Jacinto SA A Y G,01/07/2022,31/07/2022,16/07/2022,3.42,9.16,34.5,0.0,54.7,3.44,14.0,6.74,,,
Tbo 292_Julio 2022.pdf,292,Don Jacinto SA A Y G,01/07/2022,31/07/2022,17/07/2022,3.18,9.19,35.5,0.0,55.6,3.42,14.0,6.75,,,
Tbo 292_Julio 2022.pdf,292,Don Jacinto SA A Y G,01/07/2022,31/07/2022,18/07/2022,,,,,,,14.0,6.76,,,
Tbo 292_Julio 2022.pdf,292,Don Jacinto SA A Y G,01/07/2022,31/07/2022,18/07/2022,3.25,9.22,35.6,0.0,55.8,3.43,14.0,6.76,,,
Tbo 292_Julio 2022.pdf,292,Don Jacinto SA A Y G,01/07/2022,31/07/2022,18/07/2022,3.46,9.13,34.3,0.0,54.5,3.42,14.0,6.76,,,
Tbo 292_Julio 2022.pdf,292,Don Jacinto SA A Y G,01/07/2022,31/07/2022,19/07/2022,3.2,9.3,35.9,0.0,56.3,3.46,14.0,6.75,,,(+) (+)
Tbo 292_Julio 2022.pdf,292,Don Jacinto SA A Y G,01/07/2022,31/07/2022,20/07/2022,3.01,8.98,34.1,0.0,53.7,3.36,14.0,6.77,355000.0,9000.0,(+) (+)
Tbo 292_Julio 2022.pdf,292,Don Jacinto SA A Y G,01/07/2022,31/07/2022,20/07/2022,3.4,9.17,34.5,0.0,54.8,3.44,14.0,6.77,,,(+) (+)
Tbo 292_Julio 2022.pdf,292,Don Jacinto SA A Y G,01/07/2022,31/07/2022,21/07/2022,3.28,9.17,35.3,0.0,55.4,3.41,14.0,6.78,,,
Tbo 292_Julio 2022.pdf,292,Don Jacinto SA A Y G,01/07/2022,31/07/2022,21/07/2022,3.21,9.2,34.8,0.0,55.1,3.45,14.0,6.74,722000.0,18000.0,
Tbo 292_Julio 2022.pdf,292,Don Jacinto SA A Y G,01/07/2022,31/07/2022,22/07/2022,3.05,9.17,34.8,0.0,55.0,3.44,14.0,6.8,,,
Tbo 292_Julio 2022.pdf,292,Don Jacinto SA A Y G,01/07/2022,31/07/2022,22/07/2022,,,,,,,14.0,6.8,,,
Tbo 292_Julio 2022.pdf,292,Don Jacinto SA A Y G,01/07/2022,31/07/2022,23/07/2022,3.37,9.06,34.1,0.0,54.1,3.4,14.0,6.8,,,
Tbo 292_Julio 2022.pdf,292,Don Jacinto SA A Y G,01/07/2022,31/07/2022,23/07/2022,3.13,9.19,35.5,0.0,55.6,3.42,14.0,6.82,,,
Tbo 292_Julio 2022.pdf,292,Don Jacinto SA A Y G,01/07/2022,31/07/2022,24/07/2022,3.23,9.13,34.5,0.0,54.6,3.42,14.0,6.77,,,
Tbo 292_Julio 2022.pdf,292,Don Jacinto SA A Y G,01/07/2022,31/07/2022,24/07/2022,3.25,9.02,34.8,0.0,54.5,3.36,14.0,6.79,,,
Tbo 292_Julio 2022.pdf,292,Don Jacinto SA A Y G,01/07/2022,31/07/2022,24/07/2022,,,,,,,14.0,6.79,,,
Tbo 292_Julio 2022.pdf,292,Don Jacinto SA A Y G,01/07/2022,31/07/2022,25/07/2022,3.08,9.15,34.7,0.0,54.8,3.43,14.0,6.78,,,
Tbo 292_Julio 2022.pdf,292,Don Jacinto SA A Y G,01/07/2022,31/07/2022,25/07/2022,3.48,9.31,35.0,0.0,55.7,3.49,14.0,6.8,,,
Tbo 292_Julio 2022.pdf,292,Don Jacinto SA A Y G,01/07/2022,31/07/2022,26/07/2022,3.18,9.19,35.5,0.0,55.6,3.42,14.0,6.77,,,
Tbo 292_Julio 2022.pdf,292,Don Jacinto SA A Y G,01/07/2022,31/07/2022,28/07/2022,3.78,9.04,34.4,0.0,54.4,3.37,14.0,6.77,370000.0,19000.0,
Tbo 292_Julio 2022.pdf,292,Don Jacinto SA A Y G,01/07/2022,31/07/2022,28/07/2022,,,,,,,14.0,6.77,,,
Tbo 292_Julio 2022.pdf,292,Don Jacinto SA A Y G,01/07/2022,31/07/2022,29/07/2022,3.65,9.13,34.1,0.0,54.4,3.43,14.0,6.74,,,
Tbo 292_Julio 2022.pdf,292,Don Jacinto SA A Y G,01/07/2022,31/07/2022,29/07/2022,3.52,9.44,35.5,0.0,65.5,3.54,14.0,6.75,,,
Tbo 292_Julio 2022.pdf,292,Don Jacinto SA A Y G,01/07/2022,31/07/2022,30/07/2022,3.09,9.25,35.1,0.0,55.5,3.47,14.0,6.73,,,
Tbo 292_Julio 2022.pdf,292,Don Jacinto SA A Y G,01/07/2022,31/07/2022,30/07/2022,3.47,8.67,30.7,0.0,50.8,3.27,14.0,6.66,,,
Tbo 292_Julio 2022.pdf,292,Don Jacinto SA A Y G,01/07/2022,31/07/2022,31/07/2022,3.05,9.06,35.1,0.0,54.8,3.37,14.0,6.66,,,
292 (37).pdf,292,Don Jacinto SA A Y G,01/08/2022,31/08/2022,01/08/2022,3.1,9.17,35.5,0.0,55.5,3.41,14.0,6.67,,,
292 (37).pdf,292,Don Jacinto SA A Y G,01/08/2022,31/08/2022,02/08/2022,3.45,9.15,34.4,0.0,54.7,3.43,14.0,6.83,,,
292 (37).pdf,292,Don Jacinto SA A Y G,01/08/2022,31/08/2022,02/08/2022,3.06,9.25,35.2,0.0,55.5,3.47,14.0,6.8,,,
292 (37).pdf,292,Don Jacinto SA A Y G,01/08/2022,31/08/2022,02/08/2022,,,,,,,14.0,6.66,,,
292 (37).pdf,292,Don Jacinto SA A Y G,01/08/2022,31/08/2022,03/08/2022,3.01,9.06,35.1,0.0,54.8,3.27,14.0,,394000.0,,"1,000,000"
292 (37).pdf,292,Don Jacinto SA A Y G,01/08/2022,31/08/2022,04/08/2022,,,,,,,14.0,6.66,,,
292 (37).pdf,292,Don Jacinto SA A Y G,01/08/2022,31/08/2022,04/08/2022,3.17,9.2,34.8,0.0,55.1,3.45,14.0,6.69,,,
292 (37).pdf,292,Don Jacinto SA A Y G,01/08/2022,31/08/2022,04/08/2022,3.09,9.19,34.6,0.0,55.1,3.44,14.0,6.73,600000.0,,"1,000,000"
292 (37).pdf,292,Don Jacinto SA A Y G,01/08/2022,31/08/2022,05/08/2022,3.42,9.07,34.1,0.0,54.1,3.4,14.0,6.79,,,
292 (37).pdf,292,Don Jacinto SA A Y G,01/08/2022,31/08/2022,05/08/2022,3.01,9.02,35.3,0.0,54.6,3.35,,,,,
292 (37).pdf,292,Don Jacinto SA A Y G,01/08/2022,31/08/2022,06/08/2022,,,,,,,14.0,6.75,,,
292 (37).pdf,292,Don Jacinto SA A Y G,01/08/2022,31/08/2022,06/08/2022,3.01,9.24,35.2,0.0,55.4,3.46,14.0,6.78,,,
292 (37).pdf,292,Don Jacinto SA A Y G,01/08/2022,31/08/2022,07/08/2022,3.09,9.17,34.8,0.0,54.9,3.44,14.0,6.72,,,
292 (37).pdf,292,Don Jacinto SA A Y G,01/08/2022,31/08/2022,07/08/2022,3.45,9.21,34.6,0.0,55.0,3.45,14.0,6.77,,,
292 (37).pdf,292,Don Jacinto SA A Y G,01/08/2022,31/08/2022,08/08/2022,3.01,8.95,34.7,0.0,54.1,3.33,14.0,6.77,,,
292 (37).pdf,292,Don Jacinto SA A Y G,01/08/2022,31/08/2022,08/08/2022,3.41,9.18,34.6,0.0,54.9,3.44,14.0,6.76,,,
292 (37).pdf,292,Don Jacinto SA A Y G,01/08/2022,31/08/2022,09/08/2022,3.06,9.15,34.7,0.0,54.8,3.43,14.0,6.79,,,
292 (37).pdf,292,Don Jacinto SA A Y G,01/08/2022,31/08/2022,10/08/2022,3.24,9.09,34.3,0.0,54.4,3.41,14.0,6.76,,,
292 (37).pdf,292,Don Jacinto SA A Y G,01/08/2022,31/08/2022,10/08/2022,3.36,9.12,34.4,0.0,54.5,3.42,14.0,6.76,,,
292 (37).pdf,292,Don Jacinto SA A Y G,01/08/2022,31/08/2022,11/08/2022,3.43,9.13,35.0,0.0,55.1,3.4,14.0,6.77,474000.0,54000.0,
292 (37).pdf,292,Don Jacinto SA A Y G,01/08/2022,31/08/2022,11/08/2022,3.13,9.15,34.7,0.0,54.8,3.43,14.0,6.81,,,
292 (37).pdf,292,Don Jacinto SA A Y G,01/08/2022,31/08/2022,12/08/2022,3.07,9.38,35.7,0.0,56.3,3.51,14.0,6.77,494000.0,38000.0,
292 (37).pdf,292,Don Jacinto SA A Y G,01/08/2022,31/08/2022,13/08/2022,3.37,9.15,35.2,0.0,55.3,3.41,14.0,6.74,,,
292 (37).pdf,292,Don Jacinto SA A Y G,01/08/2022,31/08/2022,13/08/2022,3.16,9.16,35.4,0.0,53.4,3.41,14.0,6.66,,,
292 (37).pdf,292,Don Jacinto SA A Y G,01/08/2022,31/08/2022,14/08/2022,3.01,9.37,35.7,0.0,56.3,3.51,14.0,6.74,,,
292 (37).pdf,292,Don Jacinto SA A Y G,01/08/2022,31/08/2022,14/08/2022,3.27,9.19,35.4,0.0,55.6,3.42,14.0,6.79,,,
292 (37).pdf,292,Don Jacinto SA A Y G,01/08/2022,31/08/2022,15/08/2022,3.14,9.47,36.0,0.0,56.9,3.55,14.0,6.8,,,
292 (37).pdf,292,Don Jacinto SA A Y G,01/08/2022,31/08/2022,16/08/2022,3.47,9.0,34.5,0.0,54.3,3.35,14.0,6.66,,,
292 (37).pdf,292,Don Jacinto SA A Y G,01/08/2022,31/08/2022,16/08/2022,3.14,9.0,32.1,0.0,54.1,3.39,14.0,6.66,,,
292 (37).pdf,292,Don Jacinto SA A Y G,01/08/2022,31/08/2022,16/08/2022,3.49,9.21,36.3,0.0,55.6,3.43,14.0,6.68,,,
292 (37).pdf,292,Don Jacinto SA A Y G,01/08/2022,31/08/2022,17/08/2022,3.11,9.33,35.4,0.0,56.0,3.55,14.0,6.69,605000.0,187000.0,
292 (37).pdf,292,Don Jacinto SA A Y G,01/08/2022,31/08/2022,18/08/2022,3.18,9.44,35.8,0.0,55.7,3.54,14.0,6.66,,,
292 (37).pdf,292,Don Jacinto SA A Y G,01/08/2022,31/08/2022,18/08/2022,3.57,9.32,35.7,0.0,55.3,3.47,14.0,6.68,556000.0,73000.0,
292 (37).pdf,292,Don Jacinto SA A Y G,01/08/2022,31/08/2022,19/08/2022,3.41,9.09,34.9,0.0,54.9,3.38,14.0,6.77,,,
292 (37).pdf,292,Don Jacinto SA A Y G,01/08/2022,31/08/2022,19/08/2022,3.09,9.4,35.7,0.0,56.4,3.52,14.0,6.79,,,
292 (37).pdf,292,Don Jacinto SA A Y G,01/08/2022,31/08/2022,19/08/2022,3.39,9.21,35.4,0.0,55.6,3.43,14.0,6.8,,,
292 (37).pdf,292,Don Jacinto SA A Y G,01/08/2022,31/08/2022,20/08/2022,3.01,9.29,35.4,0.0,55.8,3.48,14.0,6.75,,,
292 (37).pdf,292,Don Jacinto SA A Y G,01/08/2022,31/08/2022,21/08/2022,3.08,9.38,35.7,0.0,53.3,3.51,14.0,6.79,,,
292 (37).pdf,292,Don Jacinto SA A Y G,01/08/2022,31/08/2022,21/08/2022,3.31,9.07,34.9,0.0,54.8,3.38,14.0,6.8,,,
292 (37).pdf,292,Don Jacinto SA A Y G,01/08/2022,31/08/2022,21/08/2022,3.39,9.29,35.4,0.0,55.6,3.43,14.0,6.75,,,
292 (37).pdf,292,Don Jacinto SA A Y G,01/08/2022,31/08/2022,22/08/2022,3.07,9.47,36.0,0.0,56.9,3.55,14.0,6.76,,,
292 (37).pdf,292,Don Jacinto SA A Y G,01/08/2022,31/08/2022,22/08/2022,3.25,9.25,35.7,0.0,56.0,3.44,14.0,6.76,,,
292 (37).pdf,292,Don Jacinto SA A Y G,01/08/2022,31/08/2022,23/08/2022,4.71,9.15,33.3,0.0,54.0,3.44,14.0,6.78,,,
292 (37).pdf,292,Don Jacinto SA A Y G,01/08/2022,31/08/2022,23/08/2022,3.41,9.15,35.1,0.0,55.3,3.41,14.0,6.73,,,
292 (37).pdf,292,Don Jacinto SA A Y G,01/08/2022,31/08/2022,24/08/2022,3.02,9.3,35.4,0.0,55.8,3.48,14.0,6.73,,,
292 (37).pdf,292,Don Jacinto SA A Y G,01/08/2022,31/08/2022,25/08/2022,3.4,9.18,35.3,0.0,55.5,3.42,14.0,6.78,229000.0,110000.0,
292 (37).pdf,292,Don Jacinto SA A Y G,01/08/2022,31/08/2022,25/08/2022,3.86,8.9,33.7,0.0,53.5,3.32,14.0,6.74,,,
292 (37).pdf,292,Don Jacinto SA A Y G,01/08/2022,31/08/2022,25/08/2022,3.07,9.52,36.2,0.0,57.2,3.57,14.0,6.76,,,
292 (37).pdf,292,Don Jacinto SA A Y G,01/08/2022,31/08/2022,26/08/2022,3.05,9.45,36.0,0.0,56.8,3.54,14.0,6.76,709000.0,168000.0,
292 (37).pdf,292,Don Jacinto SA A Y G,01/08/2022,31/08/2022,27/08/2022,3.63,8.63,34.1,0.0,53.9,3.33,14.0,6.69,,,
292 (37).pdf,292,Don Jacinto SA A Y G,01/08/2022,31/08/2022,27/08/2022,3.69,8.86,33.7,0.0,53.0,3.3,14.0,6.66,,,
292 (37).pdf,292,Don Jacinto SA A Y G,01/08/2022,31/08/2022,28/08/2022,3.23,9.26,35.6,0.0,55.5,3.47,14.0,6.68,,,
292 (37).pdf,292,Don Jacinto SA A Y G,01/08/2022,31/08/2022,29/08/2022,3.52,8.9,34.0,0.0,53.6,3.32,14.0,6.79,,,
292 (37).pdf,292,Don Jacinto SA A Y G,01/08/2022,31/08/2022,29/08/2022,3.1,9.07,34.4,0.0,54.3,3.4,14.0,6.78,,,
292 (37).pdf,292,Don Jacinto SA A Y G,01/08/2022,31/08/2022,29/08/2022,4.0,8.85,30.1,0.0,53.0,3.3,14.0,6.66,,,
292 (37).pdf,292,Don Jacinto SA A Y G,01/08/2022,31/08/2022,30/08/2022,3.72,8.95,32.0,0.0,53.2,3.25,14.0,6.66,,,
292 (37).pdf,292,Don Jacinto SA A Y G,01/08/2022,31/08/2022,31/08/2022,3.16,9.3,35.3,0.0,55.8,3.48,14.0,6.74,,,
292 (37).pdf,292,Don Jacinto SA A Y G,01/08/2022,31/08/2022,31/08/2022,3.13,9.08,34.4,0.0,54.3,3.4,14.0,6.73,,,
Tbo 292_Sept 2022.pdf,292,Don Jacinto SA A Y G,01/09/2022,30/09/2022,01/09/2022,3.67,9.12,34.6,0.0,54.6,3.42,14.0,6.69,,,
Tbo 292_Sept 2022.pdf,292,Don Jacinto SA A Y G,01/09/2022,30/09/2022,01/09/2022,3.35,8.84,33.9,0.0,53.3,3.29,14.0,6.66,,,
Tbo 292_Sept 2022.pdf,292,Don Jacinto SA A Y G,01/09/2022,30/09/2022,02/09/2022,3.16,9.0,34.8,0.0,54.4,3.35,14.0,6.8,,,
Tbo 292_Sept 2022.pdf,292,Don Jacinto SA A Y G,01/09/2022,30/09/2022,02/09/2022,2.8,9.14,34.9,0.0,54.9,3.42,14.0,6.8,,,
Tbo 292_Sept 2022.pdf,292,Don Jacinto SA A Y G,01/09/2022,30/09/2022,02/09/2022,3.24,8.77,33.8,0.0,52.9,3.26,14.0,6.66,,,384.000 48.000
Tbo 292_Sept 2022.pdf,292,Don Jacinto SA A Y G,01/09/2022,30/09/2022,03/09/2022,2.98,9.06,34.6,0.0,54.6,3.4,14.0,6.69,,,320.000 28.000
Tbo 292_Sept 2022.pdf,292,Don Jacinto SA A Y G,01/09/2022,30/09/2022,04/09/2022,2.97,9.14,34.8,0.0,54.8,3.42,14.0,6.76,,,
Tbo 292_Sept 2022.pdf,292,Don Jacinto SA A Y G,01/09/2022,30/09/2022,04/09/2022,2.89,9.24,35.3,0.0,55.5,3.46,14.0,6.75,,,
Tbo 292_Sept 2022.pdf,292,Don Jacinto SA A Y G,01/09/2022,30/09/2022,04/09/2022,3.32,9.14,35.2,0.0,55.2,3.4,14.0,6.74,,,
Tbo 292_Sept 2022.pdf,292,Don Jacinto SA A Y G,01/09/2022,30/09/2022,05/09/2022,2.95,9.13,35.5,0.0,55.3,3.39,14.0,6.72,,,
Tbo 292_Sept 2022.pdf,292,Don Jacinto SA A Y G,01/09/2022,30/09/2022,05/09/2022,2.7,9.35,35.9,0.0,56.3,3.5,14.0,6.73,,,
Tbo 292_Sept 2022.pdf,292,Don Jacinto SA A Y G,01/09/2022,30/09/2022,06/09/2022,3.34,9.01,33.9,0.0,53.8,3.38,14.0,6.72,,,
Tbo 292_Sept 2022.pdf,292,Don Jacinto SA A Y G,01/09/2022,30/09/2022,07/09/2022,3.1,9.1,34.5,0.0,54.5,3.41,14.0,6.74,,,355.000 43.000
Tbo 292_Sept 2022.pdf,292,Don Jacinto SA A Y G,01/09/2022,30/09/2022,08/09/2022,3.38,8.82,33.8,0.0,53.1,3.28,14.0,6.66,,,412.000 164.000
Tbo 292_Sept 2022.pdf,292,Don Jacinto SA A Y G,01/09/2022,30/09/2022,08/09/2022,2.93,9.26,35.3,0.0,55.6,3.47,14.0,6.66,,,
Tbo 292_Sept 2022.pdf,292,Don Jacinto SA A Y G,01/09/2022,30/09/2022,08/09/2022,3.24,8.79,33.8,0.0,53.0,3.27,14.0,6.77,,,(+) (+)
Tbo 292_Sept 2022.pdf,292,Don Jacinto SA A Y G,01/09/2022,30/09/2022,09/09/2022,2.79,9.27,35.5,0.0,55.7,3.46,14.0,6.76,,,(+) (+)
Tbo 292_Sept 2022.pdf,292,Don Jacinto SA A Y G,01/09/2022,30/09/2022,09/09/2022,3.12,9.12,35.3,0.0,55.2,3.39,14.0,6.77,,,(+) (+)
Tbo 292_Sept 2022.pdf,292,Don Jacinto SA A Y G,01/09/2022,30/09/2022,10/09/2022,3.03,9.48,36.0,0.0,56.8,3.54,14.0,6.78,,,(+) (+)
Tbo 292_Sept 2022.pdf,292,Don Jacinto SA A Y G,01/09/2022,30/09/2022,10/09/2022,3.23,8.84,34.0,0.0,53.3,3.29,14.0,6.77,,,(+) (+)
Tbo 292_Sept 2022.pdf,292,Don Jacinto SA A Y G,01/09/2022,30/09/2022,11/09/2022,2.75,9.32,35.7,0.0,56.1,3.49,14.0,6.78,,,(+) (+)
Tbo 292_Sept 2022.pdf,292,Don Jacinto SA A Y G,01/09/2022,30/09/2022,12/09/2022,3.61,8.34,31.7,2.51,50.0,3.11,14.0,6.78,,,(+) (+)
Tbo 292_Sept 2022.pdf,292,Don Jacinto SA A Y G,01/09/2022,30/09/2022,12/09/2022,2.94,9.22,35.2,0.0,55.4,3.45,14.0,6.69,,,
Tbo 292_Sept 2022.pdf,292,Don Jacinto SA A Y G,01/09/2022,30/09/2022,12/09/2022,2.9,9.24,35.3,0.0,53.5,3.46,14.0,6.77,,,(+) (+)
Tbo 292_Sept 2022.pdf,292,Don Jacinto SA A Y G,01/09/2022,30/09/2022,13/09/2022,2.91,9.03,35.1,0.0,54.7,3.36,14.0,6.66,,,
Tbo 292_Sept 2022.pdf,292,Don Jacinto SA A Y G,01/09/2022,30/09/2022,14/09/2022,2.97,9.36,35.7,0.0,56.3,3.5,14.0,6.73,,,
Tbo 292_Sept 2022.pdf,292,Don Jacinto SA A Y G,01/09/2022,30/09/2022,14/09/2022,2.98,9.03,35.0,0.0,54.7,3.36,14.0,6.73,,,
Tbo 292_Sept 2022.pdf,292,Don Jacinto SA A Y G,01/09/2022,30/09/2022,15/09/2022,3.28,8.95,34.4,0.0,52.3,3.33,14.0,6.66,,,
Tbo 292_Sept 2022.pdf,292,Don Jacinto SA A Y G,01/09/2022,30/09/2022,15/09/2022,2.79,9.2,35.2,0.0,55.3,3.44,14.0,6.69,,,531.000 20.000
Tbo 292_Sept 2022.pdf,292,Don Jacinto SA A Y G,01/09/2022,30/09/2022,16/09/2022,2.86,8.99,34.9,0.0,54.4,3.34,14.0,6.74,,,447.000 25.000
Tbo 292_Sept 2022.pdf,292,Don Jacinto SA A Y G,01/09/2022,30/09/2022,16/09/2022,3.2,9.19,34.8,0.0,52.2,3.35,14.0,6.74,,,
Tbo 292_Sept 2022.pdf,292,Don Jacinto SA A Y G,01/09/2022,30/09/2022,16/09/2022,2.91,8.88,34.5,0.0,53.7,3.3,14.0,6.8,,,
Tbo 292_Sept 2022.pdf,292,Don Jacinto SA A Y G,01/09/2022,30/09/2022,17/09/2022,2.7,9.24,35.4,0.0,55.6,3.46,14.0,6.8,,,
Tbo 292_Sept 2022.pdf,292,Don Jacinto SA A Y G,01/09/2022,30/09/2022,18/09/2022,3.01,9.15,35.5,0.0,55.4,3.4,14.0,6.79,,,
Tbo 292_Sept 2022.pdf,292,Don Jacinto SA A Y G,01/09/2022,30/09/2022,18/09/2022,2.98,9.55,36.4,0.0,54.5,3.58,14.0,6.8,,,
Tbo 292_Sept 2022.pdf,292,Don Jacinto SA A Y G,01/09/2022,30/09/2022,19/09/2022,3.05,9.01,34.9,0.0,54.5,3.35,14.0,6.8,,,
Tbo 292_Sept 2022.pdf,292,Don Jacinto SA A Y G,01/09/2022,30/09/2022,19/09/2022,2.65,9.08,34.8,0.0,51.5,3.4,14.0,6.79,,,
Tbo 292_Sept 2022.pdf,292,Don Jacinto SA A Y G,01/09/2022,30/09/2022,19/09/2022,2.83,9.59,36.7,0.0,57.9,3.59,14.0,6.74,,,
Tbo 292_Sept 2022.pdf,292,Don Jacinto SA A Y G,01/09/2022,30/09/2022,20/09/2022,2.96,9.22,35.1,0.0,55.3,3.45,14.0,6.74,,,
Tbo 292_Sept 2022.pdf,292,Don Jacinto SA A Y G,01/09/2022,30/09/2022,20/09/2022,3.16,8.91,34.4,0.0,53.8,3.32,14.0,6.76,,,
Tbo 292_Sept 2022.pdf,292,Don Jacinto SA A Y G,01/09/2022,30/09/2022,21/09/2022,,,,,,,14.0,6.73,,,
Tbo 292_Sept 2022.pdf,292,Don Jacinto SA A Y G,01/09/2022,30/09/2022,21/09/2022,2.65,9.22,35.4,0.0,55.5,3.45,14.0,6.75,,,393.000 31.000
Tbo 292_Sept 2022.pdf,292,Don Jacinto SA A Y G,01/09/2022,30/09/2022,22/09/2022,2.91,9.17,35.0,0.0,55.0,3.43,14.0,6.75,,,433.000 38.000
Tbo 292_Sept 2022.pdf,292,Don Jacinto SA A Y G,01/09/2022,30/09/2022,22/09/2022,3.74,9.03,34.4,0.0,54.3,3.37,14.0,6.73,,,
Tbo 292_Sept 2022.pdf,292,Don Jacinto SA A Y G,01/09/2022,30/09/2022,23/09/2022,2.72,9.2,35.3,0.0,55.3,3.44,14.0,6.73,,,
Tbo 292_Sept 2022.pdf,292,Don Jacinto SA A Y G,01/09/2022,30/09/2022,23/09/2022,2.88,9.33,35.6,0.0,56.1,3.49,14.0,6.74,,,
Tbo 292_Sept 2022.pdf,292,Don Jacinto SA A Y G,01/09/2022,30/09/2022,24/09/2022,,,,,,,14.0,6.74,,,
Tbo 292_Sept 2022.pdf,292,Don Jacinto SA A Y G,01/09/2022,30/09/2022,24/09/2022,2.99,8.89,34.4,0.0,53.7,3.3,14.0,6.76,,,
Tbo 292_Sept 2022.pdf,292,Don Jacinto SA A Y G,01/09/2022,30/09/2022,25/09/2022,2.59,9.19,35.3,0.0,55.3,3.44,14.0,6.77,,,
Tbo 292_Sept 2022.pdf,292,Don Jacinto SA A Y G,01/09/2022,30/09/2022,26/09/2022,2.74,9.19,35.2,0.0,55.2,3.44,14.0,6.69,,,
Tbo 292_Sept 2022.pdf,292,Don Jacinto SA A Y G,01/09/2022,30/09/2022,26/09/2022,2.88,9.05,35.2,0.0,54.8,3.36,14.0,6.66,,,
Tbo 292_Sept 2022.pdf,292,Don Jacinto SA A Y G,01/09/2022,30/09/2022,27/09/2022,2.77,9.15,35.0,0.0,55.4,3.4,14.0,6.68,,,
Tbo 292_Sept 2022.pdf,292,Don Jacinto SA A Y G,01/09/2022,30/09/2022,27/09/2022,2.53,9.1,35.0,0.0,54.7,3.4,14.0,6.8,,,
Tbo 292_Sept 2022.pdf,292,Don Jacinto SA A Y G,01/09/2022,30/09/2022,27/09/2022,3.0,9.04,35.1,0.0,54.7,3.36,14.0,6.79,,,
Tbo 292_Sept 2022.pdf,292,Don Jacinto SA A Y G,01/09/2022,30/09/2022,28/09/2022,2.68,9.19,35.2,0.0,55.3,3.44,14.0,6.69,,,
Tbo 292_Sept 2022.pdf,292,Don Jacinto SA A Y G,01/09/2022,30/09/2022,29/09/2022,3.09,9.21,35.0,0.0,55.2,3.45,14.0,6.76,,,
Tbo 292_Sept 2022.pdf,292,Don Jacinto SA A Y G,01/09/2022,30/09/2022,29/09/2022,2.61,9.23,35.5,0.0,55.6,3.45,14.0,6.74,,,
Tbo 292_Sept 2022.pdf,292,Don Jacinto SA A Y G,01/09/2022,30/09/2022,30/09/2022,2.75,8.93,34.8,0.0,54.1,3.32,14.0,6.69,,,
Tbo 292_Sept 2022.pdf,292,Don Jacinto SA A Y G,01/09/2022,30/09/2022,30/09/2022,2.87,8.49,36.0,0.0,53.7,3.53,14.0,6.68,,,
292 (38).pdf,292,Don Jacinto SA A Y G,01/10/2022,15/10/2022,01/10/2022,2.72,9.21,35.3,0.0,55.4,3.45,14.0,6.75,,,
292 (38).pdf,292,Don Jacinto SA A Y G,01/10/2022,15/10/2022,01/10/2022,2.3,9.09,35.2,0.0,54.7,3.4,14.0,6.74,,,
292 (38).pdf,292,Don Jacinto SA A Y G,01/10/2022,15/10/2022,01/10/2022,2.6,9.33,35.9,0.0,56.2,3.49,14.0,6.71,,,
292 (38).pdf,292,Don Jacinto SA A Y G,01/10/2022,15/10/2022,02/10/2022,2.52,9.17,35.3,0.0,55.2,3.43,14.0,6.78,,,
292 (38).pdf,292,Don Jacinto SA A Y G,01/10/2022,15/10/2022,02/10/2022,2.57,8.99,34.5,0.0,53.9,3.36,14.0,6.71,,,
292 (38).pdf,292,Don Jacinto SA A Y G,01/10/2022,15/10/2022,03/10/2022,2.6,9.1,35.7,0.0,55.3,3.38,14.0,6.77,,,
292 (38).pdf,292,Don Jacinto SA A Y G,01/10/2022,15/10/2022,03/10/2022,,,,,,,14.0,6.77,,,
292 (38).pdf,292,Don Jacinto SA A Y G,01/10/2022,15/10/2022,04/10/2022,2.58,9.23,35.5,0.0,55.6,3.45,14.0,6.76,,,
292 (38).pdf,292,Don Jacinto SA A Y G,01/10/2022,15/10/2022,04/10/2022,2.86,9.05,35.2,0.0,54.8,3.36,14.0,6.76,,,
292 (38).pdf,292,Don Jacinto SA A Y G,01/10/2022,15/10/2022,05/10/2022,2.49,9.2,35.5,0.0,55.4,3.44,14.0,6.78,,,500.000 14.000
292 (38).pdf,292,Don Jacinto SA A Y G,01/10/2022,15/10/2022,06/10/2022,2.55,9.31,35.9,0.0,56.1,3.48,14.0,6.75,,,620.000 13.000
292 (38).pdf,292,Don Jacinto SA A Y G,01/10/2022,15/10/2022,06/10/2022,2.64,9.17,35.2,0.0,55.1,3.43,14.0,6.76,,,
292 (38).pdf,292,Don Jacinto SA A Y G,01/10/2022,15/10/2022,07/10/2022,2.51,9.14,34.9,0.0,53.6,3.39,14.0,6.79,,,
292 (38).pdf,292,Don Jacinto SA A Y G,01/10/2022,15/10/2022,08/10/2022,2.61,9.13,35.1,0.0,54.9,3.42,14.0,6.66,,,
292 (38).pdf,292,Don Jacinto SA A Y G,01/10/2022,15/10/2022,09/10/2022,2.84,8.93,34.8,0.0,54.0,3.32,14.0,6.69,,,
292 (38).pdf,292,Don Jacinto SA A Y G,01/10/2022,15/10/2022,09/10/2022,2.6,9.18,36.0,0.0,55.8,3.41,14.0,6.68,,,
292 (38).pdf,292,Don Jacinto SA A Y G,01/10/2022,15/10/2022,09/10/2022,2.48,9.16,35.2,0.0,54.9,3.42,14.0,6.69,,,
292 (38).pdf,292,Don Jacinto SA A Y G,01/10/2022,15/10/2022,10/10/2022,2.87,9.02,35.3,0.0,54.7,3.35,14.0,6.68,,,
292 (38).pdf,292,Don Jacinto SA A Y G,01/10/2022,15/10/2022,10/10/2022,2.71,9.22,35.2,0.0,55.3,3.45,14.0,6.69,,,
292 (38).pdf,292,Don Jacinto SA A Y G,01/10/2022,15/10/2022,11/10/2022,2.42,9.19,35.5,0.0,55.4,3.44,14.0,6.67,,,
292 (38).pdf,292,Don Jacinto SA A Y G,01/10/2022,15/10/2022,11/10/2022,2.43,9.21,35.0,0.0,55.5,3.24,14.0,6.79,,,
292 (38).pdf,292,Don Jacinto SA A Y G,01/10/2022,15/10/2022,12/10/2022,2.72,8.89,35.5,0.0,54.2,3.38,14.0,6.66,,,440.000 14.000
292 (38).pdf,292,Don Jacinto SA A Y G,01/10/2022,15/10/2022,13/10/2022,2.32,9.17,35.5,0.0,55.3,3.43,14.0,6.74,,,
292 (38).pdf,292,Don Jacinto SA A Y G,01/10/2022,15/10/2022,13/10/2022,2.64,9.07,35.5,0.0,55.1,3.37,14.0,6.69,,,
292 (38).pdf,292,Don Jacinto SA A Y G,01/10/2022,15/10/2022,13/10/2022,2.53,9.11,35.1,0.0,54.8,3.41,14.0,6.75,,,451.000 9.000
292 (38).pdf,292,Don Jacinto SA A Y G,01/10/2022,15/10/2022,14/10/2022,2.62,9.12,33.6,0.0,54.8,3.41,14.0,6.9,,,
292 (38).pdf,292,Don Jacinto SA A Y G,01/10/2022,15/10/2022,14/10/2022,2.75,8.9,34.7,0.0,53.9,3.31,14.0,6.79,,,
292 (38).pdf,292,Don Jacinto SA A Y G,01/10/2022,15/10/2022,15/10/2022,2.67,9.48,35.2,0.0,55.2,3.44,14.0,6.78,,,
Tbo 292_Diciembre 2022 (1).pdf,292,Don Jacinto SA A Y G,01/12/2022,31/12/2022,01/12/2022,3.23,8.9,34.5,0.0,54.0,3.33,14.0,6.74,,,
Tbo 292_Diciembre 2022 (1).pdf,292,Don Jacinto SA A Y G,01/12/2022,31/12/2022,01/12/2022,2.85,9.06,34.6,0.0,54.3,3.39,14.0,6.76,,,1.832.000 184.000
Tbo 292_Diciembre 2022 (1).pdf,292,Don Jacinto SA A Y G,01/12/2022,31/12/2022,02/12/2022,2.6,9.03,34.7,0.0,54.0,3.38,14.0,6.77,,,
Tbo 292_Diciembre 2022 (1).pdf,292,Don Jacinto SA A Y G,01/12/2022,31/12/2022,02/12/2022,,,,,,,14.0,6.73,,,540.000 24.000
Tbo 292_Diciembre 2022 (1).pdf,292,Don Jacinto SA A Y G,01/12/2022,31/12/2022,03/12/2022,2.61,9.29,35.7,0.0,56.0,3.48,14.0,6.73,,,
Tbo 292_Diciembre 2022 (1).pdf,292,Don Jacinto SA A Y G,01/12/2022,31/12/2022,04/12/2022,2.79,8.89,33.9,0.0,52.7,3.37,14.0,6.76,,,
Tbo 292_Diciembre 2022 (1).pdf,292,Don Jacinto SA A Y G,01/12/2022,31/12/2022,04/12/2022,2.69,9.04,34.6,0.0,54.2,3.38,14.0,6.75,,,
Tbo 292_Diciembre 2022 (1).pdf,292,Don Jacinto SA A Y G,01/12/2022,31/12/2022,05/12/2022,2.67,9.21,36.0,0.0,56.7,3.42,14.0,6.69,,,
Tbo 292_Diciembre 2022 (1).pdf,292,Don Jacinto SA A Y G,01/12/2022,31/12/2022,05/12/2022,2.84,9.08,35.4,0.0,55.0,3.37,14.0,6.74,,,
Tbo 292_Diciembre 2022 (1).pdf,292,Don Jacinto SA A Y G,01/12/2022,31/12/2022,06/12/2022,2.81,9.13,34.0,0.0,54.8,3.42,14.0,6.74,,,
Tbo 292_Diciembre 2022 (1).pdf,292,Don Jacinto SA A Y G,01/12/2022,31/12/2022,06/12/2022,2.77,8.98,35.0,0.0,54.3,3.36,14.0,6.69,,,248.000 46.000
Tbo 292_Diciembre 2022 (1).pdf,292,Don Jacinto SA A Y G,01/12/2022,31/12/2022,07/12/2022,2.85,8.96,34.2,0.0,53.8,3.36,14.0,6.66,,,746.000 40.000
Tbo 292_Diciembre 2022 (1).pdf,292,Don Jacinto SA A Y G,01/12/2022,31/12/2022,08/12/2022,2.82,8.92,34.0,0.0,54.0,3.34,14.0,6.4,,,
Tbo 292_Diciembre 2022 (1).pdf,292,Don Jacinto SA A Y G,01/12/2022,31/12/2022,08/12/2022,2.57,8.91,34.2,0.0,53.4,3.33,14.0,6.73,,,
Tbo 292_Diciembre 2022 (1).pdf,292,Don Jacinto SA A Y G,01/12/2022,31/12/2022,08/12/2022,3.06,9.02,34.2,0.0,54.0,3.38,14.0,6.77,,,
Tbo 292_Diciembre 2022 (1).pdf,292,Don Jacinto SA A Y G,01/12/2022,31/12/2022,09/12/2022,2.75,9.04,34.6,0.0,54.2,3.38,14.0,6.77,,,
Tbo 292_Diciembre 2022 (1).pdf,292,Don Jacinto SA A Y G,01/12/2022,31/12/2022,09/12/2022,3.54,9.06,34.7,0.0,54.6,3.37,14.0,6.69,,,
Tbo 292_Diciembre 2022 (1).pdf,292,Don Jacinto SA A Y G,01/12/2022,31/12/2022,10/12/2022,3.07,8.81,33.4,0.0,52.6,3.3,14.0,6.68,,,
Tbo 292_Diciembre 2022 (1).pdf,292,Don Jacinto SA A Y G,01/12/2022,31/12/2022,11/12/2022,2.92,8.87,34.4,0.0,53.6,3.3,14.0,6.73,,,
Tbo 292_Diciembre 2022 (1).pdf,292,Don Jacinto SA A Y G,01/12/2022,31/12/2022,11/12/2022,2.86,8.94,34.1,0.0,53.5,3.35,14.0,6.77,,,
Tbo 292_Diciembre 2022 (1).pdf,292,Don Jacinto SA A Y G,01/12/2022,31/12/2022,11/12/2022,2.81,8.93,34.1,0.0,53.5,3.34,14.0,6.77,,,
Tbo 292_Diciembre 2022 (1).pdf,292,Don Jacinto SA A Y G,01/12/2022,31/12/2022,12/12/2022,2.79,9.06,34.6,0.0,54.3,3.39,14.0,6.75,,,
Tbo 292_Diciembre 2022 (1).pdf,292,Don Jacinto SA A Y G,01/12/2022,31/12/2022,13/12/2022,3.15,9.25,35.8,0.0,54.7,3.37,14.0,6.67,,,
Tbo 292_Diciembre 2022 (1).pdf,292,Don Jacinto SA A Y G,01/12/2022,31/12/2022,14/12/2022,2.8,8.96,34.6,0.0,53.7,3.36,14.0,6.69,,,
Tbo 292_Diciembre 2022 (1).pdf,292,Don Jacinto SA A Y G,01/12/2022,31/12/2022,15/12/2022,3.03,9.08,34.3,0.0,54.4,3.4,14.0,6.68,,,380.000 95.000
Tbo 292_Diciembre 2022 (1).pdf,292,Don Jacinto SA A Y G,01/12/2022,31/12/2022,15/12/2022,2.84,9.09,35.4,0.0,54.1,3.38,14.0,6.73,,,
Tbo 292_Diciembre 2022 (1).pdf,292,Don Jacinto SA A Y G,01/12/2022,31/12/2022,16/12/2022,2.93,9.05,35.2,0.0,54.0,3.36,14.0,6.74,,,438.000 36.000
Tbo 292_Diciembre 2022 (1).pdf,292,Don Jacinto SA A Y G,01/12/2022,31/12/2022,16/12/2022,2.87,8.99,34.3,0.0,53.8,3.37,14.0,6.74,,,
Tbo 292_Diciembre 2022 (1).pdf,292,Don Jacinto SA A Y G,01/12/2022,31/12/2022,17/12/2022,3.1,8.71,33.0,0.0,52.9,3.31,14.0,6.75,,,
Tbo 292_Diciembre 2022 (1).pdf,292,Don Jacinto SA A Y G,01/12/2022,31/12/2022,17/12/2022,3.02,9.12,34.7,0.0,54.7,3.42,14.0,6.74,,,
Tbo 292_Diciembre 2022 (1).pdf,292,Don Jacinto SA A Y G,01/12/2022,31/12/2022,18/12/2022,2.85,8.82,34.7,0.0,53.9,3.31,14.0,6.77,,,
Tbo 292_Diciembre 2022 (1).pdf,292,Don Jacinto SA A Y G,01/12/2022,31/12/2022,18/12/2022,,,,,,,14.0,6.71,,,
Tbo 292_Diciembre 2022 (1).pdf,292,Don Jacinto SA A Y G,01/12/2022,31/12/2022,19/12/2022,2.96,8.89,32.8,0.0,53.1,3.33,14.0,6.77,,,
Tbo 292_Diciembre 2022 (1).pdf,292,Don Jacinto SA A Y G,01/12/2022,31/12/2022,20/12/2022,3.01,8.96,34.0,0.0,53.6,3.36,14.0,6.74,,,
Tbo 292_Diciembre 2022 (1).pdf,292,Don Jacinto SA A Y G,01/12/2022,31/12/2022,20/12/2022,3.13,9.29,32.5,0.0,55.4,3.39,14.0,6.69,,,
Tbo 292_Diciembre 2022 (1).pdf,292,Don Jacinto SA A Y G,01/12/2022,31/12/2022,20/12/2022,2.87,9.02,34.4,0.0,54.0,3.38,14.0,6.74,,,
Tbo 292_Diciembre 2022 (1).pdf,292,Don Jacinto SA A Y G,01/12/2022,31/12/2022,21/12/2022,2.96,8.93,33.9,0.0,53.4,3.35,14.0,6.69,,,828.000 62.000
Tbo 292_Diciembre 2022 (1).pdf,292,Don Jacinto SA A Y G,01/12/2022,31/12/2022,22/12/2022,2.69,9.02,34.6,0.0,54.1,3.38,14.0,6.73,,,
Tbo 292_Diciembre 2022 (1).pdf,292,Don Jacinto SA A Y G,01/12/2022,31/12/2022,22/12/2022,2.84,8.98,34.3,0.0,53.8,3.36,14.0,6.73,,,561.000 31.000
Tbo 292_Diciembre 2022 (1).pdf,292,Don Jacinto SA A Y G,01/12/2022,31/12/2022,23/12/2022,2.79,9.03,34.5,0.0,54.1,3.38,14.0,6.69,,,
Tbo 292_Diciembre 2022 (1).pdf,292,Don Jacinto SA A Y G,01/12/2022,31/12/2022,24/12/2022,2.89,9.03,35.1,0.0,54.7,3.36,14.0,6.68,,,
Tbo 292_Diciembre 2022 (1).pdf,292,Don Jacinto SA A Y G,01/12/2022,31/12/2022,24/12/2022,2.92,9.15,34.9,0.0,54.9,3.35,14.0,6.66,,,
Tbo 292_Diciembre 2022 (1).pdf,292,Don Jacinto SA A Y G,01/12/2022,31/12/2022,24/12/2022,2.85,9.01,35.1,0.0,54.6,3.35,14.0,6.69,,,
Tbo 292_Diciembre 2022 (1).pdf,292,Don Jacinto SA A Y G,01/12/2022,31/12/2022,25/12/2022,2.87,9.15,34.9,0.0,54.9,3.43,6.78,6.78,,,
Tbo 292_Diciembre 2022 (1).pdf,292,Don Jacinto SA A Y G,01/12/2022,31/12/2022,25/12/2022,2.84,9.18,35.1,0.0,55.1,3.44,14.0,6.78,,,
Tbo 292_Diciembre 2022 (1).pdf,292,Don Jacinto SA A Y G,01/12/2022,31/12/2022,26/12/2022,2.93,9.1,34.6,0.0,54.6,3.35,14.0,6.78,,,
Tbo 292_Diciembre 2022 (1).pdf,292,Don Jacinto SA A Y G,01/12/2022,31/12/2022,26/12/2022,2.77,9.06,33.7,0.0,53.6,3.35,14.0,6.75,,,
Tbo 292_Diciembre 2022 (1).pdf,292,Don Jacinto SA A Y G,01/12/2022,31/12/2022,27/12/2022,2.83,9.07,34.6,0.0,54.4,3.4,14.0,6.74,,,
Tbo 292_Diciembre 2022 (1).pdf,292,Don Jacinto SA A Y G,01/12/2022,31/12/2022,27/12/2022,2.9,8.88,33.7,0.0,53.1,3.35,14.0,6.77,,,
Tbo 292_Diciembre 2022 (1).pdf,292,Don Jacinto SA A Y G,01/12/2022,31/12/2022,28/12/2022,2.93,9.0,34.2,0.0,54.0,3.4,14.0,6.76,,,455.000 11.000
Tbo 292_Diciembre 2022 (1).pdf,292,Don Jacinto SA A Y G,01/12/2022,31/12/2022,28/12/2022,2.9,8.93,34.7,0.0,54.0,3.31,14.0,6.68,,,
Tbo 292_Diciembre 2022 (1).pdf,292,Don Jacinto SA A Y G,01/12/2022,31/12/2022,29/12/2022,2.95,8.97,34.2,0.0,55.7,3.32,14.0,6.69,,,
Tbo 292_Diciembre 2022 (1).pdf,292,Don Jacinto SA A Y G,01/12/2022,31/12/2022,29/12/2022,3.33,9.19,35.6,0.0,55.7,3.42,14.0,6.69,,,519.000 15.000
Tbo 292_Diciembre 2022 (1).pdf,292,Don Jacinto SA A Y G,01/12/2022,31/12/2022,30/12/2022,2.87,9.1,33.7,0.0,53.9,3.41,14.0,6.74,,,
Tbo 292_Diciembre 2022 (1).pdf,292,Don Jacinto SA A Y G,01/12/2022,31/12/2022,30/12/2022,2.74,9.0,34.4,0.0,54.0,3.37,14.0,6.68,,,
Tbo 292_Diciembre 2022 (1).pdf,292,Don Jacinto SA A Y G,01/12/2022,31/12/2022,31/12/2022,2.81,9.12,34.8,0.0,54.7,3.41,14.0,6.75,,,
qc_202302.pdf,292,Don Jacinto SA A Y G,01/02/2023,28/02/2023,02/02/2023,2.95,8.79,33.4,0.0,52.5,3.3,14.0,6.76,,,
qc_202302.pdf,292,Don Jacinto SA A Y G,01/02/2023,28/02/2023,02/02/2023,2.75,8.86,33.9,0.0,53.0,3.32,14.0,6.75,,,
qc_202302.pdf,292,Don Jacinto SA A Y G,01/02/2023,28/02/2023,03/02/2023,2.98,8.98,34.1,0.0,53.7,3.36,14.0,6.74,,,
qc_202302.pdf,292,Don Jacinto SA A Y G,01/02/2023,28/02/2023,03/02/2023,2.76,8.92,34.1,0.0,53.4,3.34,14.0,6.72,,,
qc_202302.pdf,292,Don Jacinto SA A Y G,01/02/2023,28/02/2023,04/02/2023,2.86,8.96,34.2,0.0,53.6,3.36,14.0,6.72,,,
qc_202302.pdf,292,Don Jacinto SA A Y G,01/02/2023,28/02/2023,04/02/2023,2.85,8.9,33.9,0.0,53.2,3.32,14.0,6.73,620000.0,12000.0,
qc_202302.pdf,292,Don Jacinto SA A Y G,01/02/2023,28/02/2023,05/02/2023,2.92,8.87,33.8,0.0,53.0,3.32,14.0,6.75,561000.0,17000.0,
qc_202302.pdf,292,Don Jacinto SA A Y G,01/02/2023,28/02/2023,05/02/2023,3.1,8.96,33.7,0.0,53.5,3.36,14.0,6.74,,,
qc_202302.pdf,292,Don Jacinto SA A Y G,01/02/2023,28/02/2023,05/02/2023,2.87,8.87,33.8,0.0,53.0,3.32,14.0,6.76,,,
qc_202302.pdf,292,Don Jacinto SA A Y G,01/02/2023,28/02/2023,06/02/2023,2.79,8.78,33.5,0.0,52.5,3.29,14.0,6.68,,,
qc_202302.pdf,292,Don Jacinto SA A Y G,01/02/2023,28/02/2023,06/02/2023,2.91,8.9,33.9,0.0,53.2,3.33,14.0,6.75,,,
qc_202302.pdf,292,Don Jacinto SA A Y G,01/02/2023,28/02/2023,07/02/2023,2.92,8.83,33.6,0.0,52.8,3.31,14.0,6.75,,,
qc_202302.pdf,292,Don Jacinto SA A Y G,01/02/2023,28/02/2023,07/02/2023,2.91,8.87,33.8,0.0,53.0,3.32,14.0,6.76,,,
qc_202302.pdf,292,Don Jacinto SA A Y G,01/02/2023,28/02/2023,08/02/2023,3.21,9.0,34.0,0.0,53.8,3.37,14.0,6.72,517000.0,11000.0,
qc_202302.pdf,292,Don Jacinto SA A Y G,01/02/2023,28/02/2023,08/02/2023,2.94,8.85,33.7,0.0,52.9,3.32,14.0,6.74,,,
qc_202302.pdf,292,Don Jacinto SA A Y G,01/02/2023,28/02/2023,09/02/2023,3.0,8.8,33.4,0.0,52.5,3.3,14.0,6.7,508000.0,13000.0,
qc_202302.pdf,292,Don Jacinto SA A Y G,01/02/2023,28/02/2023,09/02/2023,3.38,8.74,32.8,0.0,52.0,3.28,14.0,6.77,,,
qc_202302.pdf,292,Don Jacinto SA A Y G,01/02/2023,28/02/2023,10/02/2023,3.06,8.78,33.3,0.0,52.4,3.29,14.0,6.76,,,
qc_202302.pdf,292,Don Jacinto SA A Y G,01/02/2023,28/02/2023,11/02/2023,3.7,8.75,32.6,0.0,52.0,3.29,14.0,6.69,,,
qc_202302.pdf,292,Don Jacinto SA A Y G,01/02/2023,28/02/2023,11/02/2023,3.14,9.14,35.0,0.0,55.4,3.41,14.0,6.69,,,
qc_202302.pdf,292,Don Jacinto SA A Y G,01/02/2023,28/02/2023,12/02/2023,,,0.0,54.0,3.34,,,,,,
qc_202302.pdf,292,Don Jacinto SA A Y G,01/02/2023,28/02/2023,12/02/2023,3.18,8.84,33.4,0.0,52.7,3.27,14.0,6.68,,,
qc_202302.pdf,292,Don Jacinto SA A Y G,01/02/2023,28/02/2023,13/02/2023,3.06,8.98,34.8,0.0,54.3,3.34,14.0,6.66,,,
qc_202302.pdf,292,Don Jacinto SA A Y G,01/02/2023,28/02/2023,13/02/2023,3.35,8.85,33.5,0.0,52.8,3.32,14.0,6.66,,,
qc_202302.pdf,292,Don Jacinto SA A Y G,01/02/2023,28/02/2023,14/02/2023,3.27,8.77,33.0,0.0,52.3,3.29,14.0,6.78,,,
qc_202302.pdf,292,Don Jacinto SA A Y G,01/02/2023,28/02/2023,14/02/2023,3.11,8.9,33.7,0.0,53.2,3.34,14.0,6.74,,,
qc_202302.pdf,292,Don Jacinto SA A Y G,01/02/2023,28/02/2023,15/02/2023,3.57,9.13,33.0,0.0,55.1,3.4,14.0,6.79,,,
qc_202302.pdf,292,Don Jacinto SA A Y G,01/02/2023,28/02/2023,15/02/2023,3.25,8.77,33.0,0.0,52.3,3.29,14.0,6.69,687000.0,15000.0,
qc_202302.pdf,292,Don Jacinto SA A Y G,01/02/2023,28/02/2023,16/02/2023,3.16,9.14,35.3,0.0,55.3,3.27,14.0,6.66,,,
qc_202302.pdf,292,Don Jacinto SA A Y G,01/02/2023,28/02/2023,16/02/2023,2.97,8.87,33.7,0.0,53.0,3.32,14.0,6.74,,,
qc_202302.pdf,292,Don Jacinto SA A Y G,01/02/2023,28/02/2023,16/02/2023,3.1,8.88,33.6,0.0,53.0,3.33,14.0,6.76,706000.0,8000.0,
qc_202302.pdf,292,Don Jacinto SA A Y G,01/02/2023,28/02/2023,17/02/2023,3.04,8.9,33.8,0.0,53.2,3.34,14.0,6.66,,,
qc_202302.pdf,292,Don Jacinto SA A Y G,01/02/2023,28/02/2023,17/02/2023,3.3,9.09,34.3,0.0,54.3,3.41,14.0,6.69,,,
qc_202302.pdf,292,Don Jacinto SA A Y G,01/02/2023,28/02/2023,18/02/2023,3.49,9.18,35.1,0.0,55.4,3.42,14.0,6.66,,,
qc_202302.pdf,292,Don Jacinto SA A Y G,01/02/2023,28/02/2023,19/02/2023,3.21,8.98,34.1,0.0,53.6,3.37,14.0,6.74,,,
qc_202302.pdf,292,Don Jacinto SA A Y G,01/02/2023,28/02/2023,19/02/2023,3.09,9.0,34.1,0.0,53.8,3.37,14.0,6.72,,,
qc_202302.pdf,292,Don Jacinto SA A Y G,01/02/2023,28/02/2023,20/02/2023,3.85,9.24,34.8,0.0,55.1,3.41,14.0,6.69,,,
qc_202302.pdf,292,Don Jacinto SA A Y G,01/02/2023,28/02/2023,20/02/2023,3.46,8.78,33.9,0.0,53.3,3.3,14.0,6.66,,,
qc_202302.pdf,292,Don Jacinto SA A Y G,01/02/2023,28/02/2023,21/02/2023,3.18,9.0,34.0,0.0,53.8,3.37,14.0,6.79,,,
qc_202302.pdf,292,Don Jacinto SA A Y G,01/02/2023,28/02/2023,21/02/2023,3.57,9.03,34.5,0.0,54.0,3.41,14.0,6.74,,,
qc_202302.pdf,292,Don Jacinto SA A Y G,01/02/2023,28/02/2023,21/02/2023,3.32,8.9,33.5,0.0,53.1,3.34,14.0,6.77,,,
qc_202302.pdf,292,Don Jacinto SA A Y G,01/02/2023,28/02/2023,22/02/2023,3.19,9.05,34.2,0.0,54.1,3.39,14.0,6.7,,,
qc_202302.pdf,292,Don Jacinto SA A Y G,01/02/2023,28/02/2023,22/02/2023,,,,,,,14.0,6.75,731000.0,13000.0,
qc_202302.pdf,292,Don Jacinto SA A Y G,01/02/2023,28/02/2023,23/02/2023,3.38,8.94,33.6,0.0,53.3,3.35,14.0,6.76,643000.0,17000.0,
qc_202302.pdf,292,Don Jacinto SA A Y G,01/02/2023,28/02/2023,23/02/2023,3.51,9.12,34.6,0.0,54.0,3.41,14.0,6.73,,,
qc_202302.pdf,292,Don Jacinto SA A Y G,01/02/2023,28/02/2023,24/02/2023,2.77,8.36,31.6,3.78,49.3,3.12,14.0,6.73,,,
qc_202302.pdf,292,Don Jacinto SA A Y G,01/02/2023,28/02/2023,25/02/2023,,,,,,,14.0,,,,
qc_202302.pdf,292,Don Jacinto SA A Y G,01/02/2023,28/02/2023,25/02/2023,3.34,8.94,33.8,0.0,53.5,3.36,14.0,6.66,,,
qc_202302.pdf,292,Don Jacinto SA A Y G,01/02/2023,28/02/2023,25/02/2023,3.38,8.96,33.0,0.0,53.1,3.35,14.0,6.74,,,
qc_202302.pdf,292,Don Jacinto SA A Y G,01/02/2023,28/02/2023,26/02/2023,3.25,8.94,33.7,0.0,53.4,3.35,14.0,6.76,,,
qc_202302.pdf,292,Don Jacinto SA A Y G,01/02/2023,28/02/2023,27/02/2023,3.64,9.21,33.5,0.0,55.5,3.44,14.0,6.69,,,
qc_202302.pdf,292,Don Jacinto SA A Y G,01/02/2023,28/02/2023,27/02/2023,3.28,8.92,33.6,0.0,53.2,3.35,14.0,6.66,,,
qc_202302.pdf,292,Don Jacinto SA A Y G,01/02/2023,28/02/2023,27/02/2023,3.39,9.01,34.6,0.0,54.4,3.35,14.0,6.69,,,
qc_202302.pdf,292,Don Jacinto SA A Y G,01/02/2023,28/02/2023,28/02/2023,3.55,8.98,33.6,0.0,53.5,3.37,14.0,6.66,,,
qc_202303.pdf,292,Don Jacinto SA A Y G,01/03/2023,31/03/2023,01/03/2023,3.22,8.91,33.6,0.0,53.2,3.34,14.0,6.74,,,
qc_202303.pdf,292,Don Jacinto SA A Y G,01/03/2023,31/03/2023,01/03/2023,3.5,9.04,34.6,0.0,54.5,3.37,14.0,6.75,414000.0,19000.0,
qc_202303.pdf,292,Don Jacinto SA A Y G,01/03/2023,31/03/2023,02/03/2023,3.28,8.77,33.0,0.0,52.3,3.29,14.0,6.73,397000.0,11000.0,
qc_202303.pdf,292,Don Jacinto SA A Y G,01/03/2023,31/03/2023,02/03/2023,,,,,,,14.0,,,,
qc_202303.pdf,292,Don Jacinto SA A Y G,01/03/2023,31/03/2023,03/03/2023,3.27,8.68,32.7,0.0,51.7,3.26,14.0,6.66,,,
qc_202303.pdf,292,Don Jacinto SA A Y G,01/03/2023,31/03/2023,03/03/2023,3.24,8.84,33.3,0.0,52.7,3.32,14.0,6.73,,,
qc_202303.pdf,292,Don Jacinto SA A Y G,01/03/2023,31/03/2023,04/03/2023,3.39,8.9,33.5,0.0,53.1,3.34,14.0,6.71,,,
qc_202303.pdf,292,Don Jacinto SA A Y G,01/03/2023,31/03/2023,05/03/2023,3.39,9.02,33.6,0.0,53.4,3.32,14.0,6.76,,,
qc_202303.pdf,292,Don Jacinto SA A Y G,01/03/2023,31/03/2023,05/03/2023,3.43,8.62,32.3,0.0,51.3,3.24,14.0,6.74,,,
qc_202303.pdf,292,Don Jacinto SA A Y G,01/03/2023,31/03/2023,05/03/2023,,,,,,,14.0,6.76,,,
qc_202303.pdf,292,Don Jacinto SA A Y G,01/03/2023,31/03/2023,06/03/2023,3.37,8.39,33.6,0.0,53.3,3.35,14.0,6.75,,,
qc_202303.pdf,292,Don Jacinto SA A Y G,01/03/2023,31/03/2023,06/03/2023,3.3,8.81,33.2,0.0,52.5,3.3,14.0,6.77,,,
qc_202303.pdf,292,Don Jacinto SA A Y G,01/03/2023,31/03/2023,07/03/2023,3.27,8.73,32.9,0.0,52.0,3.28,14.0,6.76,,,
qc_202303.pdf,292,Don Jacinto SA A Y G,01/03/2023,31/03/2023,07/03/2023,3.56,8.93,33.7,0.0,53.8,3.33,14.0,6.74,,,
qc_202303.pdf,292,Don Jacinto SA A Y G,01/03/2023,31/03/2023,08/03/2023,3.35,8.75,32.9,0.0,52.1,3.28,14.0,6.75,689000.0,25000.0,
qc_202303.pdf,292,Don Jacinto SA A Y G,01/03/2023,31/03/2023,08/03/2023,3.29,8.86,33.4,0.0,52.8,3.32,14.0,6.73,,,
qc_202303.pdf,292,Don Jacinto SA A Y G,01/03/2023,31/03/2023,09/03/2023,3.43,8.94,33.3,0.0,53.9,3.33,14.0,6.74,,,
qc_202303.pdf,292,Don Jacinto SA A Y G,01/03/2023,31/03/2023,09/03/2023,3.16,8.7,32.8,0.0,51.8,3.26,14.0,6.73,564000.0,41000.0,
qc_202303.pdf,292,Don Jacinto SA A Y G,01/03/2023,31/03/2023,10/03/2023,3.32,8.81,33.2,0.0,52.5,3.31,14.0,6.74,,,
qc_202303.pdf,292,Don Jacinto SA A Y G,01/03/2023,31/03/2023,11/03/2023,3.44,8.75,33.5,0.0,52.7,3.26,14.0,6.76,,,
qc_202303.pdf,292,Don Jacinto SA A Y G,01/03/2023,31/03/2023,11/03/2023,3.51,8.52,33.0,0.0,3.28,,6.66,,,,
qc_202303.pdf,292,Don Jacinto SA A Y G,01/03/2023,31/03/2023,12/03/2023,3.46,8.77,33.7,0.0,53.2,3.26,14.0,6.68,,,
qc_202303.pdf,292,Don Jacinto SA A Y G,01/03/2023,31/03/2023,12/03/2023,3.41,8.72,32.8,0.0,52.9,3.27,14.0,6.68,,,
qc_202303.pdf,292,Don Jacinto SA A Y G,01/03/2023,31/03/2023,13/03/2023,3.59,8.16,33.0,0.0,52.1,3.23,14.0,6.69,,,
qc_202303.pdf,292,Don Jacinto SA A Y G,01/03/2023,31/03/2023,14/03/2023,3.45,8.67,32.5,0.0,51.6,3.25,14.0,6.74,,,
qc_202303.pdf,292,Don Jacinto SA A Y G,01/03/2023,31/03/2023,14/03/2023,3.41,8.74,32.8,0.0,52.0,3.28,14.0,6.74,,,
qc_202303.pdf,292,Don Jacinto SA A Y G,01/03/2023,31/03/2023,14/03/2023,,,,,,,14.0,,,,
qc_202303.pdf,292,Don Jacinto SA A Y G,01/03/2023,31/03/2023,15/03/2023,3.9,9.27,34.5,0.0,55.2,3.48,14.0,6.66,701000.0,20000.0,
qc_202303.pdf,292,Don Jacinto SA A Y G,01/03/2023,31/03/2023,16/03/2023,3.41,8.67,32.5,0.0,51.6,3.25,14.0,6.76,,,
qc_202303.pdf,292,Don Jacinto SA A Y G,01/03/2023,31/03/2023,16/03/2023,3.28,8.7,32.7,0.0,51.8,3.26,14.0,6.73,735000.0,16000.0,
qc_202303.pdf,292,Don Jacinto SA A Y G,01/03/2023,31/03/2023,17/03/2023,3.21,8.59,32.4,0.57,51.1,3.22,14.0,6.75,,,
qc_202303.pdf,292,Don Jacinto SA A Y G,01/03/2023,31/03/2023,17/03/2023,3.25,8.75,33.0,0.0,52.1,3.28,14.0,6.76,,,
qc_202303.pdf,292,Don Jacinto SA A Y G,01/03/2023,31/03/2023,18/03/2023,3.34,8.77,3.0,0.0,52.2,3.29,14.0,6.74,,,
qc_202303.pdf,292,Don Jacinto SA A Y G,01/03/2023,31/03/2023,18/03/2023,3.23,8.64,32.5,0.0,51.4,3.24,14.0,6.74,,,
qc_202303.pdf,292,Don Jacinto SA A Y G,01/03/2023,31/03/2023,18/03/2023,3.34,8.67,32.6,0.0,51.6,3.25,14.0,6.75,,,
qc_202303.pdf,292,Don Jacinto SA A Y G,01/03/2023,31/03/2023,19/03/2023,3.19,8.68,32.7,0.0,51.7,3.26,14.0,6.75,,,
qc_202303.pdf,292,Don Jacinto SA A Y G,01/03/2023,31/03/2023,19/03/2023,3.68,8.91,33.9,0.0,53.6,3.32,14.0,6.74,,,
qc_202303.pdf,292,Don Jacinto SA A Y G,01/03/2023,31/03/2023,20/03/2023,3.28,8.87,34.1,0.0,53.5,3.33,14.0,6.69,,,
qc_202303.pdf,292,Don Jacinto SA A Y G,01/03/2023,31/03/2023,20/03/2023,3.28,8.99,33.9,0.0,53.7,3.37,14.0,6.74,,,
qc_202303.pdf,292,Don Jacinto SA A Y G,01/03/2023,31/03/2023,21/03/2023,3.57,8.77,32.8,0.0,52.2,3.29,14.0,6.75,554000.0,12000.0,
qc_202303.pdf,292,Don Jacinto SA A Y G,01/03/2023,31/03/2023,21/03/2023,3.59,8.77,34.8,0.0,52.3,3.29,14.0,6.66,,,
qc_202303.pdf,292,Don Jacinto SA A Y G,01/03/2023,31/03/2023,22/03/2023,3.36,8.77,33.0,0.0,52.2,3.29,14.0,6.78,697000.0,20000.0,
qc_202303.pdf,292,Don Jacinto SA A Y G,01/03/2023,31/03/2023,22/03/2023,3.5,8.9,33.0,0.0,53.6,3.3,14.0,6.76,,,
qc_202303.pdf,292,Don Jacinto SA A Y G,01/03/2023,31/03/2023,23/03/2023,3.59,8.79,33.5,0.0,52.9,3.28,14.0,6.74,,,
qc_202303.pdf,292,Don Jacinto SA A Y G,01/03/2023,31/03/2023,23/03/2023,3.3,8.86,33.4,0.0,52.8,3.32,14.0,6.78,,,
qc_202303.pdf,292,Don Jacinto SA A Y G,01/03/2023,31/03/2023,24/03/2023,3.28,8.8,33.1,0.0,52.5,3.3,14.0,6.77,,,
qc_202303.pdf,292,Don Jacinto SA A Y G,01/03/2023,31/03/2023,24/03/2023,3.56,8.79,32.8,0.0,52.3,3.3,14.0,6.79,,,
qc_202303.pdf,292,Don Jacinto SA A Y G,01/03/2023,31/03/2023,25/03/2023,3.29,8.77,33.0,0.0,52.3,3.29,14.0,6.78,,,
qc_202303.pdf,292,Don Jacinto SA A Y G,01/03/2023,31/03/2023,25/03/2023,3.52,8.85,33.8,0.0,53.3,3.3,14.0,6.8,,,
qc_202303.pdf,292,Don Jacinto SA A Y G,01/03/2023,31/03/2023,26/03/2023,3.44,8.91,33.4,0.0,53.1,3.34,14.0,6.78,,,
qc_202303.pdf,292,Don Jacinto SA A Y G,01/03/2023,31/03/2023,26/03/2023,3.49,8.71,32.1,0.0,52.3,3.3,14.0,6.69,,,
qc_202303.pdf,292,Don Jacinto SA A Y G,01/03/2023,31/03/2023,27/03/2023,3.28,8.71,32.1,0.0,51.3,3.28,14.0,6.69,,,
qc_202303.pdf,292,Don Jacinto SA A Y G,01/03/2023,31/03/2023,28/03/2023,3.29,8.83,33.3,0.0,52.6,3.31,14.0,6.75,,,
qc_202303.pdf,292,Don Jacinto SA A Y G,01/03/2023,31/03/2023,28/03/2023,3.36,8.74,32.8,0.0,52.0,3.28,14.0,6.75,,,
qc_202303.pdf,292,Don Jacinto SA A Y G,01/03/2023,31/03/2023,29/03/2023,3.78,8.61,31.7,0.0,51.4,3.22,14.0,6.78,,,
qc_202303.pdf,292,Don Jacinto SA A Y G,01/03/2023,31/03/2023,29/03/2023,3.65,8.79,32.8,0.0,52.3,3.38,14.0,6.78,501000.0,18000.0,
qc_202303.pdf,292,Don Jacinto SA A Y G,01/03/2023,31/03/2023,30/03/2023,3.79,8.7,32.3,0.0,51.7,3.27,14.0,6.77,437000.0,12000.0,
qc_202303.pdf,292,Don Jacinto SA A Y G,01/03/2023,31/03/2023,30/03/2023,3.29,8.82,33.1,0.0,52.6,3.31,14.0,6.79,,,
qc_202303.pdf,292,Don Jacinto SA A Y G,01/03/2023,31/03/2023,31/03/2023,3.87,8.92,33.6,0.0,50.3,3.21,14.0,6.69,,,
qc_202303.pdf,292,Don Jacinto SA A Y G,01/03/2023,31/03/2023,31/03/2023,3.33,8.82,33.3,0.0,52.7,3.32,14.0,6.68,,,
qc_202304.pdf,292,Don Jacinto SA A Y G,01/04/2023,30/04/2023,01/04/2023,3.74,8.87,33.0,0.0,52.7,3.33,14.0,6.78,,,
qc_202304.pdf,292,Don Jacinto SA A Y G,01/04/2023,30/04/2023,01/04/2023,3.26,8.91,33.6,0.0,53.2,3.34,14.0,6.77,,,
qc_202304.pdf,292,Don Jacinto SA A Y G,01/04/2023,30/04/2023,02/04/2023,3.59,8.97,33.6,0.0,53.4,3.37,14.0,6.76,732000.0,19000.0,
qc_202304.pdf,292,Don Jacinto SA A Y G,01/04/2023,30/04/2023,02/04/2023,3.74,8.79,32.7,0.0,52.2,3.3,14.0,6.76,,,
qc_202304.pdf,292,Don Jacinto SA A Y G,01/04/2023,30/04/2023,02/04/2023,3.31,8.8,32.4,0.0,52.8,3.32,14.0,6.77,,,
qc_202304.pdf,292,Don Jacinto SA A Y G,01/04/2023,30/04/2023,03/04/2023,3.36,9.05,34.1,0.0,54.0,3.39,14.0,6.72,571000.0,15000.0,
qc_202304.pdf,292,Don Jacinto SA A Y G,01/04/2023,30/04/2023,04/04/2023,3.62,8.79,32.8,0.0,52.3,3.3,14.0,6.71,,,
qc_202304.pdf,292,Don Jacinto SA A Y G,01/04/2023,30/04/2023,04/04/2023,3.28,8.87,33.4,0.0,52.9,3.33,14.0,6.71,,,
qc_202304.pdf,292,Don Jacinto SA A Y G,01/04/2023,30/04/2023,05/04/2023,3.72,8.98,33.2,0.0,53.0,3.35,14.0,6.76,,,
qc_202304.pdf,292,Don Jacinto SA A Y G,01/04/2023,30/04/2023,05/04/2023,3.3,8.9,33.5,0.0,53.1,3.34,14.0,6.75,,,
qc_202304.pdf,292,Don Jacinto SA A Y G,01/04/2023,30/04/2023,05/04/2023,3.36,8.93,33.3,0.0,53.9,3.32,14.0,6.77,,,
qc_202304.pdf,292,Don Jacinto SA A Y G,01/04/2023,30/04/2023,06/04/2023,3.68,8.84,33.0,0.0,52.6,3.32,14.0,6.78,,,
qc_202304.pdf,292,Don Jacinto SA A Y G,01/04/2023,30/04/2023,07/04/2023,3.34,8.94,33.7,0.0,53.3,3.35,14.0,6.77,,,
qc_202304.pdf,292,Don Jacinto SA A Y G,01/04/2023,30/04/2023,07/04/2023,3.52,8.93,33.1,0.0,53.8,3.33,14.0,6.74,,,
qc_202304.pdf,292,Don Jacinto SA A Y G,01/04/2023,30/04/2023,07/04/2023,3.71,8.82,32.8,0.0,52.4,3.31,14.0,6.78,,,
qc_202304.pdf,292,Don Jacinto SA A Y G,01/04/2023,30/04/2023,08/04/2023,3.23,8.81,33.2,0.0,52.5,3.3,14.0,6.74,,,
qc_202304.pdf,292,Don Jacinto SA A Y G,01/04/2023,30/04/2023,08/04/2023,,,,,,,14.0,,,,
qc_202304.pdf,292,Don Jacinto SA A Y G,01/04/2023,30/04/2023,09/04/2023,3.31,9.89,34.3,0.0,54.6,3.36,14.0,6.66,,,
qc_202304.pdf,292,Don Jacinto SA A Y G,01/04/2023,30/04/2023,10/04/2023,3.62,8.94,34.0,0.0,53.8,3.33,14.0,6.69,,,
qc_202304.pdf,292,Don Jacinto SA A Y G,01/04/2023,30/04/2023,10/04/2023,3.25,9.0,34.6,0.0,53.8,3.37,14.0,6.67,,,
qc_202304.pdf,292,Don Jacinto SA A Y G,01/04/2023,30/04/2023,11/04/2023,3.53,8.78,32.8,0.0,52.2,3.3,14.0,6.72,,,
qc_202304.pdf,292,Don Jacinto SA A Y G,01/04/2023,30/04/2023,11/04/2023,3.34,8.88,32.0,0.0,53.6,3.31,14.0,6.66,,,
qc_202304.pdf,292,Don Jacinto SA A Y G,01/04/2023,30/04/2023,11/04/2023,3.21,8.82,33.3,0.0,52.6,3.31,14.0,6.74,,,
qc_202304.pdf,292,Don Jacinto SA A Y G,01/04/2023,30/04/2023,12/04/2023,3.35,8.68,32.0,0.0,52.6,3.32,14.0,6.66,,,
qc_202304.pdf,292,Don Jacinto SA A Y G,01/04/2023,30/04/2023,12/04/2023,3.3,8.93,33.7,0.0,53.3,3.35,14.0,6.72,553000.0,35000.0,
qc_202304.pdf,292,Don Jacinto SA A Y G,01/04/2023,30/04/2023,13/04/2023,3.85,8.85,35.5,0.0,52.2,3.3,14.0,6.79,,,
qc_202304.pdf,292,Don Jacinto SA A Y G,01/04/2023,30/04/2023,13/04/2023,3.69,8.8,32.8,0.0,52.3,3.31,14.0,6.74,441000.0,14000.0,
qc_202304.pdf,292,Don Jacinto SA A Y G,01/04/2023,30/04/2023,14/04/2023,3.73,8.9,33.7,0.0,53.4,3.32,14.0,6.72,,,
qc_202304.pdf,292,Don Jacinto SA A Y G,01/04/2023,30/04/2023,14/04/2023,3.31,8.88,33.3,0.0,52.8,3.32,14.0,6.78,,,
qc_202304.pdf,292,Don Jacinto SA A Y G,01/04/2023,30/04/2023,15/04/2023,3.33,8.97,33.8,0.0,53.5,3.36,14.0,6.75,,,
qc_202304.pdf,292,Don Jacinto SA A Y G,01/04/2023,30/04/2023,16/04/2023,4.89,8.51,30.5,2.24,50.5,3.21,14.0,6.75,,,
qc_202304.pdf,292,Don Jacinto SA A Y G,01/04/2023,30/04/2023,16/04/2023,3.71,9.06,33.3,0.0,53.2,3.36,14.0,6.73,,,
qc_202304.pdf,292,Don Jacinto SA A Y G,01/04/2023,30/04/2023,16/04/2023,3.28,8.86,33.4,0.0,52.9,3.32,14.0,6.72,,,
qc_202304.pdf,292,Don Jacinto SA A Y G,01/04/2023,30/04/2023,17/04/2023,3.23,8.97,33.9,0.0,53.6,3.36,14.0,6.73,,,
qc_202304.pdf,292,Don Jacinto SA A Y G,01/04/2023,30/04/2023,18/04/2023,3.66,8.88,33.8,0.0,53.4,3.31,14.0,6.69,,,
qc_202304.pdf,292,Don Jacinto SA A Y G,01/04/2023,30/04/2023,18/04/2023,3.4,8.92,33.5,0.0,53.2,3.32,14.0,6.69,,,
qc_202304.pdf,292,Don Jacinto SA A Y G,01/04/2023,30/04/2023,19/04/2023,3.7,8.77,32.7,0.0,52.1,3.29,14.0,6.75,,,
qc_202304.pdf,292,Don Jacinto SA A Y G,01/04/2023,30/04/2023,19/04/2023,3.89,8.98,32.5,0.0,52.1,3.3,14.0,6.76,647000.0,46000.0,
qc_202304.pdf,292,Don Jacinto SA A Y G,01/04/2023,30/04/2023,19/04/2023,3.63,8.82,32.9,0.0,52.5,3.31,14.0,6.71,,,
qc_202304.pdf,292,Don Jacinto SA A Y G,01/04/2023,30/04/2023,20/04/2023,3.2,8.96,33.9,0.0,53.5,3.36,14.0,6.7,465000.0,24000.0,
qc_202304.pdf,292,Don Jacinto SA A Y G,01/04/2023,30/04/2023,20/04/2023,4.2,8.63,31.6,0.58,51.1,3.25,14.0,6.71,,,
qc_202304.pdf,292,Don Jacinto SA A Y G,01/04/2023,30/04/2023,21/04/2023,3.19,8.96,33.9,0.0,53.5,3.36,14.0,6.7,,,
qc_202304.pdf,292,Don Jacinto SA A Y G,01/04/2023,30/04/2023,22/04/2023,3.73,8.89,33.8,0.0,53.5,3.31,14.0,6.73,,,
qc_202304.pdf,292,Don Jacinto SA A Y G,01/04/2023,30/04/2023,22/04/2023,3.54,8.87,33.2,0.0,52.8,3.33,14.0,6.68,,,
qc_202304.pdf,292,Don Jacinto SA A Y G,01/04/2023,30/04/2023,22/04/2023,3.15,9.05,35.2,0.0,54.1,3.41,14.0,6.69,,,
qc_202304.pdf,292,Don Jacinto SA A Y G,01/04/2023,30/04/2023,23/04/2023,3.58,8.92,34.3,0.0,53.1,3.36,14.0,6.69,,,
qc_202304.pdf,292,Don Jacinto SA A Y G,01/04/2023,30/04/2023,23/04/2023,3.15,8.98,34.0,0.0,53.7,3.37,14.0,6.74,,,
qc_202304.pdf,292,Don Jacinto SA A Y G,01/04/2023,30/04/2023,24/04/2023,3.34,8.98,33.8,0.0,53.6,3.37,14.0,6.66,,,
qc_202304.pdf,292,Don Jacinto SA A Y G,01/04/2023,30/04/2023,25/04/2023,3.26,8.99,34.2,0.0,54.1,3.39,14.0,6.73,,,
qc_202304.pdf,292,Don Jacinto SA A Y G,01/04/2023,30/04/2023,25/04/2023,3.6,8.86,33.1,0.0,52.7,3.33,14.0,6.73,,,
qc_202304.pdf,292,Don Jacinto SA A Y G,01/04/2023,30/04/2023,25/04/2023,3.68,9.13,35.0,0.0,54.4,3.44,14.0,6.66,,,
qc_202304.pdf,292,Don Jacinto SA A Y G,01/04/2023,30/04/2023,26/04/2023,3.3,8.85,33.3,0.0,52.8,3.32,14.0,6.66,642000.0,44000.0,
qc_202304.pdf,292,Don Jacinto SA A Y G,01/04/2023,30/04/2023,27/04/2023,3.46,8.91,33.4,0.0,53.1,3.34,14.0,6.79,540000.0,24000.0,
qc_202304.pdf,292,Don Jacinto SA A Y G,01/04/2023,30/04/2023,27/04/2023,3.33,9.03,34.0,0.0,53.9,3.39,14.0,6.78,,,
qc_202304.pdf,292,Don Jacinto SA A Y G,01/04/2023,30/04/2023,29/04/2023,3.27,8.91,33.6,0.0,53.2,3.34,14.0,6.74,,,
qc_202304.pdf,292,Don Jacinto SA A Y G,01/04/2023,30/04/2023,29/04/2023,3.44,8.82,33.1,0.0,52.9,3.31,14.0,6.76,,,
qc_202304.pdf,292,Don Jacinto SA A Y G,01/04/2023,30/04/2023,30/04/2023,3.33,8.14,30.5,5.84,48.6,3.06,14.0,6.8,,,
qc_202304.pdf,292,Don Jacinto SA A Y G,01/04/2023,30/04/2023,30/04/2023,3.5,8.87,33.2,0.0,52.8,3.33,14.0,6.79,,,
qc_202305.pdf,292,Don Jacinto SA A Y G,01/05/2023,31/05/2023,01/05/2023,3.37,9.0,33.9,0.0,53.7,3.38,14.0,6.76,,,
qc_202305.pdf,292,Don Jacinto SA A Y G,01/05/2023,31/05/2023,02/05/2023,3.8,8.93,33.9,0.0,53.7,3.33,14.0,6.68,,,
qc_202305.pdf,292,Don Jacinto SA A Y G,01/05/2023,31/05/2023,02/05/2023,3.43,8.89,34.3,0.0,53.0,3.35,14.0,6.68,,,
qc_202305.pdf,292,Don Jacinto SA A Y G,01/05/2023,31/05/2023,03/05/2023,3.33,9.02,33.9,0.0,53.9,3.4,14.0,6.73,,,
qc_202305.pdf,292,Don Jacinto SA A Y G,01/05/2023,31/05/2023,03/05/2023,,,,,,,14.0,6.75,,,
qc_202305.pdf,292,Don Jacinto SA A Y G,01/05/2023,31/05/2023,04/05/2023,3.47,8.95,33.6,0.0,53.4,3.36,14.0,6.74,535000.0,34000.0,
qc_202305.pdf,292,Don Jacinto SA A Y G,01/05/2023,31/05/2023,05/05/2023,,,,,,,14.0,6.73,,,
qc_202305.pdf,292,Don Jacinto SA A Y G,01/05/2023,31/05/2023,05/05/2023,3.51,9.03,33.9,0.0,53.9,3.39,14.0,6.73,551000.0,43000.0,
qc_202305.pdf,292,Don Jacinto SA A Y G,01/05/2023,31/05/2023,06/05/2023,3.54,9.07,34.9,0.0,54.1,3.41,14.0,6.79,,,
qc_202305.pdf,292,Don Jacinto SA A Y G,01/05/2023,31/05/2023,06/05/2023,3.4,9.0,33.8,0.0,53.7,3.38,14.0,6.74,,,
qc_202305.pdf,292,Don Jacinto SA A Y G,01/05/2023,31/05/2023,06/05/2023,,,,,,,14.0,6.74,,,
qc_202305.pdf,292,Don Jacinto SA A Y G,01/05/2023,31/05/2023,07/05/2023,3.6,9.05,33.9,0.0,53.9,3.4,14.0,6.78,,,
qc_202305.pdf,292,Don Jacinto SA A Y G,01/05/2023,31/05/2023,08/05/2023,3.42,8.95,33.6,0.0,53.4,3.36,14.0,6.76,,,
qc_202305.pdf,292,Don Jacinto SA A Y G,01/05/2023,31/05/2023,08/05/2023,3.46,8.97,33.7,0.0,53.5,3.37,14.0,6.76,,,
qc_202305.pdf,292,Don Jacinto SA A Y G,01/05/2023,31/05/2023,09/05/2023,,,,,,,14.0,6.73,,,
qc_202305.pdf,292,Don Jacinto SA A Y G,01/05/2023,31/05/2023,09/05/2023,3.6,8.91,33.3,0.0,53.0,3.34,14.0,6.73,,,
qc_202305.pdf,292,Don Jacinto SA A Y G,01/05/2023,31/05/2023,09/05/2023,3.49,9.07,34.9,0.0,54.1,3.42,14.0,6.66,,,
qc_202305.pdf,292,Don Jacinto SA A Y G,01/05/2023,31/05/2023,10/05/2023,3.84,8.91,32.1,0.0,53.0,3.35,14.0,6.66,,,
qc_202305.pdf,292,Don Jacinto SA A Y G,01/05/2023,31/05/2023,10/05/2023,3.51,9.05,34.8,0.0,54.0,3.41,14.0,6.78,359000.0,45000.0,
qc_202305.pdf,292,Don Jacinto SA A Y G,01/05/2023,31/05/2023,11/05/2023,3.53,9.9,35.0,0.0,54.2,3.42,14.0,6.69,,,
qc_202305.pdf,292,Don Jacinto SA A Y G,01/05/2023,31/05/2023,11/05/2023,3.44,8.98,33.7,0.0,53.6,3.37,14.0,6.72,621000.0,49000.0,
qc_202305.pdf,292,Don Jacinto SA A Y G,01/05/2023,31/05/2023,12/05/2023,3.58,8.95,34.4,0.0,53.3,3.37,14.0,6.66,,,
qc_202305.pdf,292,Don Jacinto SA A Y G,01/05/2023,31/05/2023,12/05/2023,3.33,8.97,33.8,0.0,53.5,3.36,14.0,6.68,,,
qc_202305.pdf,292,Don Jacinto SA A Y G,01/05/2023,31/05/2023,13/05/2023,3.53,8.99,33.7,0.0,53.6,3.37,14.0,6.75,,,
qc_202305.pdf,292,Don Jacinto SA A Y G,01/05/2023,31/05/2023,13/05/2023,3.46,8.99,33.8,0.0,53.6,3.37,14.0,6.79,,,
qc_202305.pdf,292,Don Jacinto SA A Y G,01/05/2023,31/05/2023,14/05/2023,3.44,9.04,33.7,0.0,52.2,3.4,14.0,6.77,,,
qc_202305.pdf,292,Don Jacinto SA A Y G,01/05/2023,31/05/2023,14/05/2023,3.53,9.01,33.8,0.0,53.7,3.38,14.0,6.75,,,
qc_202305.pdf,292,Don Jacinto SA A Y G,01/05/2023,31/05/2023,15/05/2023,3.86,9.0,33.5,0.0,53.5,3.38,14.0,6.74,,,
qc_202305.pdf,292,Don Jacinto SA A Y G,01/05/2023,31/05/2023,16/05/2023,3.83,8.82,31.8,0.0,52.0,3.32,14.0,6.66,,,
qc_202305.pdf,292,Don Jacinto SA A Y G,01/05/2023,31/05/2023,16/05/2023,3.94,8.99,34.2,0.0,53.4,3.39,14.0,6.69,,,
qc_202305.pdf,292,Don Jacinto SA A Y G,01/05/2023,31/05/2023,17/05/2023,3.79,8.89,33.0,0.0,52.9,3.34,14.0,6.75,,,
qc_202305.pdf,292,Don Jacinto SA A Y G,01/05/2023,31/05/2023,17/05/2023,3.7,8.98,33.5,0.0,53.5,3.37,14.0,6.75,,,
qc_202305.pdf,292,Don Jacinto SA A Y G,01/05/2023,31/05/2023,17/05/2023,3.45,9.0,33.1,0.0,53.4,3.43,14.0,6.78,532000.0,49000.0,
qc_202305.pdf,292,Don Jacinto SA A Y G,01/05/2023,31/05/2023,18/05/2023,3.5,9.1,34.2,0.0,54.3,3.41,14.0,6.77,491000.0,43000.0,
qc_202305.pdf,292,Don Jacinto SA A Y G,01/05/2023,31/05/2023,18/05/2023,3.75,8.94,33.3,0.0,53.2,3.36,14.0,6.78,,,
qc_202305.pdf,292,Don Jacinto SA A Y G,01/05/2023,31/05/2023,19/05/2023,3.57,8.98,34.5,0.0,53.5,3.39,14.0,6.68,,,
qc_202305.pdf,292,Don Jacinto SA A Y G,01/05/2023,31/05/2023,19/05/2023,3.49,9.01,33.8,0.0,53.7,3.38,14.0,6.78,,,
qc_202305.pdf,292,Don Jacinto SA A Y G,01/05/2023,31/05/2023,20/05/2023,3.57,9.13,34.2,0.0,54.5,3.43,14.0,6.69,,,
qc_202305.pdf,292,Don Jacinto SA A Y G,01/05/2023,31/05/2023,20/05/2023,3.38,9.11,35.2,0.0,54.4,3.43,14.0,6.7,,,
qc_202305.pdf,292,Don Jacinto SA A Y G,01/05/2023,31/05/2023,21/05/2023,3.72,9.07,33.8,0.0,54.0,3.41,14.0,6.66,,,
qc_202305.pdf,292,Don Jacinto SA A Y G,01/05/2023,31/05/2023,21/05/2023,3.84,9.21,35.1,0.0,54.8,3.47,14.0,6.67,,,
qc_202305.pdf,292,Don Jacinto SA A Y G,01/05/2023,31/05/2023,22/05/2023,3.58,9.09,34.8,0.0,54.2,3.41,14.0,6.69,246000.0,7000.0,
qc_202305.pdf,292,Don Jacinto SA A Y G,01/05/2023,31/05/2023,23/05/2023,3.63,9.11,34.1,0.0,54.3,3.42,14.0,6.76,275000.0,5000.0,
qc_202305.pdf,292,Don Jacinto SA A Y G,01/05/2023,31/05/2023,23/05/2023,3.47,9.19,34.5,0.0,54.9,3.45,14.0,6.77,,,
qc_202305.pdf,292,Don Jacinto SA A Y G,01/05/2023,31/05/2023,24/05/2023,3.62,9.14,34.2,0.0,54.5,3.43,14.0,6.78,,,
qc_202305.pdf,292,Don Jacinto SA A Y G,01/05/2023,31/05/2023,24/05/2023,3.4,9.14,35.3,0.0,54.6,3.44,14.0,6.79,,,
qc_202305.pdf,292,Don Jacinto SA A Y G,01/05/2023,31/05/2023,25/05/2023,3.53,9.07,34.9,0.0,54.1,3.42,14.0,6.66,,,
qc_202305.pdf,292,Don Jacinto SA A Y G,01/05/2023,31/05/2023,26/05/2023,3.65,8.98,34.4,0.0,53.58,3.39,14.0,6.37,,,
qc_202305.pdf,292,Don Jacinto SA A Y G,01/05/2023,31/05/2023,26/05/2023,3.35,9.16,34.5,0.0,54.8,3.43,14.0,6.66,,,
qc_202305.pdf,292,Don Jacinto SA A Y G,01/05/2023,31/05/2023,27/05/2023,3.86,9.07,33.7,0.0,53.9,3.41,14.0,6.75,,,
qc_202305.pdf,292,Don Jacinto SA A Y G,01/05/2023,31/05/2023,28/05/2023,3.53,9.01,34.7,0.0,53.7,3.4,14.0,6.76,,,
qc_202305.pdf,292,Don Jacinto SA A Y G,01/05/2023,31/05/2023,28/05/2023,3.8,8.72,32.1,0.0,52.0,3.42,14.0,6.76,,,
qc_202305.pdf,292,Don Jacinto SA A Y G,01/05/2023,31/05/2023,28/05/2023,4.15,9.0,34.1,0.0,53.4,3.4,14.0,6.77,,,
qc_202305.pdf,292,Don Jacinto SA A Y G,01/05/2023,31/05/2023,29/05/2023,3.08,9.28,36.3,0.0,55.7,3.48,14.0,6.68,557000.0,20000.0,
qc_202305.pdf,292,Don Jacinto SA A Y G,01/05/2023,31/05/2023,30/05/2023,3.67,9.05,34.7,0.0,53.9,3.41,14.0,6.66,621000.0,29000.0,
qc_202305.pdf,292,Don Jacinto SA A Y G,01/05/2023,31/05/2023,30/05/2023,3.85,8.96,33.3,0.0,53.3,3.37,14.0,6.74,,,
qc_202305.pdf,292,Don Jacinto SA A Y G,01/05/2023,31/05/2023,31/05/2023,3.93,9.07,33.4,0.0,53.1,3.4,14.0,6.74,,,
qc_202306.pdf,292,Don Jacinto SA A Y G,01/06/2023,30/06/2023,01/06/2023,,,,,,,14.0,6.76,,,
qc_202306.pdf,292,Don Jacinto SA A Y G,01/06/2023,30/06/2023,01/06/2023,3.36,9.08,34.2,0.0,54.2,3.41,14.0,6.79,,,
qc_202306.pdf,292,Don Jacinto SA A Y G,01/06/2023,30/06/2023,02/06/2023,3.28,9.16,33.6,0.0,53.8,3.41,14.0,6.76,,,
qc_202306.pdf,292,Don Jacinto SA A Y G,01/06/2023,30/06/2023,02/06/2023,3.12,9.17,34.8,0.0,54.9,3.44,14.0,6.81,,,
qc_202306.pdf,292,Don Jacinto SA A Y G,01/06/2023,30/06/2023,03/06/2023,3.38,9.05,34.0,0.0,53.0,3.41,14.0,6.74,,,
qc_202306.pdf,292,Don Jacinto SA A Y G,01/06/2023,30/06/2023,03/06/2023,2.99,8.84,33.6,0.0,52.8,3.31,14.0,6.81,,,
qc_202306.pdf,292,Don Jacinto SA A Y G,01/06/2023,30/06/2023,04/06/2023,3.2,8.88,33.7,0.0,53.2,3.37,14.0,6.74,,,
qc_202306.pdf,292,Don Jacinto SA A Y G,01/06/2023,30/06/2023,06/06/2023,3.3,9.29,35.9,0.0,55.6,3.5,14.0,6.74,,,
qc_202306.pdf,292,Don Jacinto SA A Y G,01/06/2023,30/06/2023,06/06/2023,3.35,9.11,35.1,0.0,54.3,3.43,14.0,6.74,,,
qc_202306.pdf,292,Don Jacinto SA A Y G,01/06/2023,30/06/2023,07/06/2023,3.53,9.02,34.7,0.0,53.8,3.4,14.0,6.69,,,
qc_202306.pdf,292,Don Jacinto SA A Y G,01/06/2023,30/06/2023,07/06/2023,3.89,8.98,34.0,0.0,53.4,3.39,14.0,6.68,,,
qc_202306.pdf,292,Don Jacinto SA A Y G,01/06/2023,30/06/2023,08/06/2023,3.7,9.69,37.3,0.0,55.9,3.65,14.0,6.72,,,
qc_202306.pdf,292,Don Jacinto SA A Y G,01/06/2023,30/06/2023,08/06/2023,3.39,9.12,35.2,0.0,54.5,3.43,14.0,6.74,,,
qc_202306.pdf,292,Don Jacinto SA A Y G,01/06/2023,30/06/2023,09/06/2023,3.22,8.98,34.8,0.0,53.6,3.38,14.0,6.66,527000.0,29000.0,
qc_202306.pdf,292,Don Jacinto SA A Y G,01/06/2023,30/06/2023,09/06/2023,3.15,9.06,35.2,0.0,54.2,3.21,14.0,6.66,,,
qc_202306.pdf,292,Don Jacinto SA A Y G,01/06/2023,30/06/2023,09/06/2023,3.28,8.96,34.7,0.0,53.5,3.39,14.0,6.72,,,
qc_202306.pdf,292,Don Jacinto SA A Y G,01/06/2023,30/06/2023,10/06/2023,3.23,9.02,35.0,0.0,53.9,3.4,14.0,6.78,,,
qc_202306.pdf,292,Don Jacinto SA A Y G,01/06/2023,30/06/2023,11/06/2023,3.4,9.03,34.9,0.0,53.9,3.4,14.0,6.75,,,
qc_202306.pdf,292,Don Jacinto SA A Y G,01/06/2023,30/06/2023,11/06/2023,3.52,9.12,34.1,0.0,54.4,3.41,14.0,6.77,,,
qc_202306.pdf,292,Don Jacinto SA A Y G,01/06/2023,30/06/2023,11/06/2023,3.7,9.8,37.7,0.0,58.6,3.69,14.0,6.76,,,
qc_202306.pdf,292,Don Jacinto SA A Y G,01/06/2023,30/06/2023,12/06/2023,3.32,8.94,33.8,0.0,53.3,3.4,14.0,6.76,,,
qc_202306.pdf,292,Don Jacinto SA A Y G,01/06/2023,30/06/2023,12/06/2023,3.27,9.03,35.0,0.0,53.9,3.4,14.0,6.76,,,
qc_202306.pdf,292,Don Jacinto SA A Y G,01/06/2023,30/06/2023,13/06/2023,3.29,9.02,34.3,0.0,54.8,3.42,14.0,6.76,369000.0,48000.0,
qc_202306.pdf,292,Don Jacinto SA A Y G,01/06/2023,30/06/2023,13/06/2023,3.18,9.15,35.5,0.0,54.8,3.44,14.0,6.74,,,
qc_202306.pdf,292,Don Jacinto SA A Y G,01/06/2023,30/06/2023,14/06/2023,3.58,9.09,33.4,0.0,53.9,3.4,14.0,6.77,375000.0,42000.0,
qc_202306.pdf,292,Don Jacinto SA A Y G,01/06/2023,30/06/2023,14/06/2023,3.42,9.04,34.5,0.0,54.5,3.45,14.0,6.76,,,
qc_202306.pdf,292,Don Jacinto SA A Y G,01/06/2023,30/06/2023,15/06/2023,3.25,9.03,34.6,0.0,54.0,3.43,14.0,6.76,,,
qc_202306.pdf,292,Don Jacinto SA A Y G,01/06/2023,30/06/2023,15/06/2023,3.26,9.04,34.0,0.0,54.0,3.4,14.0,6.79,,,
qc_202306.pdf,292,Don Jacinto SA A Y G,01/06/2023,30/06/2023,16/06/2023,3.15,9.05,35.0,0.0,54.7,3.45,14.0,6.75,,,
qc_202306.pdf,292,Don Jacinto SA A Y G,01/06/2023,30/06/2023,16/06/2023,3.18,9.03,34.7,0.0,54.6,3.45,14.0,6.8,,,
qc_202306.pdf,292,Don Jacinto SA A Y G,01/06/2023,30/06/2023,17/06/2023,3.3,9.13,34.3,0.0,54.6,3.44,14.0,6.76,,,
qc_202306.pdf,292,Don Jacinto SA A Y G,01/06/2023,30/06/2023,17/06/2023,3.24,9.05,34.1,0.0,54.1,3.41,14.0,6.76,,,
qc_202306.pdf,292,Don Jacinto SA A Y G,01/06/2023,30/06/2023,18/06/2023,3.26,9.03,34.6,0.0,55.5,3.47,14.0,6.77,,,
qc_202306.pdf,292,Don Jacinto SA A Y G,01/06/2023,30/06/2023,18/06/2023,3.19,9.12,35.4,0.0,53.6,3.43,14.0,6.69,,,
qc_202306.pdf,292,Don Jacinto SA A Y G,01/06/2023,30/06/2023,19/06/2023,3.31,9.2,35.6,0.0,55.0,3.46,14.0,6.66,,,
qc_202306.pdf,292,Don Jacinto SA A Y G,01/06/2023,30/06/2023,21/06/2023,3.02,9.4,36.7,0.0,56.5,3.54,14.0,6.79,420000.0,38000.0,
qc_202306.pdf,292,Don Jacinto SA A Y G,01/06/2023,30/06/2023,21/06/2023,3.21,9.33,36.2,0.0,55.9,3.51,14.0,6.77,,,
qc_202306.pdf,292,Don Jacinto SA A Y G,01/06/2023,30/06/2023,22/06/2023,3.26,9.14,35.4,0.0,54.7,3.44,14.0,6.68,358000.0,36000.0,
qc_202306.pdf,292,Don Jacinto SA A Y G,01/06/2023,30/06/2023,22/06/2023,3.14,9.13,35.3,0.0,54.4,3.44,14.0,6.69,,,
qc_202306.pdf,292,Don Jacinto SA A Y G,01/06/2023,30/06/2023,22/06/2023,3.34,9.32,36.1,0.0,55.8,3.51,14.0,6.69,,,
qc_202306.pdf,292,Don Jacinto SA A Y G,01/06/2023,30/06/2023,23/06/2023,3.17,9.12,35.4,0.0,54.6,3.44,14.0,6.68,,,
qc_202306.pdf,292,Don Jacinto SA A Y G,01/06/2023,30/06/2023,24/06/2023,3.24,9.31,36.1,0.0,55.8,3.5,14.0,6.81,,,
qc_202306.pdf,292,Don Jacinto SA A Y G,01/06/2023,30/06/2023,24/06/2023,3.27,9.2,35.7,0.0,55.0,3.46,14.0,6.8,,,
qc_202306.pdf,292,Don Jacinto SA A Y G,01/06/2023,30/06/2023,25/06/2023,3.06,9.16,35.7,0.0,54.9,3.45,14.0,6.76,,,
qc_202306.pdf,292,Don Jacinto SA A Y G,01/06/2023,30/06/2023,25/06/2023,3.22,9.2,35.7,0.0,55.1,3.46,14.0,6.73,,,
qc_202306.pdf,292,Don Jacinto SA A Y G,01/06/2023,30/06/2023,26/06/2023,3.19,9.39,36.5,0.0,56.3,3.53,14.0,6.75,,,
qc_202306.pdf,292,Don Jacinto SA A Y G,01/06/2023,30/06/2023,26/06/2023,3.27,9.28,36.0,0.0,55.6,3.49,14.0,6.75,,,
qc_202306.pdf,292,Don Jacinto SA A Y G,01/06/2023,30/06/2023,27/06/2023,3.32,9.01,34.5,0.0,54.4,3.44,14.0,6.77,,,
qc_202306.pdf,292,Don Jacinto SA A Y G,01/06/2023,30/06/2023,27/06/2023,3.11,9.18,35.7,0.0,55.0,3.45,14.0,6.78,,,
qc_202306.pdf,292,Don Jacinto SA A Y G,01/06/2023,30/06/2023,28/06/2023,3.17,9.3,36.2,0.0,55.7,3.5,14.0,6.76,,,
qc_202306.pdf,292,Don Jacinto SA A Y G,01/06/2023,30/06/2023,28/06/2023,3.23,9.03,34.6,0.0,53.6,3.45,14.0,6.78,529000.0,55000.0,
qc_202306.pdf,292,Don Jacinto SA A Y G,01/06/2023,30/06/2023,29/06/2023,3.42,9.62,37.2,0.0,57.7,3.62,14.0,6.78,440000.0,62000.0,
qc_202306.pdf,292,Don Jacinto SA A Y G,01/06/2023,30/06/2023,30/06/2023,3.52,9.05,34.6,0.0,54.2,3.48,14.0,6.78,,,
qc_202306.pdf,292,Don Jacinto SA A Y G,01/06/2023,30/06/2023,30/06/2023,3.33,9.07,34.3,0.0,54.1,3.43,14.0,6.79,,,
qc_202307.pdf,292,Don Jacinto SA A Y G,01/07/2023,31/07/2023,01/07/2023,3.29,9.36,36.3,0.0,56.1,3.52,14.0,6.76,,,
qc_202307.pdf,292,Don Jacinto SA A Y G,01/07/2023,31/07/2023,01/07/2023,2.48,8.81,34.8,0.0,52.7,3.31,14.0,6.69,,,
qc_202307.pdf,292,Don Jacinto SA A Y G,01/07/2023,31/07/2023,02/07/2023,3.1,9.56,37.3,0.0,57.5,3.59,14.0,6.7,,,
qc_202307.pdf,292,Don Jacinto SA A Y G,01/07/2023,31/07/2023,03/07/2023,4.0,8.96,33.1,0.0,52.7,3.39,14.0,6.75,,,
qc_202307.pdf,292,Don Jacinto SA A Y G,01/07/2023,31/07/2023,03/07/2023,3.14,9.31,36.1,0.0,55.8,3.5,14.0,6.68,,,
qc_202307.pdf,292,Don Jacinto SA A Y G,01/07/2023,31/07/2023,03/07/2023,3.14,9.25,35.9,0.0,55.4,3.38,14.0,6.66,,,
qc_202307.pdf,292,Don Jacinto SA A Y G,01/07/2023,31/07/2023,04/07/2023,2.87,9.48,37.1,0.0,51.0,3.56,14.0,6.69,,,
qc_202307.pdf,292,Don Jacinto SA A Y G,01/07/2023,31/07/2023,04/07/2023,3.06,9.26,36.1,0.0,55.5,3.48,14.0,6.76,,,
qc_202307.pdf,292,Don Jacinto SA A Y G,01/07/2023,31/07/2023,05/07/2023,3.16,9.22,35.8,0.0,55.2,3.47,14.0,6.76,529000.0,51000.0,
qc_202307.pdf,292,Don Jacinto SA A Y G,01/07/2023,31/07/2023,05/07/2023,3.13,9.74,38.0,0.0,58.6,3.66,14.0,6.66,,,
qc_202307.pdf,292,Don Jacinto SA A Y G,01/07/2023,31/07/2023,06/07/2023,3.37,9.47,36.7,0.0,56.7,3.56,14.0,6.76,523000.0,82000.0,
qc_202307.pdf,292,Don Jacinto SA A Y G,01/07/2023,31/07/2023,06/07/2023,3.19,9.21,35.8,0.0,55.1,3.47,14.0,6.66,,,
qc_202307.pdf,292,Don Jacinto SA A Y G,01/07/2023,31/07/2023,07/07/2023,3.53,9.45,36.5,0.0,56.5,3.56,14.0,6.69,,,
qc_202307.pdf,292,Don Jacinto SA A Y G,01/07/2023,31/07/2023,08/07/2023,,,,,,,14.0,6.8,,,
qc_202307.pdf,292,Don Jacinto SA A Y G,01/07/2023,31/07/2023,08/07/2023,3.13,9.38,36.5,0.0,56.3,3.53,14.0,6.73,,,
qc_202307.pdf,292,Don Jacinto SA A Y G,01/07/2023,31/07/2023,09/07/2023,3.39,9.27,35.8,0.0,55.4,3.49,14.0,6.79,,,
qc_202307.pdf,292,Don Jacinto SA A Y G,01/07/2023,31/07/2023,09/07/2023,3.09,8.74,34.0,0.0,52.1,3.29,14.0,6.71,,,
qc_202307.pdf,292,Don Jacinto SA A Y G,01/07/2023,31/07/2023,10/07/2023,2.64,9.14,36.0,0.0,54.9,3.64,14.0,6.75,,,
qc_202307.pdf,292,Don Jacinto SA A Y G,01/07/2023,31/07/2023,10/07/2023,3.09,9.07,34.8,0.0,54.4,3.45,14.0,6.77,,,
qc_202307.pdf,292,Don Jacinto SA A Y G,01/07/2023,31/07/2023,11/07/2023,3.07,9.03,35.2,0.0,54.0,3.44,14.0,6.75,,,
qc_202307.pdf,292,Don Jacinto SA A Y G,01/07/2023,31/07/2023,11/07/2023,2.91,9.48,37.1,0.0,57.1,3.56,14.0,6.77,,,
qc_202307.pdf,292,Don Jacinto SA A Y G,01/07/2023,31/07/2023,12/07/2023,3.21,9.29,36.1,0.0,55.7,3.4,14.0,6.79,,,
qc_202307.pdf,292,Don Jacinto SA A Y G,01/07/2023,31/07/2023,12/07/2023,3.19,9.23,35.9,0.0,55.3,3.46,14.0,6.76,,,
qc_202307.pdf,292,Don Jacinto SA A Y G,01/07/2023,31/07/2023,13/07/2023,3.14,9.05,34.6,0.0,55.0,3.48,14.0,6.77,,,
qc_202307.pdf,292,Don Jacinto SA A Y G,01/07/2023,31/07/2023,13/07/2023,,,,,,,14.0,6.75,588000.0,98000.0,
qc_202307.pdf,292,Don Jacinto SA A Y G,01/07/2023,31/07/2023,14/07/2023,3.07,9.09,35.8,0.0,55.4,3.44,14.0,6.76,579000.0,92000.0,
qc_202307.pdf,292,Don Jacinto SA A Y G,01/07/2023,31/07/2023,15/07/2023,3.09,9.44,36.8,0.0,56.7,3.55,16.0,6.54,,,
qc_202307.pdf,292,Don Jacinto SA A Y G,01/07/2023,31/07/2023,15/07/2023,3.05,9.63,37.6,0.0,58.0,3.62,14.0,6.73,,,
qc_202307.pdf,292,Don Jacinto SA A Y G,01/07/2023,31/07/2023,15/07/2023,3.08,9.04,35.8,0.0,55.6,3.45,14.0,6.75,,,
qc_202307.pdf,292,Don Jacinto SA A Y G,01/07/2023,31/07/2023,16/07/2023,2.87,9.26,36.1,0.0,56.0,3.49,14.0,6.75,,,
qc_202307.pdf,292,Don Jacinto SA A Y G,01/07/2023,31/07/2023,17/07/2023,2.93,9.83,38.5,0.0,59.4,3.6,14.0,6.8,,,
qc_202307.pdf,292,Don Jacinto SA A Y G,01/07/2023,31/07/2023,18/07/2023,3.03,9.56,36.3,0.0,56.2,3.52,14.0,6.78,,,
qc_202307.pdf,292,Don Jacinto SA A Y G,01/07/2023,31/07/2023,18/07/2023,4.0,9.0,33.6,0.0,53.1,3.4,14.0,6.79,,,
qc_202307.pdf,292,Don Jacinto SA A Y G,01/07/2023,31/07/2023,19/07/2023,,,,,,,14.0,6.78,,,
qc_202307.pdf,292,Don Jacinto SA A Y G,01/07/2023,31/07/2023,19/07/2023,2.94,9.25,36.2,0.0,55.5,3.48,14.0,6.79,375000.0,,"3,021,000"
qc_202307.pdf,292,Don Jacinto SA A Y G,01/07/2023,31/07/2023,20/07/2023,4.0,9.07,34.2,0.0,53.7,3.43,14.0,6.8,956000.0,143000.0,
qc_202307.pdf,292,Don Jacinto SA A Y G,01/07/2023,31/07/2023,21/07/2023,3.0,9.17,35.8,0.0,54.5,3.45,14.0,6.81,,,
qc_202307.pdf,292,Don Jacinto SA A Y G,01/07/2023,31/07/2023,21/07/2023,2.98,9.41,36.8,0.0,56.6,3.54,14.0,6.81,,,
qc_202307.pdf,292,Don Jacinto SA A Y G,01/07/2023,31/07/2023,22/07/2023,2.84,9.15,35.8,0.0,54.9,3.44,14.0,6.82,,,
qc_202307.pdf,292,Don Jacinto SA A Y G,01/07/2023,31/07/2023,23/07/2023,2.77,9.37,36.8,0.0,56.4,3.52,14.0,6.81,,,
qc_202307.pdf,292,Don Jacinto SA A Y G,01/07/2023,31/07/2023,23/07/2023,2.78,9.38,36.8,0.0,56.5,3.53,14.0,6.8,,,
qc_202307.pdf,292,Don Jacinto SA A Y G,01/07/2023,31/07/2023,24/07/2023,3.07,9.08,35.4,0.0,54.4,3.42,14.0,6.75,,,
qc_202307.pdf,292,Don Jacinto SA A Y G,01/07/2023,31/07/2023,24/07/2023,2.93,9.07,35.7,0.0,54.7,3.49,14.0,6.8,,,
qc_202307.pdf,292,Don Jacinto SA A Y G,01/07/2023,31/07/2023,24/07/2023,2.86,9.06,35.1,0.0,55.0,3.46,14.0,6.78,,,
qc_202307.pdf,292,Don Jacinto SA A Y G,01/07/2023,31/07/2023,25/07/2023,3.46,9.04,34.5,0.0,54.7,3.44,14.0,6.78,,,
qc_202307.pdf,292,Don Jacinto SA A Y G,01/07/2023,31/07/2023,25/07/2023,,,,,,,14.0,6.76,,,
qc_202307.pdf,292,Don Jacinto SA A Y G,01/07/2023,31/07/2023,26/07/2023,,,,,,,14.0,6.79,,,
qc_202307.pdf,292,Don Jacinto SA A Y G,01/07/2023,31/07/2023,26/07/2023,2.75,9.23,36.2,0.0,55.5,3.47,14.0,6.78,446000.0,58000.0,
qc_202307.pdf,292,Don Jacinto SA A Y G,01/07/2023,31/07/2023,27/07/2023,3.13,9.28,36.1,0.0,55.6,3.49,14.0,6.78,361000.0,63000.0,
qc_202307.pdf,292,Don Jacinto SA A Y G,01/07/2023,31/07/2023,27/07/2023,,,,,,,14.0,6.78,,,
qc_202307.pdf,292,Don Jacinto SA A Y G,01/07/2023,31/07/2023,28/07/2023,,,,,,,14.0,6.73,,,
qc_202307.pdf,292,Don Jacinto SA A Y G,01/07/2023,31/07/2023,28/07/2023,,,,,,,14.0,6.79,,,
qc_202307.pdf,292,Don Jacinto SA A Y G,01/07/2023,31/07/2023,29/07/2023,,,,,,,14.0,6.77,,,
qc_202307.pdf,292,Don Jacinto SA A Y G,01/07/2023,31/07/2023,30/07/2023,3.22,9.28,36.0,0.0,55.6,3.49,14.0,6.66,,,
qc_202307.pdf,292,Don Jacinto SA A Y G,01/07/2023,31/07/2023,30/07/2023,3.41,9.28,35.9,0.0,55.5,3.49,14.0,6.66,,,
qc_202307.pdf,292,Don Jacinto SA A Y G,01/07/2023,31/07/2023,31/07/2023,3.04,9.23,36.0,0.0,55.4,3.47,14.0,6.67,,,
qc_202307.pdf,292,Don Jacinto SA A Y G,01/07/2023,31/07/2023,31/07/2023,3.16,9.22,35.8,0.0,55.2,3.47,14.0,6.68,,,
qc_202308.pdf,292,Don Jacinto SA A Y G,01/08/2023,31/08/2023,01/08/2023,3.25,9.13,35.4,0.0,54.6,3.44,14.0,6.71,,,
qc_202308.pdf,292,Don Jacinto SA A Y G,01/08/2023,31/08/2023,02/08/2023,2.83,9.38,36.8,0.0,56.4,3.53,14.0,6.8,,,
qc_202308.pdf,292,Don Jacinto SA A Y G,01/08/2023,31/08/2023,02/08/2023,,,,,,,14.0,6.79,,,
qc_202308.pdf,292,Don Jacinto SA A Y G,01/08/2023,31/08/2023,02/08/2023,2.71,9.36,36.8,0.0,56.4,3.52,14.0,6.69,,,
qc_202308.pdf,292,Don Jacinto SA A Y G,01/08/2023,31/08/2023,03/08/2023,2.78,9.27,36.4,0.0,55.7,3.49,14.0,6.68,578000.0,66000.0,
qc_202308.pdf,292,Don Jacinto SA A Y G,01/08/2023,31/08/2023,03/08/2023,3.09,9.54,37.2,0.0,57.4,3.59,14.0,6.69,,,
qc_202308.pdf,292,Don Jacinto SA A Y G,01/08/2023,31/08/2023,04/08/2023,2.71,9.51,37.4,0.0,57.4,3.57,14.0,6.66,459000.0,55000.0,
qc_202308.pdf,292,Don Jacinto SA A Y G,01/08/2023,31/08/2023,05/08/2023,2.71,9.13,35.9,0.0,54.8,3.43,14.0,6.76,,,
qc_202308.pdf,292,Don Jacinto SA A Y G,01/08/2023,31/08/2023,05/08/2023,2.54,9.19,36.3,0.0,55.3,3.45,14.0,6.77,,,
qc_202308.pdf,292,Don Jacinto SA A Y G,01/08/2023,31/08/2023,05/08/2023,2.37,8.35,33.0,3.27,49.6,3.24,14.0,6.78,,,
qc_202308.pdf,292,Don Jacinto SA A Y G,01/08/2023,31/08/2023,06/08/2023,2.6,9.34,36.8,0.0,56.3,3.51,14.0,6.76,,,
qc_202308.pdf,292,Don Jacinto SA A Y G,01/08/2023,31/08/2023,06/08/2023,2.5,9.4,37.2,0.0,56.8,3.53,14.0,6.76,,,
qc_202308.pdf,292,Don Jacinto SA A Y G,01/08/2023,31/08/2023,07/08/2023,2.66,9.18,36.1,0.0,55.2,3.45,14.0,6.81,,,
qc_202308.pdf,292,Don Jacinto SA A Y G,01/08/2023,31/08/2023,07/08/2023,2.57,9.23,36.4,0.0,55.6,3.47,14.0,6.78,,,
qc_202308.pdf,292,Don Jacinto SA A Y G,01/08/2023,31/08/2023,08/08/2023,2.68,9.33,36.7,0.0,56.2,3.51,14.0,6.79,,,
qc_202308.pdf,292,Don Jacinto SA A Y G,01/08/2023,31/08/2023,08/08/2023,2.68,9.2,36.2,0.0,55.3,3.46,14.0,6.8,,,
qc_202308.pdf,292,Don Jacinto SA A Y G,01/08/2023,31/08/2023,09/08/2023,,,,,,,14.0,6.79,318000.0,12000.0,
qc_202308.pdf,292,Don Jacinto SA A Y G,01/08/2023,31/08/2023,09/08/2023,2.8,9.17,36.0,0.0,55.1,3.45,14.0,6.81,,,
qc_202308.pdf,292,Don Jacinto SA A Y G,01/08/2023,31/08/2023,10/08/2023,2.56,9.25,36.5,0.0,55.7,3.48,14.0,6.79,349000.0,56000.0,
qc_202308.pdf,292,Don Jacinto SA A Y G,01/08/2023,31/08/2023,11/08/2023,2.8,9.3,36.5,0.0,55.9,3.5,14.0,6.77,,,
qc_202308.pdf,292,Don Jacinto SA A Y G,01/08/2023,31/08/2023,11/08/2023,3.64,8.76,33.6,0.0,52.1,3.3,14.0,6.74,,,
qc_202308.pdf,292,Don Jacinto SA A Y G,01/08/2023,31/08/2023,11/08/2023,3.38,8.14,31.3,5.84,48.2,3.07,14.0,6.77,,,
qc_202308.pdf,292,Don Jacinto SA A Y G,01/08/2023,31/08/2023,12/08/2023,,,,,,,14.0,6.76,,,
qc_202308.pdf,292,Don Jacinto SA A Y G,01/08/2023,31/08/2023,13/08/2023,2.89,9.25,36.2,0.0,55.6,3.48,14.0,6.79,,,
qc_202308.pdf,292,Don Jacinto SA A Y G,01/08/2023,31/08/2023,13/08/2023,,,,,,,14.0,6.78,,,
qc_202308.pdf,292,Don Jacinto SA A Y G,01/08/2023,31/08/2023,13/08/2023,2.75,9.15,35.9,0.0,54.9,3.44,14.0,6.68,,,
qc_202308.pdf,292,Don Jacinto SA A Y G,01/08/2023,31/08/2023,14/08/2023,3.64,9.07,35.3,0.0,54.5,3.41,14.0,6.76,,,
qc_202308.pdf,292,Don Jacinto SA A Y G,01/08/2023,31/08/2023,14/08/2023,2.66,9.24,36.4,0.0,55.6,3.47,14.0,6.69,,,
qc_202308.pdf,292,Don Jacinto SA A Y G,01/08/2023,31/08/2023,15/08/2023,2.51,9.18,36.3,0.0,55.3,3.45,14.0,6.76,,,
qc_202308.pdf,292,Don Jacinto SA A Y G,01/08/2023,31/08/2023,15/08/2023,2.82,8.98,35.1,0.0,53.8,3.38,14.0,6.66,,,
qc_202308.pdf,292,Don Jacinto SA A Y G,01/08/2023,31/08/2023,16/08/2023,3.17,9.34,33.7,0.0,55.2,3.48,14.0,6.67,383000.0,,"1,000,000"
qc_202308.pdf,292,Don Jacinto SA A Y G,01/08/2023,31/08/2023,17/08/2023,3.17,9.41,34.0,0.0,55.7,3.52,14.0,6.8,454000.0,30000.0,
qc_202308.pdf,292,Don Jacinto SA A Y G,01/08/2023,31/08/2023,17/08/2023,,,,,,,14.0,,,,
qc_202308.pdf,292,Don Jacinto SA A Y G,01/08/2023,31/08/2023,18/08/2023,3.15,9.55,34.5,0.0,56.5,3.57,14.0,6.66,,,
qc_202308.pdf,292,Don Jacinto SA A Y G,01/08/2023,31/08/2023,19/08/2023,3.18,9.57,34.6,0.0,56.7,3.58,14.0,6.82,,,
qc_202308.pdf,292,Don Jacinto SA A Y G,01/08/2023,31/08/2023,19/08/2023,3.02,9.02,35.2,0.0,54.0,3.39,14.0,6.83,,,
qc_202308.pdf,292,Don Jacinto SA A Y G,01/08/2023,31/08/2023,20/08/2023,3.16,9.36,33.8,0.0,55.3,3.5,14.0,6.78,,,
qc_202308.pdf,292,Don Jacinto SA A Y G,01/08/2023,31/08/2023,20/08/2023,2.97,8.84,34.5,0.0,52.8,3.33,14.0,6.78,,,
qc_202308.pdf,292,Don Jacinto SA A Y G,01/08/2023,31/08/2023,21/08/2023,,,,,,,14.0,6.75,,,
qc_202308.pdf,292,Don Jacinto SA A Y G,01/08/2023,31/08/2023,21/08/2023,,,,,,,14.0,6.77,,,
qc_202308.pdf,292,Don Jacinto SA A Y G,01/08/2023,31/08/2023,22/08/2023,3.16,8.81,34.2,0.0,52.6,3.32,14.0,6.73,,,
qc_202308.pdf,292,Don Jacinto SA A Y G,01/08/2023,31/08/2023,22/08/2023,,,,,,,14.0,6.72,,,
qc_202308.pdf,292,Don Jacinto SA A Y G,01/08/2023,31/08/2023,23/08/2023,2.92,9.04,35.3,0.0,54.1,3.4,14.0,6.75,,,
qc_202308.pdf,292,Don Jacinto SA A Y G,01/08/2023,31/08/2023,23/08/2023,2.79,9.28,36.4,0.0,55.8,3.49,14.0,6.75,406000.0,35000.0,
qc_202308.pdf,292,Don Jacinto SA A Y G,01/08/2023,31/08/2023,24/08/2023,2.8,9.65,37.9,0.0,58.3,3.63,14.0,6.74,386000.0,389000.0,
qc_202308.pdf,292,Don Jacinto SA A Y G,01/08/2023,31/08/2023,25/08/2023,2.96,9.07,35.4,0.0,54.3,3.41,14.0,6.75,,,
qc_202308.pdf,292,Don Jacinto SA A Y G,01/08/2023,31/08/2023,26/08/2023,2.92,9.25,36.2,0.0,55.5,3.48,14.0,6.75,,,
qc_202308.pdf,292,Don Jacinto SA A Y G,01/08/2023,31/08/2023,26/08/2023,3.29,9.64,34.8,0.0,52.1,3.61,14.0,6.66,,,
qc_202308.pdf,292,Don Jacinto SA A Y G,01/08/2023,31/08/2023,27/08/2023,2.75,8.73,35.3,0.0,51.9,3.29,14.0,6.66,,,
qc_202308.pdf,292,Don Jacinto SA A Y G,01/08/2023,31/08/2023,28/08/2023,3.12,9.49,34.4,0.0,56.2,3.55,14.0,6.8,,,
qc_202308.pdf,292,Don Jacinto SA A Y G,01/08/2023,31/08/2023,28/08/2023,3.18,8.72,35.2,0.0,57.7,3.64,14.0,6.8,,,
qc_202308.pdf,292,Don Jacinto SA A Y G,01/08/2023,31/08/2023,28/08/2023,3.01,8.98,35.0,0.0,53.74,3.38,14.0,6.66,,,
qc_202308.pdf,292,Don Jacinto SA A Y G,01/08/2023,31/08/2023,29/08/2023,3.13,9.53,34.5,0.0,54.5,3.56,14.0,6.66,,,
qc_202308.pdf,292,Don Jacinto SA A Y G,01/08/2023,31/08/2023,30/08/2023,2.79,9.02,35.4,0.0,54.1,3.39,14.0,6.69,624000.0,31000.0,
qc_202308.pdf,292,Don Jacinto SA A Y G,01/08/2023,31/08/2023,30/08/2023,2.85,9.17,35.9,0.0,55.0,3.45,14.0,6.8,,,
qc_202308.pdf,292,Don Jacinto SA A Y G,01/08/2023,31/08/2023,30/08/2023,2.96,9.14,35.7,0.0,54.8,3.44,14.0,6.8,,,
qc_202308.pdf,292,Don Jacinto SA A Y G,01/08/2023,31/08/2023,31/08/2023,3.12,9.41,34.0,0.0,55.7,3.52,14.0,6.66,477000.0,367000.0,
qc_202309.pdf,292,0.00,01/09/2023,30/09/2023,01/09/2023,2.93,9.13,35.7,0.0,54.7,3.43,14.0,6.7,,,
qc_202309.pdf,292,0.00,01/09/2023,30/09/2023,01/09/2023,2.76,9.01,35.3,0.0,54.0,3.39,14.0,6.66,,,
qc_202309.pdf,292,0.00,01/09/2023,30/09/2023,01/09/2023,3.07,9.15,35.6,0.0,54.8,3.44,14.0,6.76,,,
qc_202309.pdf,292,0.00,01/09/2023,30/09/2023,02/09/2023,2.98,9.48,34.5,0.0,56.2,3.54,14.0,6.66,,,
qc_202309.pdf,292,0.00,01/09/2023,30/09/2023,02/09/2023,2.93,9.04,35.3,0.0,54.1,3.4,14.0,6.74,,,
qc_202309.pdf,292,0.00,01/09/2023,30/09/2023,03/09/2023,2.74,8.94,35.1,0.0,53.5,3.36,14.0,6.77,,,
qc_202309.pdf,292,0.00,01/09/2023,30/09/2023,03/09/2023,3.05,9.11,35.5,0.0,54.6,3.43,14.0,6.76,,,
qc_202309.pdf,292,0.00,01/09/2023,30/09/2023,04/09/2023,2.95,9.18,35.9,0.0,55.1,3.45,14.0,6.8,,,
qc_202309.pdf,292,0.00,01/09/2023,30/09/2023,04/09/2023,2.86,9.14,35.8,0.0,54.8,3.44,14.0,6.76,,,
qc_202309.pdf,292,0.00,01/09/2023,30/09/2023,05/09/2023,2.89,9.19,36.0,0.0,55.2,3.46,14.0,6.72,,,
qc_202309.pdf,292,0.00,01/09/2023,30/09/2023,05/09/2023,3.0,9.2,35.9,0.0,55.2,3.46,14.0,6.81,,,
qc_202309.pdf,292,0.00,01/09/2023,30/09/2023,06/09/2023,2.72,9.21,36.2,0.0,55.4,3.46,14.0,6.75,541000.0,16000.0,
qc_202309.pdf,292,0.00,01/09/2023,30/09/2023,06/09/2023,3.0,9.05,35.3,0.0,54.2,3.41,14.0,6.76,541000.0,16000.0,
qc_202309.pdf,292,0.00,01/09/2023,30/09/2023,07/09/2023,,,,,,,14.0,6.74,412000.0,17000.0,
qc_202309.pdf,292,0.00,01/09/2023,30/09/2023,07/09/2023,3.39,8.99,34.0,0.0,53.7,3.42,14.0,6.8,412000.0,17000.0,
qc_202309.pdf,292,0.00,01/09/2023,30/09/2023,08/09/2023,,,,,,,14.0,6.81,,,
qc_202309.pdf,292,0.00,01/09/2023,30/09/2023,08/09/2023,2.99,9.13,35.6,0.0,51.7,3.43,14.0,6.77,,,
qc_202309.pdf,292,0.00,01/09/2023,30/09/2023,09/09/2023,,,,,,,14.0,6.72,,,
qc_202309.pdf,292,0.00,01/09/2023,30/09/2023,09/09/2023,2.89,9.04,35.0,0.0,55.2,3.52,14.0,6.77,,,
qc_202309.pdf,292,0.00,01/09/2023,30/09/2023,10/09/2023,2.77,9.07,35.6,0.0,54.4,3.41,14.0,6.69,,,
qc_202309.pdf,292,0.00,01/09/2023,30/09/2023,10/09/2023,,,,,,,14.0,6.7,,,
qc_202309.pdf,292,0.00,01/09/2023,30/09/2023,10/09/2023,2.95,9.07,35.0,0.0,54.3,3.41,14.0,6.66,,,
qc_202309.pdf,292,0.00,01/09/2023,30/09/2023,11/09/2023,3.0,9.17,35.9,0.0,55.0,3.45,14.0,6.82,,,
qc_202309.pdf,292,0.00,01/09/2023,30/09/2023,11/09/2023,3.88,9.57,34.7,0.0,56.8,3.5,14.0,6.82,,,
qc_202309.pdf,292,0.00,01/09/2023,30/09/2023,12/09/2023,3.01,9.18,35.8,0.0,55.0,3.45,14.0,6.69,,,
qc_202309.pdf,292,0.00,01/09/2023,30/09/2023,13/09/2023,3.04,9.13,35.0,0.0,54.7,3.44,14.0,6.66,456000.0,19000.0,
qc_202309.pdf,292,0.00,01/09/2023,30/09/2023,14/09/2023,2.79,9.09,35.6,0.0,54.5,3.42,14.0,6.8,,,
qc_202309.pdf,292,0.00,01/09/2023,30/09/2023,14/09/2023,2.95,8.98,35.1,0.0,53.7,3.38,14.0,6.69,,,
qc_202309.pdf,292,0.00,01/09/2023,30/09/2023,14/09/2023,3.44,9.09,35.1,0.0,54.33,3.42,14.0,6.8,403000.0,11000.0,
qc_202309.pdf,292,0.00,01/09/2023,30/09/2023,15/09/2023,2.76,9.01,35.3,0.0,54.0,3.39,14.0,6.68,,,
qc_202309.pdf,292,0.00,01/09/2023,30/09/2023,16/09/2023,2.88,9.0,35.2,0.0,53.9,3.39,14.0,6.77,,,
qc_202309.pdf,292,0.00,01/09/2023,30/09/2023,16/09/2023,2.73,9.04,35.5,0.0,54.2,3.4,14.0,6.79,,,
qc_202309.pdf,292,0.00,01/09/2023,30/09/2023,17/09/2023,2.56,9.08,35.8,0.0,54.6,3.41,14.0,6.79,,,
qc_202309.pdf,292,0.00,01/09/2023,30/09/2023,17/09/2023,3.12,9.41,34.0,0.0,55.7,3.44,14.0,6.72,,,
qc_202309.pdf,292,0.00,01/09/2023,30/09/2023,17/09/2023,3.03,9.44,34.2,0.0,55.9,3.45,14.0,6.8,,,
qc_202309.pdf,292,0.00,01/09/2023,30/09/2023,18/09/2023,2.98,9.43,34.2,0.0,55.9,3.45,14.0,6.73,,,
qc_202309.pdf,292,0.00,01/09/2023,30/09/2023,18/09/2023,2.85,8.87,34.7,0.0,53.0,3.34,14.0,6.8,,,
qc_202309.pdf,292,0.00,01/09/2023,30/09/2023,19/09/2023,2.66,8.77,34.5,0.0,52.4,3.3,14.0,6.77,,,
qc_202309.pdf,292,0.00,01/09/2023,30/09/2023,19/09/2023,2.74,9.13,35.9,0.0,54.8,3.43,14.0,6.8,,,
qc_202309.pdf,292,0.00,01/09/2023,30/09/2023,20/09/2023,3.01,9.09,34.1,0.0,55.6,3.35,14.0,6.77,598000.0,11000.0,
qc_202309.pdf,292,0.00,01/09/2023,30/09/2023,20/09/2023,2.76,9.36,36.8,0.0,56.4,3.52,14.0,6.79,598000.0,11000.0,
qc_202309.pdf,292,0.00,01/09/2023,30/09/2023,21/09/2023,2.85,8.96,35.1,0.0,53.6,3.37,14.0,6.75,424000.0,348000.0,
qc_202309.pdf,292,0.00,01/09/2023,30/09/2023,21/09/2023,2.75,9.06,34.4,0.0,54.1,3.4,14.0,6.8,424000.0,348000.0,
qc_202309.pdf,292,0.00,01/09/2023,30/09/2023,22/09/2023,3.03,9.03,34.2,0.0,54.2,3.42,14.0,6.77,,,
qc_202309.pdf,292,0.00,01/09/2023,30/09/2023,22/09/2023,2.85,9.17,33.8,0.0,53.5,3.39,14.0,6.73,,,
qc_202309.pdf,292,0.00,01/09/2023,30/09/2023,23/09/2023,2.76,9.13,35.8,0.0,54.8,3.43,14.0,6.8,,,
qc_202309.pdf,292,0.00,01/09/2023,30/09/2023,24/09/2023,3.02,9.06,35.1,0.0,54.2,3.41,14.0,6.69,,,
qc_202309.pdf,292,0.00,01/09/2023,30/09/2023,24/09/2023,2.88,9.1,35.6,0.0,54.6,3.42,14.0,6.78,,,
qc_202309.pdf,292,0.00,01/09/2023,30/09/2023,25/09/2023,2.56,9.6,35.8,0.0,56.5,3.55,14.0,6.79,,,
qc_202309.pdf,292,0.00,01/09/2023,30/09/2023,25/09/2023,3.09,9.22,35.9,0.0,55.3,3.39,14.0,6.79,,,
qc_202309.pdf,292,0.00,01/09/2023,30/09/2023,27/09/2023,2.91,9.19,33.8,0.0,53.6,3.4,14.0,6.79,,,
qc_202309.pdf,292,0.00,01/09/2023,30/09/2023,27/09/2023,2.78,9.31,36.5,0.0,56.0,3.5,14.0,6.79,,,
qc_202309.pdf,292,0.00,01/09/2023,30/09/2023,27/09/2023,2.93,9.05,35.4,0.0,54.2,3.4,14.0,6.69,658000.0,12000.0,
qc_202309.pdf,292,0.00,01/09/2023,30/09/2023,28/09/2023,3.26,9.04,35.0,0.0,54.0,3.4,14.0,6.69,561000.0,13000.0,
qc_202309.pdf,292,0.00,01/09/2023,30/09/2023,29/09/2023,2.67,9.22,34.2,0.0,53.9,3.41,14.0,6.78,,,
qc_202309.pdf,292,0.00,01/09/2023,30/09/2023,29/09/2023,2.57,8.9,35.1,0.0,53.1,3.31,14.0,6.79,,,
qc_202309.pdf,292,0.00,01/09/2023,30/09/2023,29/09/2023,2.69,8.92,35.0,0.0,53.4,3.35,14.0,6.68,,,
qc_202309.pdf,292,0.00,01/09/2023,30/09/2023,30/09/2023,2.56,9.19,36.3,0.0,55.3,3.45,14.0,6.69,,,
qc_202310.pdf,292,0.00,01/10/2023,31/10/2023,01/10/2023,3.33,9.9,33.9,0.0,54.1,3.39,14.0,6.68,,,
qc_202310.pdf,292,0.00,01/10/2023,31/10/2023,01/10/2023,2.78,9.29,34.4,0.0,54.3,3.44,14.0,6.8,,,
qc_202310.pdf,292,0.00,01/10/2023,31/10/2023,01/10/2023,2.64,9.32,34.6,0.0,54.5,3.45,14.0,6.8,,,
qc_202310.pdf,292,0.00,01/10/2023,31/10/2023,02/10/2023,2.76,9.17,36.0,0.0,55.1,3.45,14.0,6.72,,,
qc_202310.pdf,292,0.00,01/10/2023,31/10/2023,02/10/2023,2.53,9.25,36.5,0.0,55.7,3.48,14.0,6.66,,,
qc_202310.pdf,292,0.00,01/10/2023,31/10/2023,03/10/2023,2.56,9.03,35.6,0.0,54.2,3.39,14.0,6.79,,,
qc_202310.pdf,292,0.00,01/10/2023,31/10/2023,03/10/2023,2.51,9.46,35.3,0.0,55.6,3.5,14.0,6.71,,,
qc_202310.pdf,292,0.00,01/10/2023,31/10/2023,04/10/2023,2.64,9.4,34.9,0.0,55.1,3.48,14.0,6.78,,,
qc_202310.pdf,292,0.00,01/10/2023,31/10/2023,04/10/2023,2.7,9.02,35.4,0.0,54.1,3.39,14.0,6.74,631000.0,22000.0,
qc_202310.pdf,292,0.00,01/10/2023,31/10/2023,05/10/2023,2.65,9.09,35.8,0.0,54.6,3.42,14.0,6.77,499000.0,14000.0,
qc_202310.pdf,292,0.00,01/10/2023,31/10/2023,05/10/2023,2.95,9.32,34.3,0.0,54.4,3.45,14.0,6.74,,,
qc_202310.pdf,292,0.00,01/10/2023,31/10/2023,06/10/2023,2.52,9.15,36.1,0.0,55.0,3.44,14.0,6.71,,,
qc_202310.pdf,292,0.00,01/10/2023,31/10/2023,06/10/2023,2.57,9.3,35.1,0.0,55.3,3.49,14.0,6.77,,,
qc_202310.pdf,292,0.00,01/10/2023,31/10/2023,07/10/2023,2.46,9.27,36.7,0.0,55.9,3.48,14.0,6.77,,,
qc_202310.pdf,292,0.00,01/10/2023,31/10/2023,07/10/2023,2.75,9.24,34.2,0.0,54.0,3.42,14.0,6.73,,,
qc_202310.pdf,292,0.00,01/10/2023,31/10/2023,08/10/2023,2.76,9.35,34.6,0.0,54.7,3.46,14.0,6.78,,,
qc_202310.pdf,292,0.00,01/10/2023,31/10/2023,09/10/2023,3.5,9.27,33.1,0.0,53.1,3.47,14.0,6.69,,,
qc_202310.pdf,292,0.00,01/10/2023,31/10/2023,09/10/2023,2.8,9.31,32.1,0.0,52.5,3.39,14.0,6.68,,,
qc_202310.pdf,292,0.00,01/10/2023,31/10/2023,10/10/2023,2.67,8.98,33.3,0.0,53.8,3.38,14.0,6.79,,,
qc_202310.pdf,292,0.00,01/10/2023,31/10/2023,10/10/2023,2.67,9.17,34.0,0.0,53.5,3.39,14.0,6.8,,,
qc_202310.pdf,292,0.00,01/10/2023,31/10/2023,10/10/2023,2.87,8.92,34.9,0.0,53.4,3.36,14.0,6.69,708000.0,10000.0,
qc_202310.pdf,292,0.00,01/10/2023,31/10/2023,11/10/2023,3.28,9.0,35.5,0.0,54.9,3.46,14.0,6.66,663000.0,15000.0,
qc_202310.pdf,292,0.00,01/10/2023,31/10/2023,12/10/2023,2.92,8.94,34.9,0.0,53.5,3.36,14.0,6.76,,,
qc_202310.pdf,292,0.00,01/10/2023,31/10/2023,12/10/2023,2.46,9.23,36.3,0.0,55.6,3.47,14.0,6.74,,,
qc_202310.pdf,292,0.00,01/10/2023,31/10/2023,13/10/2023,2.67,9.01,35.4,0.0,54.0,3.39,14.0,6.67,,,
qc_202310.pdf,292,0.00,01/10/2023,31/10/2023,14/10/2023,2.82,9.21,34.0,0.0,53.7,3.41,14.0,6.66,,,
qc_202310.pdf,292,0.00,01/10/2023,31/10/2023,14/10/2023,2.54,9.06,35.1,0.0,54.4,3.4,14.0,6.69,,,
qc_202310.pdf,292,0.00,01/10/2023,31/10/2023,15/10/2023,3.02,9.11,35.5,0.0,54.6,3.43,14.0,6.76,,,
qc_202310.pdf,292,0.00,01/10/2023,31/10/2023,15/10/2023,2.74,8.99,35.3,0.0,53.9,3.38,14.0,6.74,,,
qc_202310.pdf,292,0.00,01/10/2023,31/10/2023,15/10/2023,2.87,9.3,34.3,0.0,54.3,3.44,14.0,6.76,,,
qc_202310.pdf,292,0.00,01/10/2023,31/10/2023,16/10/2023,2.85,9.21,34.0,0.0,53.7,3.41,14.0,6.75,,,
qc_202310.pdf,292,0.00,01/10/2023,31/10/2023,16/10/2023,3.17,9.04,33.0,0.0,52.5,3.35,14.0,6.74,,,
qc_202310.pdf,292,0.00,01/10/2023,31/10/2023,17/10/2023,3.04,8.74,34.0,0.0,52.1,3.29,14.0,6.78,,,
qc_202310.pdf,292,0.00,01/10/2023,31/10/2023,17/10/2023,2.82,9.0,35.3,0.0,53.9,3.39,14.0,6.72,,,
qc_202310.pdf,292,0.00,01/10/2023,31/10/2023,18/10/2023,2.9,9.04,35.6,0.0,54.2,3.4,14.0,6.76,441000.0,20000.0,
qc_202310.pdf,292,0.00,01/10/2023,31/10/2023,18/10/2023,3.22,9.15,33.4,0.0,53.1,3.39,14.0,6.73,,,
qc_202310.pdf,292,0.00,01/10/2023,31/10/2023,19/10/2023,2.99,9.16,33.7,0.0,53.3,3.39,14.0,6.76,385000.0,25000.0,
qc_202310.pdf,292,0.00,01/10/2023,31/10/2023,19/10/2023,2.79,9.29,34.4,0.0,54.3,3.44,14.0,6.76,,,
qc_202310.pdf,292,0.00,01/10/2023,31/10/2023,20/10/2023,2.75,8.94,35.1,0.0,53.5,3.36,14.0,6.77,,,
qc_202310.pdf,292,0.00,01/10/2023,31/10/2023,20/10/2023,2.84,9.19,36.0,0.0,55.2,3.46,14.0,6.74,,,
qc_202310.pdf,292,0.00,01/10/2023,31/10/2023,21/10/2023,2.79,8.99,35.2,0.0,53.9,3.38,14.0,6.69,,,
qc_202310.pdf,292,0.00,01/10/2023,31/10/2023,21/10/2023,2.8,9.24,34.2,0.0,53.9,3.42,14.0,6.79,,,
qc_202310.pdf,292,0.00,01/10/2023,31/10/2023,22/10/2023,3.01,9.01,35.4,0.0,54.1,3.43,14.0,6.66,,,
qc_202310.pdf,292,0.00,01/10/2023,31/10/2023,22/10/2023,2.82,8.98,35.2,0.0,53.8,3.38,14.0,6.68,,,
qc_202310.pdf,292,0.00,01/10/2023,31/10/2023,23/10/2023,2.67,9.13,33.8,0.0,53.3,3.38,14.0,6.69,,,
qc_202310.pdf,292,0.00,01/10/2023,31/10/2023,24/10/2023,2.5,8.78,34.6,0.0,52.5,3.3,14.0,6.78,,,
qc_202310.pdf,292,0.00,01/10/2023,31/10/2023,24/10/2023,2.94,8.9,34.7,0.0,53.2,3.35,14.0,6.76,,,
qc_202310.pdf,292,0.00,01/10/2023,31/10/2023,25/10/2023,2.83,8.95,35.0,0.0,53.6,3.37,14.0,6.77,,,
qc_202310.pdf,292,0.00,01/10/2023,31/10/2023,25/10/2023,2.62,9.13,33.9,0.0,53.3,3.38,14.0,6.77,540000.0,69000.0,
qc_202310.pdf,292,0.00,01/10/2023,31/10/2023,26/10/2023,3.27,8.71,32.1,0.0,52.1,3.32,14.0,6.66,289000.0,42000.0,
qc_202310.pdf,292,0.00,01/10/2023,31/10/2023,26/10/2023,3.04,9.01,33.0,0.0,52.3,3.34,14.0,6.69,,,
qc_202310.pdf,292,0.00,01/10/2023,31/10/2023,27/10/2023,2.86,9.04,35.4,0.0,54.2,3.4,14.0,6.76,,,
qc_202310.pdf,292,0.00,01/10/2023,31/10/2023,27/10/2023,2.64,9.37,34.3,0.0,55.7,3.42,14.0,6.78,,,
qc_202310.pdf,292,0.00,01/10/2023,31/10/2023,27/10/2023,2.67,9.1,33.7,0.0,53.1,3.37,14.0,6.77,,,
qc_202310.pdf,292,0.00,01/10/2023,31/10/2023,28/10/2023,2.8,9.1,33.6,0.0,53.0,3.37,14.0,6.79,,,
qc_202310.pdf,292,0.00,01/10/2023,31/10/2023,29/10/2023,2.88,8.97,35.1,0.0,53.7,3.37,14.0,6.79,,,
qc_202310.pdf,292,0.00,01/10/2023,31/10/2023,29/10/2023,2.71,9.04,33.4,0.0,52.6,3.3,14.0,6.73,,,
qc_202310.pdf,292,0.00,01/10/2023,31/10/2023,29/10/2023,2.68,9.17,34.0,0.0,53.5,3.39,14.0,6.72,,,
qc_202310.pdf,292,0.00,01/10/2023,31/10/2023,30/10/2023,2.73,9.25,34.2,0.0,54.0,3.42,14.0,6.79,,,
qc_202310.pdf,292,0.00,01/10/2023,31/10/2023,31/10/2023,2.9,9.11,33.5,0.0,53.0,3.37,14.0,6.74,,,
qc_202310.pdf,292,0.00,01/10/2023,31/10/2023,31/10/2023,2.6,9.1,33.8,0.0,53.1,3.37,14.0,6.71,,,
qc_202311.pdf,292,0.00,01/11/2023,30/11/2023,01/11/2023,2.89,9.01,33.1,0.0,52.4,3.33,14.0,6.76,,,
qc_202311.pdf,292,0.00,01/11/2023,30/11/2023,01/11/2023,,,,,,,14.0,6.77,,,
qc_202311.pdf,292,0.00,01/11/2023,30/11/2023,02/11/2023,3.07,9.15,33.5,0.0,53.2,3.39,14.0,6.76,663000.0,23000.0,
qc_202311.pdf,292,0.00,01/11/2023,30/11/2023,02/11/2023,2.92,9.01,33.1,0.0,52.4,3.33,14.0,6.78,,,
qc_202311.pdf,292,0.00,01/11/2023,30/11/2023,02/11/2023,2.75,8.97,33.1,0.0,52.1,3.32,14.0,6.76,,,
qc_202311.pdf,292,0.00,01/11/2023,30/11/2023,03/11/2023,3.22,9.29,34.0,0.0,54.1,3.44,14.0,6.79,525000.0,11000.0,
qc_202311.pdf,292,0.00,01/11/2023,30/11/2023,04/11/2023,2.9,8.94,35.9,0.0,53.5,3.36,14.0,6.76,,,
qc_202311.pdf,292,0.00,01/11/2023,30/11/2023,04/11/2023,3.09,9.03,33.0,0.0,52.4,3.34,14.0,6.73,,,
qc_202311.pdf,292,0.00,01/11/2023,30/11/2023,04/11/2023,2.71,9.02,33.3,0.0,52.5,3.34,14.0,6.72,,,
qc_202311.pdf,292,0.00,01/11/2023,30/11/2023,05/11/2023,2.75,9.0,33.2,0.0,52.4,3.33,14.0,6.77,,,
qc_202311.pdf,292,0.00,01/11/2023,30/11/2023,05/11/2023,2.87,8.95,34.9,0.0,53.5,3.34,14.0,6.66,,,
qc_202311.pdf,292,0.00,01/11/2023,30/11/2023,06/11/2023,2.72,8.98,35.3,0.0,53.8,3.38,14.0,6.66,,,
qc_202311.pdf,292,0.00,01/11/2023,30/11/2023,07/11/2023,2.77,9.26,34.3,0.0,54.1,3.43,14.0,6.72,,,
qc_202311.pdf,292,0.00,01/11/2023,30/11/2023,07/11/2023,2.78,8.95,35.1,0.0,53.6,3.37,14.0,6.69,,,
qc_202311.pdf,292,0.00,01/11/2023,30/11/2023,07/11/2023,2.78,9.22,34.1,0.0,53.8,3.41,14.0,6.74,,,
qc_202311.pdf,292,0.00,01/11/2023,30/11/2023,08/11/2023,2.88,9.01,33.1,0.0,52.4,3.33,14.0,6.66,,,
qc_202311.pdf,292,0.00,01/11/2023,30/11/2023,09/11/2023,2.66,9.18,34.0,0.0,53.6,3.4,14.0,6.77,,,
qc_202311.pdf,292,0.00,01/11/2023,30/11/2023,09/11/2023,3.73,9.08,33.6,0.0,52.1,3.36,14.0,6.76,352000.0,19000.0,
qc_202311.pdf,292,0.00,01/11/2023,30/11/2023,10/11/2023,,,,,,,14.0,,,,
qc_202311.pdf,292,0.00,01/11/2023,30/11/2023,10/11/2023,2.97,9.01,33.2,0.0,52.4,3.33,14.0,6.66,453000.0,17000.0,
qc_202311.pdf,292,0.00,01/11/2023,30/11/2023,11/11/2023,2.74,9.41,34.4,0.0,55.9,3.44,14.0,6.78,,,
qc_202311.pdf,292,0.00,01/11/2023,30/11/2023,11/11/2023,2.87,9.15,33.7,0.0,53.3,3.39,14.0,6.78,,,
qc_202311.pdf,292,0.00,01/11/2023,30/11/2023,11/11/2023,2.72,9.31,34.0,0.0,55.2,3.4,14.0,6.74,,,
qc_202311.pdf,292,0.00,01/11/2023,30/11/2023,13/11/2023,2.85,9.25,34.4,0.0,54.1,3.41,14.0,6.75,,,
qc_202311.pdf,292,0.00,01/11/2023,30/11/2023,13/11/2023,2.83,9.23,34.1,0.0,53.9,3.42,14.0,6.77,,,
qc_202311.pdf,292,0.00,01/11/2023,30/11/2023,14/11/2023,2.76,9.23,34.1,0.0,53.9,3.41,14.0,6.74,,,
qc_202311.pdf,292,0.00,01/11/2023,30/11/2023,14/11/2023,2.9,9.08,33.4,0.0,52.8,3.36,14.0,6.73,,,
qc_202311.pdf,292,0.00,01/11/2023,30/11/2023,15/11/2023,2.68,9.14,33.8,0.0,53.3,3.38,14.0,6.74,382000.0,27000.0,
qc_202311.pdf,292,0.00,01/11/2023,30/11/2023,16/11/2023,2.72,9.24,34.2,0.0,54.0,3.42,14.0,6.74,,,
qc_202311.pdf,292,0.00,01/11/2023,30/11/2023,16/11/2023,2.68,9.32,34.5,0.0,54.0,3.42,14.0,6.74,341000.0,25000.0,
qc_202311.pdf,292,0.00,01/11/2023,30/11/2023,17/11/2023,2.75,9.15,33.8,0.0,53.4,3.39,14.0,6.72,,,
qc_202311.pdf,292,0.00,01/11/2023,30/11/2023,17/11/2023,2.86,9.05,33.3,0.0,52.6,3.35,14.0,6.74,,,
qc_202311.pdf,292,0.00,01/11/2023,30/11/2023,18/11/2023,2.7,9.1,34.0,0.0,54.6,3.4,14.0,6.78,,,
qc_202311.pdf,292,0.00,01/11/2023,30/11/2023,18/11/2023,2.83,9.11,34.3,0.0,53.9,3.4,14.0,6.8,,,
qc_202311.pdf,292,0.00,01/11/2023,30/11/2023,18/11/2023,2.69,9.07,33.6,0.0,52.9,3.35,14.0,6.77,,,
qc_202311.pdf,292,0.00,01/11/2023,30/11/2023,19/11/2023,2.76,9.09,33.6,0.0,53.0,3.36,14.0,6.8,,,
qc_202311.pdf,292,0.00,01/11/2023,30/11/2023,19/11/2023,2.69,9.24,33.7,0.0,54.8,3.37,14.0,6.66,,,
qc_202311.pdf,292,0.00,01/11/2023,30/11/2023,20/11/2023,2.74,9.08,33.6,0.0,52.9,3.36,14.0,6.66,,,
qc_202311.pdf,292,0.00,01/11/2023,30/11/2023,21/11/2023,2.7,9.05,33.5,0.0,52.7,3.35,14.0,6.78,,,
qc_202311.pdf,292,0.00,01/11/2023,30/11/2023,21/11/2023,2.65,9.31,34.1,0.0,55.3,3.4,14.0,6.69,,,
qc_202311.pdf,292,0.00,01/11/2023,30/11/2023,21/11/2023,2.74,9.24,33.7,0.0,54.8,3.37,14.0,6.79,,,
qc_202311.pdf,292,0.00,01/11/2023,30/11/2023,22/11/2023,,,,,,,14.0,,467000.0,15000.0,
qc_202311.pdf,292,0.00,01/11/2023,30/11/2023,23/11/2023,2.77,9.25,33.7,0.0,54.8,3.38,14.0,6.76,,,
qc_202311.pdf,292,0.00,01/11/2023,30/11/2023,23/11/2023,2.54,9.29,34.1,0.0,55.2,3.39,14.0,6.76,327000.0,15000.0,
qc_202311.pdf,292,0.00,01/11/2023,30/11/2023,24/11/2023,2.91,9.06,32.8,0.0,53.5,3.31,14.0,6.67,,,
qc_202311.pdf,292,0.00,01/11/2023,30/11/2023,24/11/2023,2.81,9.33,34.0,0.0,55.3,3.41,14.0,6.66,,,
qc_202311.pdf,292,0.00,01/11/2023,30/11/2023,24/11/2023,,,,,,,14.0,,,,
qc_202311.pdf,292,0.00,01/11/2023,30/11/2023,25/11/2023,2.67,9.2,34.0,0.0,53.7,3.4,14.0,6.66,,,
qc_202311.pdf,292,0.00,01/11/2023,30/11/2023,26/11/2023,2.8,9.28,34.3,0.0,54.2,3.43,14.0,6.72,,,
qc_202311.pdf,292,0.00,01/11/2023,30/11/2023,26/11/2023,2.97,9.3,34.2,0.0,54.3,3.44,14.0,6.73,,,
qc_202311.pdf,292,0.00,01/11/2023,30/11/2023,26/11/2023,2.94,9.24,33.5,0.0,54.7,3.38,14.0,6.75,,,
qc_202311.pdf,292,0.00,01/11/2023,30/11/2023,27/11/2023,2.77,9.19,34.0,0.0,53.6,3.4,14.0,6.77,,,
qc_202311.pdf,292,0.00,01/11/2023,30/11/2023,28/11/2023,2.93,9.14,33.6,0.0,53.2,3.38,14.0,6.73,,,
qc_202311.pdf,292,0.00,01/11/2023,30/11/2023,28/11/2023,,,,,,,14.0,6.75,,,
qc_202311.pdf,292,0.00,01/11/2023,30/11/2023,28/11/2023,2.92,9.44,34.8,0.0,55.2,3.49,14.0,6.73,,,
qc_202311.pdf,292,0.00,01/11/2023,30/11/2023,29/11/2023,2.88,9.3,33.8,0.0,54.1,3.4,14.0,6.73,393000.0,19000.0,
qc_202311.pdf,292,0.00,01/11/2023,30/11/2023,30/11/2023,3.04,9.09,33.3,0.0,52.8,3.37,14.0,6.76,495000.0,11000.0,
qc_202311.pdf,292,0.00,01/11/2023,30/11/2023,30/11/2023,2.89,9.1,33.1,0.0,52.4,3.33,14.0,6.77,,,
qc_202312.pdf,292,0.00,01/12/2023,31/12/2023,01/12/2023,3.06,9.26,34.0,0.0,53.9,3.43,14.0,6.74,,,
qc_202312.pdf,292,0.00,01/12/2023,31/12/2023,01/12/2023,2.68,9.2,33.9,0.0,53.9,3.4,14.0,6.77,,,
qc_202312.pdf,292,0.00,01/12/2023,31/12/2023,02/12/2023,3.03,9.25,34.0,0.0,53.9,3.42,14.0,6.73,,,
qc_202312.pdf,292,0.00,01/12/2023,31/12/2023,02/12/2023,3.16,9.23,33.8,0.0,53.7,3.42,14.0,6.81,,,
qc_202312.pdf,292,0.00,01/12/2023,31/12/2023,03/12/2023,3.03,9.14,33.0,0.0,54.0,3.34,14.0,6.69,,,
qc_202312.pdf,292,0.00,01/12/2023,31/12/2023,03/12/2023,2.97,9.29,33.7,0.0,54.0,3.39,14.0,6.8,,,
qc_202312.pdf,292,0.00,01/12/2023,31/12/2023,04/12/2023,3.33,9.22,33.1,0.0,54.3,3.37,14.0,6.66,,,
qc_202312.pdf,292,0.00,01/12/2023,31/12/2023,04/12/2023,3.12,9.03,32.5,0.0,53.2,3.3,14.0,6.75,,,
qc_202312.pdf,292,0.00,01/12/2023,31/12/2023,05/12/2023,2.95,9.27,34.1,0.0,54.1,3.43,14.0,6.75,449000.0,15000.0,
qc_202312.pdf,292,0.00,01/12/2023,31/12/2023,05/12/2023,3.11,9.29,33.2,0.0,54.3,3.36,14.0,6.68,449000.0,15000.0,
qc_202312.pdf,292,0.00,01/12/2023,31/12/2023,06/12/2023,3.13,9.2,33.2,0.0,54.33,3.36,14.0,6.74,420000.0,12000.0,
qc_202312.pdf,292,0.00,01/12/2023,31/12/2023,06/12/2023,2.99,9.41,34.7,0.0,55.0,3.49,14.0,6.66,420000.0,12000.0,
qc_202312.pdf,292,0.00,01/12/2023,31/12/2023,07/12/2023,3.23,9.31,34.0,0.0,54.2,3.45,14.0,6.76,,,
qc_202312.pdf,292,0.00,01/12/2023,31/12/2023,07/12/2023,3.04,9.29,33.6,0.0,54.9,3.39,14.0,6.68,,,
qc_202312.pdf,292,0.00,01/12/2023,31/12/2023,08/12/2023,3.02,9.22,33.4,0.0,54.5,3.37,14.0,6.68,,,
qc_202312.pdf,292,0.00,01/12/2023,31/12/2023,08/12/2023,3.03,9.52,35.1,0.0,55.7,3.53,14.0,6.69,,,
qc_202312.pdf,292,0.00,01/12/2023,31/12/2023,09/12/2023,2.9,9.35,34.5,0.0,54.6,3.46,14.0,6.69,,,
qc_202312.pdf,292,0.00,01/12/2023,31/12/2023,09/12/2023,3.13,9.2,33.2,0.0,54.3,3.36,14.0,6.77,,,
qc_202312.pdf,292,0.00,01/12/2023,31/12/2023,10/12/2023,3.12,9.21,33.7,0.0,53.6,3.41,14.0,6.77,,,
qc_202312.pdf,292,0.00,01/12/2023,31/12/2023,10/12/2023,3.01,9.26,34.8,0.0,54.3,3.43,14.0,6.78,,,
qc_202312.pdf,292,0.00,01/12/2023,31/12/2023,11/12/2023,2.98,9.3,33.7,0.0,54.0,3.4,14.0,6.78,,,
qc_202312.pdf,292,0.00,01/12/2023,31/12/2023,11/12/2023,2.82,9.33,34.5,0.0,54.5,3.45,14.0,6.75,,,
qc_202312.pdf,292,0.00,01/12/2023,31/12/2023,12/12/2023,2.9,9.26,34.0,0.0,54.5,3.4,14.0,6.79,,,
qc_202312.pdf,292,0.00,01/12/2023,31/12/2023,12/12/2023,2.76,9.43,35.0,0.0,55.2,3.49,14.0,6.73,,,
qc_202312.pdf,292,0.00,01/12/2023,31/12/2023,13/12/2023,2.82,9.35,34.6,0.0,54.7,3.46,14.0,6.79,210000.0,75000.0,
qc_202312.pdf,292,0.00,01/12/2023,31/12/2023,13/12/2023,3.05,9.35,34.4,0.0,54.5,3.46,14.0,6.74,210000.0,75000.0,
qc_202312.pdf,292,0.00,01/12/2023,31/12/2023,14/12/2023,2.92,9.49,35.0,0.0,55.5,3.51,14.0,6.72,328000.0,39000.0,
qc_202312.pdf,292,0.00,01/12/2023,31/12/2023,14/12/2023,2.89,9.37,34.1,0.0,55.6,3.42,14.0,6.75,328000.0,39000.0,
qc_202312.pdf,292,0.00,01/12/2023,31/12/2023,15/12/2023,2.76,9.23,34.1,0.0,53.9,3.41,14.0,6.75,,,
qc_202312.pdf,292,0.00,01/12/2023,31/12/2023,16/12/2023,2.75,9.32,34.0,0.0,55.3,3.4,14.0,6.79,,,
qc_202312.pdf,292,0.00,01/12/2023,31/12/2023,16/12/2023,2.68,9.35,34.2,0.0,55.5,3.41,14.0,6.78,,,
qc_202312.pdf,292,0.00,01/12/2023,31/12/2023,17/12/2023,3.04,9.18,33.2,0.0,54.2,3.35,14.0,6.78,,,
qc_202312.pdf,292,0.00,01/12/2023,31/12/2023,17/12/2023,2.96,9.31,34.3,0.0,54.3,3.45,14.0,6.78,,,
qc_202312.pdf,292,0.00,01/12/2023,31/12/2023,19/12/2023,2.98,9.32,33.8,0.0,55.2,3.41,14.0,6.78,,,
qc_202312.pdf,292,0.00,01/12/2023,31/12/2023,19/12/2023,2.71,8.97,33.1,0.0,52.2,3.32,14.0,6.77,,,
qc_202312.pdf,292,0.00,01/12/2023,31/12/2023,20/12/2023,2.89,9.16,33.7,0.0,53.4,3.39,14.0,6.74,414000.0,30000.0,
qc_202312.pdf,292,0.00,01/12/2023,31/12/2023,20/12/2023,2.67,9.24,34.3,0.0,54.0,3.42,14.0,6.75,414000.0,30000.0,
qc_202312.pdf,292,0.00,01/12/2023,31/12/2023,21/12/2023,2.64,9.29,34.5,0.0,54.4,3.44,14.0,6.74,509000.0,59000.0,
qc_202312.pdf,292,0.00,01/12/2023,31/12/2023,21/12/2023,2.8,9.35,34.1,0.0,55.5,3.41,14.0,6.74,509000.0,59000.0,
qc_202312.pdf,292,0.00,01/12/2023,31/12/2023,22/12/2023,2.97,9.19,33.0,0.0,54.3,3.36,14.0,6.66,,,
qc_202312.pdf,292,0.00,01/12/2023,31/12/2023,23/12/2023,2.58,9.21,33.7,0.0,54.6,3.36,14.0,6.78,,,(+) (+)
qc_202312.pdf,292,0.00,01/12/2023,31/12/2023,23/12/2023,2.62,9.22,33.3,0.0,54.7,3.36,14.0,6.66,,,
qc_202312.pdf,292,0.00,01/12/2023,31/12/2023,24/12/2023,2.61,9.06,33.7,0.0,53.0,3.36,14.0,6.69,,,
qc_202312.pdf,292,0.00,01/12/2023,31/12/2023,25/12/2023,2.79,9.3,33.9,0.0,55.1,3.24,14.0,6.68,,,
qc_202312.pdf,292,0.00,01/12/2023,31/12/2023,26/12/2023,2.71,9.22,34.0,0.0,54.3,3.4,14.0,6.77,,,
qc_202312.pdf,292,0.00,01/12/2023,31/12/2023,26/12/2023,2.68,9.25,33.8,0.0,54.9,3.38,14.0,6.77,,,
qc_202312.pdf,292,0.00,01/12/2023,31/12/2023,27/12/2023,2.69,9.23,34.2,0.0,53.9,3.41,14.0,6.76,,,
qc_202312.pdf,292,0.00,01/12/2023,31/12/2023,28/12/2023,2.86,9.28,33.7,0.0,55.0,3.39,14.0,6.76,337000.0,25000.0,
qc_202312.pdf,292,0.00,01/12/2023,31/12/2023,28/12/2023,2.69,9.37,34.3,0.0,55.7,3.42,14.0,6.75,337000.0,25000.0,
qc_202312.pdf,292,0.00,01/12/2023,31/12/2023,28/12/2023,2.52,9.34,34.8,0.0,54.7,3.45,14.0,6.74,337000.0,25000.0,
qc_202312.pdf,292,0.00,01/12/2023,31/12/2023,29/12/2023,2.71,9.3,34.5,0.0,54.4,3.44,14.0,6.76,430000.0,34000.0,
qc_202312.pdf,292,0.00,01/12/2023,31/12/2023,30/12/2023,2.72,9.28,33.9,0.0,55.0,3.39,14.0,6.74,,,
qc_202312.pdf,292,0.00,01/12/2023,31/12/2023,30/12/2023,2.69,9.38,34.8,0.0,54.9,3.47,14.0,6.76,,,
qc_202312.pdf,292,0.00,01/12/2023,31/12/2023,30/12/2023,2.95,9.29,33.5,0.0,55.0,3.3,14.0,6.69,,,
qc_202312.pdf,292,0.00,01/12/2023,31/12/2023,31/12/2023,2.91,9.27,34.2,0.0,54.1,3.43,14.0,6.66,,,
qc_202401.pdf,292,0.00,01/01/2024,31/01/2024,01/01/2024,2.59,9.48,35.3,0.0,55.7,3.51,14.0,6.76,,,
qc_202401.pdf,292,0.00,01/01/2024,31/01/2024,01/01/2024,2.58,9.66,34.7,0.0,56.3,3.45,14.0,6.69,,,
qc_202401.pdf,292,0.00,01/01/2024,31/01/2024,02/01/2024,2.35,9.34,35.0,0.0,54.8,3.45,14.0,6.72,,,
qc_202401.pdf,292,0.00,01/01/2024,31/01/2024,02/01/2024,2.83,9.48,35.1,0.0,55.5,3.51,14.0,6.66,,,
qc_202401.pdf,292,0.00,01/01/2024,31/01/2024,03/01/2024,2.38,9.45,34.9,0.0,55.4,3.45,14.0,6.79,,,
qc_202401.pdf,292,0.00,01/01/2024,31/01/2024,03/01/2024,2.33,9.58,35.4,0.0,57.5,3.5,14.0,6.7,,,
qc_202401.pdf,292,0.00,01/01/2024,31/01/2024,04/01/2024,2.19,9.36,35.2,0.0,55.0,3.46,14.0,6.78,429000.0,18000.0,
qc_202401.pdf,292,0.00,01/01/2024,31/01/2024,05/01/2024,,,,,,,14.0,6.71,658000.0,17000.0,
qc_202401.pdf,292,0.00,01/01/2024,31/01/2024,05/01/2024,2.14,9.41,34.9,0.0,56.2,3.43,14.0,6.69,,,
qc_202401.pdf,292,0.00,01/01/2024,31/01/2024,06/01/2024,2.59,9.27,34.0,0.0,55.0,3.38,14.0,6.68,,,
qc_202401.pdf,292,0.00,01/01/2024,31/01/2024,06/01/2024,2.19,9.38,35.2,0.0,55.1,3.46,14.0,6.69,,,
qc_202401.pdf,292,0.00,01/01/2024,31/01/2024,07/01/2024,2.34,9.35,35.0,0.0,54.9,3.46,14.0,6.69,,,
qc_202401.pdf,292,0.00,01/01/2024,31/01/2024,07/01/2024,2.23,9.38,35.2,0.0,55.2,3.47,14.0,6.77,,,
qc_202401.pdf,292,0.00,01/01/2024,31/01/2024,08/01/2024,2.11,9.37,35.3,0.0,55.2,3.46,14.0,6.75,,,
qc_202401.pdf,292,0.00,01/01/2024,31/01/2024,08/01/2024,2.21,9.52,35.8,0.0,56.1,3.52,14.0,6.75,,,
qc_202401.pdf,292,0.00,01/01/2024,31/01/2024,09/01/2024,2.22,9.65,35.8,0.0,57.8,3.52,14.0,6.76,,,
qc_202401.pdf,292,0.00,01/01/2024,31/01/2024,09/01/2024,2.31,9.51,35.7,0.0,56.0,3.51,14.0,6.79,,,
qc_202401.pdf,292,0.00,01/01/2024,31/01/2024,10/01/2024,2.15,9.59,35.6,0.0,57.5,3.5,14.0,6.8,395000.0,11000.0,
qc_202401.pdf,292,0.00,01/01/2024,31/01/2024,11/01/2024,2.44,9.54,35.7,0.0,56.2,3.53,14.0,6.75,,,
qc_202401.pdf,292,0.00,01/01/2024,31/01/2024,11/01/2024,2.56,9.37,34.4,0.0,55.7,3.42,14.0,6.76,643000.0,10000.0,
qc_202401.pdf,292,0.00,01/01/2024,31/01/2024,12/01/2024,2.83,9.24,33.6,0.0,54.7,3.37,14.0,6.76,,,
qc_202401.pdf,292,0.00,01/01/2024,31/01/2024,12/01/2024,2.35,9.34,35.0,0.0,54.8,3.45,14.0,6.75,,,
qc_202401.pdf,292,0.00,01/01/2024,31/01/2024,12/01/2024,2.17,9.57,35.5,0.0,57.3,3.49,14.0,6.81,,,
qc_202401.pdf,292,0.00,01/01/2024,31/01/2024,13/01/2024,2.32,9.3,34.3,0.0,55.4,3.39,14.0,6.8,,,
qc_202401.pdf,292,0.00,01/01/2024,31/01/2024,13/01/2024,2.48,9.42,35.2,0.0,55.3,3.47,14.0,6.8,,,
qc_202401.pdf,292,0.00,01/01/2024,31/01/2024,14/01/2024,2.86,9.37,34.1,0.0,55.6,3.42,14.0,6.74,,,
qc_202401.pdf,292,0.00,01/01/2024,31/01/2024,14/01/2024,2.21,9.39,35.3,0.0,55.2,3.47,14.0,6.8,,,
qc_202401.pdf,292,0.00,01/01/2024,31/01/2024,15/01/2024,2.39,9.4,35.2,0.0,55.2,3.47,14.0,6.79,,,
qc_202401.pdf,292,0.00,01/01/2024,31/01/2024,16/01/2024,2.57,9.44,34.8,0.0,56.3,3.44,14.0,6.79,,,
qc_202401.pdf,292,0.00,01/01/2024,31/01/2024,16/01/2024,2.5,9.4,35.1,0.0,55.2,3.48,14.0,6.76,,,
qc_202401.pdf,292,0.00,01/01/2024,31/01/2024,17/01/2024,2.71,9.4,34.9,0.0,55.1,3.48,14.0,6.79,,,
qc_202401.pdf,292,0.00,01/01/2024,31/01/2024,17/01/2024,2.47,9.26,34.0,0.0,55.0,3.38,14.0,6.78,,,
qc_202401.pdf,292,0.00,01/01/2024,31/01/2024,18/01/2024,2.61,9.55,35.1,0.0,56.9,3.49,14.0,6.76,648000.0,18000.0,
qc_202401.pdf,292,0.00,01/01/2024,31/01/2024,18/01/2024,2.6,9.33,34.8,0.0,54.8,3.46,14.0,6.76,648000.0,18000.0,
qc_202401.pdf,292,0.00,01/01/2024,31/01/2024,19/01/2024,2.61,9.48,35.3,0.0,55.7,3.51,14.0,6.76,548000.0,38000.0,
qc_202401.pdf,292,0.00,01/01/2024,31/01/2024,19/01/2024,2.89,9.47,35.0,0.0,55.4,3.51,14.0,6.76,548000.0,38000.0,
qc_202401.pdf,292,0.00,01/01/2024,31/01/2024,20/01/2024,2.5,9.35,34.9,0.0,54.8,3.46,14.0,6.74,,,
qc_202401.pdf,292,0.00,01/01/2024,31/01/2024,20/01/2024,2.94,9.01,33.1,0.0,52.4,3.34,14.0,6.78,,,
qc_202401.pdf,292,0.00,01/01/2024,31/01/2024,20/01/2024,2.58,9.25,34.4,0.0,54.1,3.42,14.0,6.7,,,
qc_202401.pdf,292,0.00,01/01/2024,31/01/2024,21/01/2024,3.15,9.27,34.0,0.0,54.0,3.43,14.0,6.7,,,
qc_202401.pdf,292,0.00,01/01/2024,31/01/2024,21/01/2024,2.74,9.54,35.4,0.0,56.0,3.53,14.0,6.74,,,
qc_202401.pdf,292,0.00,01/01/2024,31/01/2024,22/01/2024,2.6,9.34,34.2,0.0,55.5,3.41,14.0,6.75,,,
qc_202401.pdf,292,0.00,01/01/2024,31/01/2024,22/01/2024,2.67,9.22,34.2,0.0,53.9,3.41,14.0,6.77,,,
qc_202401.pdf,292,0.00,01/01/2024,31/01/2024,23/01/2024,2.39,9.35,35.0,0.0,54.9,3.46,14.0,6.77,,,
qc_202401.pdf,292,0.00,01/01/2024,31/01/2024,23/01/2024,2.64,9.33,34.1,0.0,55.4,3.41,14.0,6.79,,,
qc_202401.pdf,292,0.00,01/01/2024,31/01/2024,24/01/2024,2.69,9.37,34.3,0.0,55.7,3.42,14.0,6.76,274000.0,118000.0,
qc_202401.pdf,292,0.00,01/01/2024,31/01/2024,24/01/2024,2.62,9.11,33.2,0.0,52.9,3.38,14.0,6.78,274000.0,118000.0,
qc_202401.pdf,292,0.00,01/01/2024,31/01/2024,25/01/2024,2.51,9.27,34.5,0.0,54.3,3.43,14.0,6.76,697000.0,144000.0,
qc_202401.pdf,292,0.00,01/01/2024,31/01/2024,25/01/2024,2.54,9.34,34.8,0.0,54.7,3.45,14.0,6.76,697000.0,144000.0,
qc_202401.pdf,292,0.00,01/01/2024,31/01/2024,26/01/2024,2.46,9.35,34.9,0.0,54.8,3.46,14.0,6.77,,,
qc_202401.pdf,292,0.00,01/01/2024,31/01/2024,26/01/2024,2.69,9.22,34.2,0.0,53.9,3.41,14.0,6.72,,,
qc_202401.pdf,292,0.00,01/01/2024,31/01/2024,27/01/2024,2.44,9.35,34.9,0.0,54.8,3.46,14.0,6.78,,,
qc_202401.pdf,292,0.00,01/01/2024,31/01/2024,27/01/2024,2.5,9.35,34.9,0.0,54.8,3.46,14.0,6.77,,,
qc_202401.pdf,292,0.00,01/01/2024,31/01/2024,28/01/2024,2.47,9.3,34.7,0.0,54.5,3.44,14.0,6.79,,,
qc_202401.pdf,292,0.00,01/01/2024,31/01/2024,28/01/2024,2.44,9.35,34.9,0.0,54.8,3.46,14.0,6.76,,,
qc_202401.pdf,292,0.00,01/01/2024,31/01/2024,29/01/2024,2.47,9.44,34.7,0.0,56.2,3.44,14.0,6.76,,,
qc_202401.pdf,292,0.00,01/01/2024,31/01/2024,29/01/2024,2.61,9.39,34.9,0.0,55.0,3.47,14.0,6.75,,,
qc_202401.pdf,292,0.00,01/01/2024,31/01/2024,30/01/2024,2.52,9.54,35.6,0.0,55.1,3.53,14.0,6.8,,,
qc_202401.pdf,292,0.00,01/01/2024,31/01/2024,30/01/2024,2.49,9.29,34.7,0.0,54.4,3.42,14.0,6.77,,,
qc_202401.pdf,292,0.00,01/01/2024,31/01/2024,31/01/2024,2.34,9.58,35.4,0.0,55.0,3.5,14.0,6.8,,,
qc_202402.pdf,292,0.00,01/02/2024,29/02/2024,01/02/2024,2.56,9.4,35.0,0.0,55.1,3.48,14.0,6.77,,,
qc_202402.pdf,292,0.00,01/02/2024,29/02/2024,01/02/2024,2.52,9.57,35.2,0.0,57.1,3.49,14.0,6.77,,,
qc_202402.pdf,292,0.00,01/02/2024,29/02/2024,01/02/2024,2.52,9.13,33.9,0.0,53.3,3.38,14.0,6.77,,,
qc_202402.pdf,292,0.00,01/02/2024,29/02/2024,02/02/2024,2.47,9.43,34.7,0.0,56.2,3.44,14.0,6.79,,,
qc_202402.pdf,292,0.00,01/02/2024,29/02/2024,03/02/2024,2.57,9.28,34.5,0.0,54.3,3.43,14.0,6.77,,,
qc_202402.pdf,292,0.00,01/02/2024,29/02/2024,03/02/2024,2.6,9.34,34.7,0.0,54.7,3.45,14.0,6.76,,,
qc_202402.pdf,292,0.00,01/02/2024,29/02/2024,04/02/2024,2.47,9.28,34.6,0.0,54.4,3.43,14.0,6.8,,,
qc_202402.pdf,292,0.00,01/02/2024,29/02/2024,04/02/2024,2.38,9.36,34.5,0.0,55.7,3.41,14.0,6.8,,,
qc_202402.pdf,292,0.00,01/02/2024,29/02/2024,04/02/2024,2.43,9.3,34.7,0.0,54.5,3.44,14.0,6.76,,,
qc_202402.pdf,292,0.00,01/02/2024,29/02/2024,05/02/2024,2.36,9.41,34.7,0.0,56.1,3.43,14.0,6.77,,,
qc_202402.pdf,292,0.00,01/02/2024,29/02/2024,06/02/2024,2.37,9.5,35.1,0.0,56.7,3.47,14.0,6.78,,,
qc_202402.pdf,292,0.00,01/02/2024,29/02/2024,06/02/2024,2.45,9.41,34.6,0.0,56.0,3.43,14.0,6.79,,,
qc_202402.pdf,292,0.00,01/02/2024,29/02/2024,06/02/2024,2.26,9.35,35.1,0.0,54.9,3.45,14.0,6.79,,,
qc_202402.pdf,292,0.00,01/02/2024,29/02/2024,07/02/2024,2.39,9.41,35.3,0.0,55.3,3.48,14.0,6.75,332000.0,41000.0,
qc_202402.pdf,292,0.00,01/02/2024,29/02/2024,07/02/2024,2.26,9.48,35.1,0.0,56.6,3.46,14.0,6.78,332000.0,41000.0,
qc_202402.pdf,292,0.00,01/02/2024,29/02/2024,08/02/2024,2.08,9.23,34.7,0.0,54.2,3.41,14.0,6.8,356000.0,12000.0,
qc_202402.pdf,292,0.00,01/02/2024,29/02/2024,08/02/2024,2.61,9.35,34.3,0.0,55.6,3.41,14.0,6.72,356000.0,12000.0,
qc_202402.pdf,292,0.00,01/02/2024,29/02/2024,09/02/2024,2.69,9.26,34.3,0.0,54.1,3.43,14.0,6.74,,,
qc_202402.pdf,292,0.00,01/02/2024,29/02/2024,10/02/2024,2.69,9.36,34.7,0.0,54.8,3.46,14.0,6.66,,,
qc_202402.pdf,292,0.00,01/02/2024,29/02/2024,10/02/2024,2.58,9.37,34.9,0.0,54.9,3.47,14.0,6.7,,,
qc_202402.pdf,292,0.00,01/02/2024,29/02/2024,10/02/2024,2.54,9.49,34.9,0.0,56.5,3.46,14.0,6.73,,,
qc_202402.pdf,292,0.00,01/02/2024,29/02/2024,11/02/2024,2.49,9.37,34.0,0.0,55.8,3.42,14.0,6.68,,,
qc_202402.pdf,292,0.00,01/02/2024,29/02/2024,11/02/2024,2.83,9.43,34.4,0.0,56.0,3.44,14.0,6.69,,,
qc_202402.pdf,292,0.00,01/02/2024,29/02/2024,12/02/2024,3.11,9.49,34.9,0.0,55.3,3.51,14.0,6.78,,,
qc_202402.pdf,292,0.00,01/02/2024,29/02/2024,12/02/2024,2.49,9.39,34.8,0.0,55.0,3.47,14.0,6.68,,,
qc_202402.pdf,292,0.00,01/02/2024,29/02/2024,13/02/2024,2.96,9.32,34.3,0.0,54.4,3.45,14.0,6.79,,,
qc_202402.pdf,292,0.00,01/02/2024,29/02/2024,13/02/2024,3.13,9.49,34.7,0.0,55.4,3.51,14.0,6.69,,,
qc_202402.pdf,292,0.00,01/02/2024,29/02/2024,14/02/2024,2.75,9.47,34.6,0.0,56.3,3.46,14.0,6.79,732000.0,19000.0,
qc_202402.pdf,292,0.00,01/02/2024,29/02/2024,14/02/2024,2.73,9.53,34.9,0.0,56.7,3.48,14.0,6.78,732000.0,19000.0,
qc_202402.pdf,292,0.00,01/02/2024,29/02/2024,15/02/2024,2.83,9.36,34.6,0.0,54.7,3.46,14.0,6.78,643000.0,20000.0,
qc_202402.pdf,292,0.00,01/02/2024,29/02/2024,15/02/2024,2.8,9.3,34.4,0.0,54.3,3.44,14.0,6.79,643000.0,20000.0,
qc_202402.pdf,292,0.00,01/02/2024,29/02/2024,16/02/2024,2.8,9.32,34.0,0.0,55.3,3.4,14.0,6.8,,,
qc_202402.pdf,292,0.00,01/02/2024,29/02/2024,16/02/2024,2.94,9.14,33.6,0.0,53.2,3.38,14.0,6.8,,,
qc_202402.pdf,292,0.00,01/02/2024,29/02/2024,17/02/2024,3.22,9.36,34.3,0.0,54.5,3.47,14.0,6.8,,,
qc_202402.pdf,292,0.00,01/02/2024,29/02/2024,17/02/2024,2.82,9.43,34.4,0.0,56.0,3.44,14.0,6.8,,,
qc_202402.pdf,292,0.00,01/02/2024,29/02/2024,18/02/2024,2.78,9.38,34.7,0.0,54.9,3.47,14.0,6.79,,,
qc_202402.pdf,292,0.00,01/02/2024,29/02/2024,18/02/2024,2.71,9.33,34.1,0.0,55.4,3.41,14.0,6.77,,,
qc_202402.pdf,292,0.00,01/02/2024,29/02/2024,19/02/2024,2.96,9.59,34.9,0.0,57.0,3.51,14.0,6.78,,,
qc_202402.pdf,292,0.00,01/02/2024,29/02/2024,19/02/2024,2.87,9.36,34.6,0.0,54.7,3.46,14.0,6.76,,,
qc_202402.pdf,292,0.00,01/02/2024,29/02/2024,20/02/2024,3.36,9.5,34.7,0.0,55.3,3.52,14.0,6.75,,,
qc_202402.pdf,292,0.00,01/02/2024,29/02/2024,20/02/2024,3.26,9.52,34.4,0.0,56.3,3.48,14.0,6.73,,,
qc_202402.pdf,292,0.00,01/02/2024,29/02/2024,21/02/2024,3.23,9.4,33.9,0.0,55.6,3.44,14.0,6.75,,,
qc_202402.pdf,292,0.00,01/02/2024,29/02/2024,21/02/2024,3.39,9.4,34.3,0.0,54.7,3.48,14.0,6.75,,,
qc_202402.pdf,292,0.00,01/02/2024,29/02/2024,22/02/2024,2.98,9.37,34.0,0.0,55.5,3.42,14.0,6.79,459000.0,18000.0,
qc_202402.pdf,292,0.00,01/02/2024,29/02/2024,22/02/2024,3.21,9.44,34.6,0.0,55.0,3.5,14.0,6.76,459000.0,18000.0,
qc_202402.pdf,292,0.00,01/02/2024,29/02/2024,23/02/2024,3.22,9.35,33.7,0.0,55.2,3.42,14.0,6.73,593000.0,19000.0,
qc_202402.pdf,292,0.00,01/02/2024,29/02/2024,23/02/2024,3.24,9.43,34.5,0.0,55.0,3.49,14.0,6.72,593000.0,19000.0,
qc_202402.pdf,292,0.00,01/02/2024,29/02/2024,24/02/2024,3.73,9.52,34.5,0.0,55.3,3.54,14.0,6.73,,,
qc_202402.pdf,292,0.00,01/02/2024,29/02/2024,24/02/2024,3.52,9.48,34.5,0.0,55.1,3.51,14.0,6.78,,,
qc_202402.pdf,292,0.00,01/02/2024,29/02/2024,25/02/2024,3.27,9.49,34.2,0.0,56.1,3.47,14.0,6.79,,,
qc_202402.pdf,292,0.00,01/02/2024,29/02/2024,25/02/2024,3.65,9.46,34.3,0.0,54.9,3.51,14.0,6.78,,,
qc_202402.pdf,292,0.00,01/02/2024,29/02/2024,27/02/2024,3.42,9.07,32.2,0.0,53.2,3.32,14.0,6.66,,,
qc_202402.pdf,292,0.00,01/02/2024,29/02/2024,28/02/2024,3.2,9.39,34.4,0.0,54.7,3.48,14.0,6.74,699000.0,28000.0,
qc_202402.pdf,292,0.00,01/02/2024,29/02/2024,28/02/2024,3.46,9.4,33.7,0.0,54.3,3.49,14.0,6.69,,,
qc_202402.pdf,292,0.00,01/02/2024,29/02/2024,29/02/2024,3.05,8.88,32.0,0.0,52.2,3.24,14.0,6.74,771000.0,43000.0,
qc_202403.pdf,292,0.00,01/03/2024,31/03/2024,01/03/2024,3.8,9.3,33.5,0.0,53.8,3.45,14.0,6.68,,,
qc_202403.pdf,292,0.00,01/03/2024,31/03/2024,01/03/2024,3.27,9.46,34.6,0.0,55.1,3.5,14.0,6.76,,,
qc_202403.pdf,292,0.00,01/03/2024,31/03/2024,02/03/2024,3.27,9.3,33.5,0.0,54.9,3.4,14.0,6.74,,,
qc_202403.pdf,292,0.00,01/03/2024,31/03/2024,02/03/2024,3.3,9.4,34.3,0.0,54.7,3.48,14.0,6.79,,,
qc_202403.pdf,292,0.00,01/03/2024,31/03/2024,03/03/2024,3.39,9.47,34.5,0.0,55.1,3.51,14.0,6.77,,,
qc_202403.pdf,292,0.00,01/03/2024,31/03/2024,03/03/2024,3.26,9.47,34.7,0.0,55.2,3.51,14.0,6.76,,,
qc_202403.pdf,292,0.00,01/03/2024,31/03/2024,04/03/2024,3.27,9.24,33.2,0.0,54.5,3.38,14.0,6.8,,,
qc_202403.pdf,292,0.00,01/03/2024,31/03/2024,04/03/2024,3.24,9.46,34.6,0.0,55.2,3.5,14.0,6.75,,,
qc_202403.pdf,292,0.00,01/03/2024,31/03/2024,05/03/2024,3.64,9.41,34.1,0.0,54.6,3.49,14.0,6.79,,,
qc_202403.pdf,292,0.00,01/03/2024,31/03/2024,05/03/2024,3.27,9.35,33.7,0.0,55.2,3.42,14.0,6.74,,,
qc_202403.pdf,292,0.00,01/03/2024,31/03/2024,06/03/2024,3.85,9.43,34.0,0.0,54.6,3.5,14.0,6.74,474000.0,22000.0,
qc_202403.pdf,292,0.00,01/03/2024,31/03/2024,06/03/2024,3.38,9.55,34.9,0.0,55.7,3.54,14.0,6.76,,,
qc_202403.pdf,292,0.00,01/03/2024,31/03/2024,07/03/2024,3.18,9.45,34.7,0.0,55.1,3.5,14.0,6.8,,,
qc_202403.pdf,292,0.00,01/03/2024,31/03/2024,07/03/2024,3.76,9.39,33.7,0.0,54.2,3.49,14.0,6.76,996000.0,53000.0,
qc_202403.pdf,292,0.00,01/03/2024,31/03/2024,08/03/2024,3.37,9.43,34.4,0.0,54.9,3.49,14.0,6.72,,,
qc_202403.pdf,292,0.00,01/03/2024,31/03/2024,08/03/2024,3.2,9.44,34.6,0.0,55.1,3.5,14.0,6.8,,,
qc_202403.pdf,292,0.00,01/03/2024,31/03/2024,09/03/2024,3.26,9.32,34.1,0.0,54.2,3.45,14.0,6.7,,,
qc_202403.pdf,292,0.00,01/03/2024,31/03/2024,09/03/2024,3.33,9.4,33.8,0.0,55.5,3.44,14.0,6.69,,,
qc_202403.pdf,292,0.00,01/03/2024,31/03/2024,10/03/2024,3.39,9.25,33.2,0.0,56.2,3.38,14.0,6.76,,,
qc_202403.pdf,292,0.00,01/03/2024,31/03/2024,10/03/2024,3.57,9.44,34.2,0.0,54.8,3.5,14.0,6.69,,,
qc_202403.pdf,292,0.00,01/03/2024,31/03/2024,11/03/2024,3.76,9.37,33.8,0.0,54.3,3.48,14.0,6.69,,,
qc_202403.pdf,292,0.00,01/03/2024,31/03/2024,11/03/2024,3.33,9.39,33.8,0.0,55.4,3.43,14.0,6.8,,,
qc_202403.pdf,292,0.00,01/03/2024,31/03/2024,12/03/2024,3.38,9.57,35.0,0.0,55.8,3.55,14.0,6.81,,,
qc_202403.pdf,292,0.00,01/03/2024,31/03/2024,12/03/2024,3.82,9.42,34.0,0.0,54.5,3.5,14.0,6.83,,,
qc_202403.pdf,292,0.00,01/03/2024,31/03/2024,13/03/2024,3.77,9.22,32.7,0.0,54.1,3.38,14.0,6.82,,,
qc_202403.pdf,292,0.00,01/03/2024,31/03/2024,13/03/2024,3.4,9.41,34.3,0.0,54.8,3.49,14.0,6.74,357000.0,12000.0,
qc_202403.pdf,292,0.00,01/03/2024,31/03/2024,14/03/2024,3.31,9.3,33.4,0.0,54.9,3.4,14.0,6.74,990000.0,28000.0,
qc_202403.pdf,292,0.00,01/03/2024,31/03/2024,14/03/2024,3.81,9.33,32.9,0.0,54.6,3.42,14.0,6.78,,,
qc_202403.pdf,292,0.00,01/03/2024,31/03/2024,15/03/2024,3.78,9.46,34.2,0.0,54.8,3.51,14.0,6.79,,,
qc_202403.pdf,292,0.00,01/03/2024,31/03/2024,16/03/2024,3.37,9.82,34.8,0.0,55.5,3.53,14.0,6.79,,,
qc_202403.pdf,292,0.00,01/03/2024,31/03/2024,16/03/2024,3.36,9.44,34.5,0.0,55.0,3.5,14.0,6.8,,,
qc_202403.pdf,292,0.00,01/03/2024,31/03/2024,17/03/2024,3.35,9.57,35.0,0.0,55.8,3.55,14.0,6.8,,,
qc_202403.pdf,292,0.00,01/03/2024,31/03/2024,18/03/2024,3.25,9.14,33.1,0.0,53.9,3.59,14.0,6.82,,,
qc_202403.pdf,292,0.00,01/03/2024,31/03/2024,18/03/2024,3.27,9.11,31.6,0.0,53.0,3.34,14.0,6.8,,,
qc_202403.pdf,292,0.00,01/03/2024,31/03/2024,19/03/2024,4.0,9.31,32.8,0.0,54.5,3.41,14.0,6.69,,,
qc_202403.pdf,292,0.00,01/03/2024,31/03/2024,19/03/2024,3.55,9.76,35.6,0.0,56.9,3.62,14.0,6.75,,,
qc_202403.pdf,292,0.00,01/03/2024,31/03/2024,20/03/2024,3.43,9.45,34.4,0.0,55.0,3.5,14.0,6.78,336000.0,21000.0,
qc_202403.pdf,292,0.00,01/03/2024,31/03/2024,20/03/2024,3.29,9.38,33.8,0.0,55.4,3.43,14.0,6.75,,,
qc_202403.pdf,292,0.00,01/03/2024,31/03/2024,21/03/2024,3.68,9.3,33.1,0.0,54.7,3.4,14.0,6.77,293000.0,19000.0,
qc_202403.pdf,292,0.00,01/03/2024,31/03/2024,21/03/2024,3.42,9.29,34.4,0.0,54.5,3.49,14.0,6.78,,,
qc_202403.pdf,292,0.00,01/03/2024,31/03/2024,22/03/2024,3.25,9.38,32.8,0.0,55.4,3.43,14.0,6.74,,,
qc_202403.pdf,292,0.00,01/03/2024,31/03/2024,22/03/2024,3.31,9.65,35.3,0.0,56.3,3.58,14.0,6.77,,,
qc_202403.pdf,292,0.00,01/03/2024,31/03/2024,23/03/2024,3.16,9.3,33.6,0.0,54.9,3.4,14.0,6.75,,,
qc_202403.pdf,292,0.00,01/03/2024,31/03/2024,23/03/2024,3.53,9.64,35.1,0.0,56.1,3.57,14.0,6.77,,,
qc_202403.pdf,292,0.00,01/03/2024,31/03/2024,24/03/2024,3.72,9.6,34.8,0.0,55.7,3.56,14.0,6.77,,,
qc_202403.pdf,292,0.00,01/03/2024,31/03/2024,24/03/2024,3.36,9.37,34.2,0.0,54.5,3.47,14.0,6.77,,,
qc_202403.pdf,292,0.00,01/03/2024,31/03/2024,25/03/2024,3.24,9.38,34.3,0.0,54.6,3.47,14.0,6.76,,,
qc_202403.pdf,292,0.00,01/03/2024,31/03/2024,25/03/2024,3.19,9.6,35.3,0.0,55.1,3.56,14.0,6.69,,,
qc_202403.pdf,292,0.00,01/03/2024,31/03/2024,26/03/2024,3.13,9.39,34.0,0.0,55.6,3.43,14.0,6.68,,,
qc_202403.pdf,292,0.00,01/03/2024,31/03/2024,26/03/2024,3.59,9.44,34.2,0.0,54.8,3.5,14.0,6.66,509000.0,12000.0,
qc_202403.pdf,292,0.00,01/03/2024,31/03/2024,27/03/2024,3.27,9.72,35.7,0.0,56.8,3.6,14.0,6.66,,,
qc_202403.pdf,292,0.00,01/03/2024,31/03/2024,27/03/2024,3.56,9.37,33.4,0.0,55.2,3.43,14.0,6.69,552000.0,93000.0,
qc_202403.pdf,292,0.00,01/03/2024,31/03/2024,28/03/2024,3.13,9.2,33.2,0.0,54.3,3.36,14.0,6.66,,,
qc_202403.pdf,292,0.00,01/03/2024,31/03/2024,29/03/2024,3.44,9.67,35.5,0.0,56.4,3.58,14.0,6.68,,,
qc_202403.pdf,292,0.00,01/03/2024,31/03/2024,30/03/2024,3.04,9.53,34.6,0.0,56.3,3.43,14.0,6.69,,,
qc_202403.pdf,292,0.00,01/03/2024,31/03/2024,30/03/2024,3.02,9.01,35.1,0.0,56.3,3.56,14.0,6.78,,,
qc_202403.pdf,292,0.00,01/03/2024,31/03/2024,31/03/2024,3.01,9.64,35.6,0.0,56.5,3.57,14.0,6.78,,,
qc_202404.pdf,292,0.00,01/04/2024,30/04/2024,01/04/2024,3.34,9.49,34.7,0.0,55.3,3.52,14.0,6.74,,,
qc_202404.pdf,292,0.00,01/04/2024,30/04/2024,01/04/2024,3.19,9.8,36.1,0.0,57.4,3.63,14.0,6.79,,,
qc_202404.pdf,292,0.00,01/04/2024,30/04/2024,02/04/2024,3.17,9.79,36.0,0.0,57.3,3.63,14.0,6.79,,,
qc_202404.pdf,292,0.00,01/04/2024,30/04/2024,02/04/2024,3.32,9.56,34.5,0.0,56.5,3.5,14.0,6.76,,,
qc_202404.pdf,292,0.00,01/04/2024,30/04/2024,03/04/2024,3.15,9.59,35.3,0.0,56.1,3.55,14.0,6.78,299000.0,31000.0,
qc_202404.pdf,292,0.00,01/04/2024,30/04/2024,03/04/2024,3.23,9.39,33.9,0.0,55.5,3.43,14.0,6.77,299000.0,31000.0,
qc_202404.pdf,292,0.00,01/04/2024,30/04/2024,04/04/2024,3.27,9.82,36.1,0.0,57.5,3.64,14.0,6.77,778000.0,65000.0,
qc_202404.pdf,292,0.00,01/04/2024,30/04/2024,04/04/2024,3.38,9.53,34.8,0.0,55.5,3.53,14.0,6.77,778000.0,65000.0,
qc_202404.pdf,292,0.00,01/04/2024,30/04/2024,05/04/2024,3.26,9.82,36.1,0.0,57.5,3.64,14.0,6.77,,,
qc_202404.pdf,292,0.00,01/04/2024,30/04/2024,05/04/2024,3.08,9.28,33.6,0.0,54.9,3.39,14.0,6.79,,,
qc_202404.pdf,292,0.00,01/04/2024,30/04/2024,06/04/2024,3.32,9.7,35.5,0.0,56.7,3.59,14.0,6.78,,,
qc_202404.pdf,292,0.00,01/04/2024,30/04/2024,06/04/2024,3.97,9.56,34.4,0.0,55.3,3.55,14.0,6.66,,,
qc_202404.pdf,292,0.00,01/04/2024,30/04/2024,07/04/2024,3.1,9.57,34.5,0.0,56.7,3.5,14.0,6.69,,,
qc_202404.pdf,292,0.00,01/04/2024,30/04/2024,07/04/2024,3.2,9.77,35.9,0.0,57.2,3.62,14.0,6.66,,,
qc_202404.pdf,292,0.00,01/04/2024,30/04/2024,08/04/2024,3.4,9.22,33.1,0.0,54.4,3.37,14.0,6.69,,,
qc_202404.pdf,292,0.00,01/04/2024,30/04/2024,08/04/2024,3.24,9.77,35.9,0.0,57.2,3.62,14.0,6.77,,,
qc_202404.pdf,292,0.00,01/04/2024,30/04/2024,09/04/2024,3.25,9.8,36.0,0.0,57.2,3.63,14.0,6.78,,,
qc_202404.pdf,292,0.00,01/04/2024,30/04/2024,09/04/2024,3.33,9.33,34.7,0.0,54.8,3.51,14.0,6.76,,,
qc_202404.pdf,292,0.00,01/04/2024,30/04/2024,10/04/2024,3.18,9.33,33.7,0.0,55.1,3.41,14.0,6.79,263000.0,16000.0,
qc_202404.pdf,292,0.00,01/04/2024,30/04/2024,10/04/2024,3.39,9.8,35.9,0.0,57.2,3.63,14.0,6.65,263000.0,16000.0,
qc_202404.pdf,292,0.00,01/04/2024,30/04/2024,11/04/2024,3.11,9.46,34.5,0.0,56.0,3.46,14.0,6.66,213000.0,17000.0,
qc_202404.pdf,292,0.00,01/04/2024,30/04/2024,11/04/2024,3.18,9.44,34.9,0.0,56.0,3.46,14.0,6.69,213000.0,17000.0,
qc_202404.pdf,292,0.00,01/04/2024,30/04/2024,12/04/2024,3.3,9.82,36.1,0.0,57.2,3.64,14.0,6.77,,,
qc_202404.pdf,292,0.00,01/04/2024,30/04/2024,12/04/2024,3.2,9.9,35.5,0.0,58.0,3.57,14.0,6.66,,,
qc_202404.pdf,292,0.00,01/04/2024,30/04/2024,13/04/2024,3.19,9.87,36.3,0.0,57.9,3.66,14.0,6.78,,,
qc_202404.pdf,292,0.00,01/04/2024,30/04/2024,13/04/2024,3.21,9.93,36.6,0.0,58.2,3.68,14.0,6.77,,,
qc_202404.pdf,292,0.00,01/04/2024,30/04/2024,14/04/2024,3.29,10.1,37.3,0.0,59.4,3.75,14.0,6.77,,,
qc_202404.pdf,292,0.00,01/04/2024,30/04/2024,14/04/2024,,,,,,,14.0,6.77,,,
qc_202404.pdf,292,0.00,01/04/2024,30/04/2024,15/04/2024,3.38,9.6,35.9,0.0,55.3,3.43,14.0,6.79,,,
qc_202404.pdf,292,0.00,01/04/2024,30/04/2024,15/04/2024,3.16,9.89,36.5,0.0,58.0,3.66,14.0,6.68,,,
qc_202404.pdf,292,0.00,01/04/2024,30/04/2024,16/04/2024,3.09,9.69,35.1,0.0,57.4,3.54,14.0,6.69,,,
qc_202404.pdf,292,0.00,01/04/2024,30/04/2024,16/04/2024,3.72,9.81,35.6,0.0,57.1,3.64,14.0,6.79,,,
qc_202404.pdf,292,0.00,01/04/2024,30/04/2024,17/04/2024,3.22,9.63,35.2,0.0,55.6,3.44,14.0,6.75,230000.0,11000.0,
qc_202404.pdf,292,0.00,01/04/2024,30/04/2024,17/04/2024,3.09,10.2,37.6,0.0,59.8,3.76,14.0,6.78,230000.0,11000.0,
qc_202404.pdf,292,0.00,01/04/2024,30/04/2024,18/04/2024,3.18,9.54,34.5,0.0,55.1,3.47,14.0,6.76,626000.0,21000.0,
qc_202404.pdf,292,0.00,01/04/2024,30/04/2024,18/04/2024,3.85,9.26,32.8,0.0,54.3,3.39,14.0,6.76,626000.0,21000.0,
qc_202404.pdf,292,0.00,01/04/2024,30/04/2024,19/04/2024,3.13,9.51,34.4,0.0,55.3,3.48,14.0,6.77,,,
qc_202404.pdf,292,0.00,01/04/2024,30/04/2024,19/04/2024,3.11,9.62,35.4,0.0,56.3,3.56,14.0,6.77,,,
qc_202404.pdf,292,0.00,01/04/2024,30/04/2024,20/04/2024,3.06,9.46,34.3,0.0,56.1,3.46,14.0,6.78,,,
qc_202404.pdf,292,0.00,01/04/2024,30/04/2024,21/04/2024,3.31,9.89,36.3,0.0,57.9,3.66,14.0,6.77,,,
qc_202404.pdf,292,0.00,01/04/2024,30/04/2024,21/04/2024,3.23,9.59,35.0,0.0,56.3,3.53,14.0,6.77,,,
qc_202404.pdf,292,0.00,01/04/2024,30/04/2024,21/04/2024,3.13,9.42,34.5,0.0,55.4,3.48,14.0,6.78,,,
qc_202404.pdf,292,0.00,01/04/2024,30/04/2024,22/04/2024,3.91,9.66,34.9,0.0,56.0,3.59,14.0,6.78,,,
qc_202404.pdf,292,0.00,01/04/2024,30/04/2024,22/04/2024,3.48,9.69,35.4,0.0,56.5,3.59,14.0,6.66,,,
qc_202404.pdf,292,0.00,01/04/2024,30/04/2024,23/04/2024,3.33,9.89,36.3,0.0,57.9,3.58,14.0,6.77,,,
qc_202404.pdf,292,0.00,01/04/2024,30/04/2024,23/04/2024,3.41,9.44,33.9,0.0,55.4,3.45,14.0,6.68,,,
qc_202404.pdf,292,0.00,01/04/2024,30/04/2024,24/04/2024,3.31,9.9,36.5,0.0,58.2,3.68,14.0,6.77,,,
qc_202404.pdf,292,0.00,01/04/2024,30/04/2024,24/04/2024,3.57,9.73,35.4,0.0,56.7,3.61,14.0,6.78,,,
qc_202404.pdf,292,0.00,01/04/2024,30/04/2024,25/04/2024,3.26,9.85,36.2,0.0,57.7,3.65,14.0,6.79,280000.0,24000.0,
qc_202404.pdf,292,0.00,01/04/2024,30/04/2024,25/04/2024,3.32,9.92,36.7,0.0,58.5,3.7,14.0,6.79,280000.0,24000.0,
qc_202404.pdf,292,0.00,01/04/2024,30/04/2024,26/04/2024,3.5,9.7,35.4,0.0,56.5,3.6,14.0,6.78,298000.0,17000.0,
qc_202404.pdf,292,0.00,01/04/2024,30/04/2024,26/04/2024,3.17,9.7,35.7,0.0,56.8,3.59,14.0,6.78,298000.0,17000.0,
qc_202404.pdf,292,0.00,01/04/2024,30/04/2024,27/04/2024,3.24,9.9,36.4,0.0,58.0,3.67,14.0,6.78,,,
qc_202404.pdf,292,0.00,01/04/2024,30/04/2024,27/04/2024,3.58,9.9,36.5,0.0,58.0,3.7,14.0,6.8,,,
qc_202404.pdf,292,0.00,01/04/2024,30/04/2024,28/04/2024,3.52,9.8,35.9,0.0,57.2,3.63,14.0,6.8,,,
qc_202404.pdf,292,0.00,01/04/2024,30/04/2024,28/04/2024,3.32,9.9,36.4,0.0,58.0,3.67,14.0,6.78,,,
qc_202404.pdf,292,0.00,01/04/2024,30/04/2024,29/04/2024,3.26,9.57,34.6,0.0,56.6,3.5,14.0,6.76,,,
qc_202404.pdf,292,0.00,01/04/2024,30/04/2024,29/04/2024,3.24,9.64,34.9,0.0,57.1,3.53,14.0,6.78,,,
qc_202404.pdf,292,0.00,01/04/2024,30/04/2024,30/04/2024,4.08,9.49,33.2,0.0,54.2,3.53,14.0,6.71,,,
qc_202405.pdf,292,0.00,01/05/2024,31/05/2024,01/05/2024,3.34,9.88,36.3,0.0,57.8,3.66,14.0,6.77,211000.0,11000.0,
qc_202405.pdf,292,0.00,01/05/2024,31/05/2024,01/05/2024,3.32,9.46,34.12,0.0,55.9,3.46,14.0,6.78,211000.0,11000.0,
qc_202405.pdf,292,0.00,01/05/2024,31/05/2024,02/05/2024,3.32,9.51,34.4,0.0,55.7,3.57,14.0,6.8,876000.0,38000.0,
qc_202405.pdf,292,0.00,01/05/2024,31/05/2024,02/05/2024,3.28,9.5,34.3,0.0,56.2,3.47,14.0,6.79,876000.0,38000.0,
qc_202405.pdf,292,0.00,01/05/2024,31/05/2024,03/05/2024,3.35,9.78,35.8,0.0,57.2,3.62,14.0,6.77,,,
qc_202405.pdf,292,0.00,01/05/2024,31/05/2024,03/05/2024,3.51,9.81,35.9,0.0,57.3,3.6,14.0,6.77,,,
qc_202405.pdf,292,0.00,01/05/2024,31/05/2024,04/05/2024,3.48,9.88,36.2,0.0,57.8,3.61,14.0,6.77,,,
qc_202405.pdf,292,0.00,01/05/2024,31/05/2024,04/05/2024,3.22,9.52,34.4,0.0,56.3,3.48,14.0,6.69,,,
qc_202405.pdf,292,0.00,01/05/2024,31/05/2024,05/05/2024,3.28,9.4,33.9,0.0,55.4,3.44,14.0,6.68,,,
qc_202405.pdf,292,0.00,01/05/2024,31/05/2024,05/05/2024,3.31,9.92,36.4,0.0,56.1,3.68,14.0,6.66,,,
qc_202405.pdf,292,0.00,01/05/2024,31/05/2024,06/05/2024,3.33,9.89,36.3,0.0,57.9,3.57,14.0,6.66,,,
qc_202405.pdf,292,0.00,01/05/2024,31/05/2024,06/05/2024,3.54,9.96,36.4,0.0,58.1,3.59,14.0,6.88,,,
qc_202405.pdf,292,0.00,01/05/2024,31/05/2024,07/05/2024,3.55,9.9,36.6,0.0,58.5,3.7,14.0,6.82,,,
qc_202405.pdf,292,0.00,01/05/2024,31/05/2024,07/05/2024,3.19,9.41,34.0,0.0,55.7,3.44,14.0,6.79,,,
qc_202405.pdf,292,0.00,01/05/2024,31/05/2024,08/05/2024,3.9,9.38,35.3,0.0,57.0,3.65,14.0,6.79,183000.0,13000.0,
qc_202405.pdf,292,0.00,01/05/2024,31/05/2024,08/05/2024,3.39,9.61,34.6,0.0,56.8,3.52,14.0,6.66,183000.0,13000.0,
qc_202405.pdf,292,0.00,01/05/2024,31/05/2024,09/05/2024,3.44,9.87,36.1,0.0,57.7,3.66,14.0,6.69,238000.0,17000.0,
qc_202405.pdf,292,0.00,01/05/2024,31/05/2024,09/05/2024,3.34,9.47,34.5,0.0,55.6,3.5,14.0,6.79,238000.0,17000.0,
qc_202405.pdf,292,0.00,01/05/2024,31/05/2024,10/05/2024,3.5,9.9,36.3,0.0,58.0,3.68,14.0,6.8,,,
qc_202405.pdf,292,0.00,01/05/2024,31/05/2024,10/05/2024,3.29,9.41,34.2,0.0,55.9,3.47,14.0,6.8,,,
qc_202405.pdf,292,0.00,01/05/2024,31/05/2024,11/05/2024,3.74,9.76,35.4,0.0,56.7,3.62,14.0,6.81,,,
qc_202405.pdf,292,0.00,01/05/2024,31/05/2024,11/05/2024,3.37,9.59,34.5,0.0,56.7,3.51,14.0,6.77,,,
qc_202405.pdf,292,0.00,01/05/2024,31/05/2024,12/05/2024,3.5,9.7,35.4,0.0,56.5,3.6,14.0,6.78,,,
qc_202405.pdf,292,0.00,01/05/2024,31/05/2024,12/05/2024,3.53,9.59,34.8,0.0,55.2,3.46,14.0,6.8,,,
qc_202405.pdf,292,0.00,01/05/2024,31/05/2024,13/05/2024,3.51,9.09,33.2,0.0,53.3,3.29,14.0,6.8,,,
qc_202405.pdf,292,0.00,01/05/2024,31/05/2024,13/05/2024,3.56,9.85,35.9,0.0,57.43,3.65,14.0,6.76,,,
qc_202405.pdf,292,0.00,01/05/2024,31/05/2024,14/05/2024,3.59,9.97,36.4,0.0,58.2,3.7,14.0,6.77,,,
qc_202405.pdf,292,0.00,01/05/2024,31/05/2024,14/05/2024,3.42,9.37,33.6,0.0,55.3,3.43,14.0,6.8,,,
qc_202405.pdf,292,0.00,01/05/2024,31/05/2024,15/05/2024,3.61,9.9,36.5,0.0,58.4,3.71,14.0,6.74,220000.0,15000.0,
qc_202405.pdf,292,0.00,01/05/2024,31/05/2024,15/05/2024,4.04,9.45,33.4,0.0,55.4,3.41,14.0,6.78,220000.0,15000.0,
qc_202405.pdf,292,0.00,01/05/2024,31/05/2024,16/05/2024,4.1,9.44,33.8,0.0,55.2,3.42,14.0,6.77,213000.0,11000.0,
qc_202405.pdf,292,0.00,01/05/2024,31/05/2024,16/05/2024,3.61,9.59,34.3,0.0,55.6,3.51,14.0,6.78,213000.0,11000.0,
qc_202405.pdf,292,0.00,01/05/2024,31/05/2024,17/05/2024,3.47,9.79,35.8,0.0,57.1,3.63,14.0,6.77,,,
qc_202405.pdf,292,0.00,01/05/2024,31/05/2024,17/05/2024,3.73,9.37,33.3,0.0,54.1,3.4,14.0,6.77,,,
qc_202405.pdf,292,0.00,01/05/2024,31/05/2024,18/05/2024,3.6,9.9,36.1,0.0,57.7,3.67,14.0,6.77,,,
qc_202405.pdf,292,0.00,01/05/2024,31/05/2024,18/05/2024,3.54,9.5,34.3,0.0,55.5,3.4,14.0,6.8,,,
qc_202405.pdf,292,0.00,01/05/2024,31/05/2024,19/05/2024,3.31,9.58,34.6,0.0,56.7,3.51,14.0,6.76,,,
qc_202405.pdf,292,0.00,01/05/2024,31/05/2024,19/05/2024,3.55,9.43,34.1,0.0,54.2,3.49,14.0,6.79,,,
qc_202405.pdf,292,0.00,01/05/2024,31/05/2024,20/05/2024,3.19,9.64,35.4,0.0,56.4,3.57,14.0,6.77,,,
qc_202405.pdf,292,0.00,01/05/2024,31/05/2024,21/05/2024,3.35,9.92,36.4,0.0,58.0,3.68,14.0,6.77,,,
qc_202405.pdf,292,0.00,01/05/2024,31/05/2024,22/05/2024,3.36,9.6,36.7,0.0,58.5,3.7,14.0,6.77,221000.0,13000.0,
qc_202405.pdf,292,0.00,01/05/2024,31/05/2024,22/05/2024,3.27,9.6,34.7,0.0,56.8,3.51,14.0,6.69,221000.0,13000.0,
qc_202405.pdf,292,0.00,01/05/2024,31/05/2024,23/05/2024,3.43,9.94,36.4,0.0,58.2,3.68,14.0,6.66,132000.0,10000.0,
qc_202405.pdf,292,0.00,01/05/2024,31/05/2024,23/05/2024,3.5,9.4,33.5,0.0,55.4,3.44,14.0,6.66,132000.0,10000.0,
qc_202405.pdf,292,0.00,01/05/2024,31/05/2024,24/05/2024,2.89,9.71,35.0,0.0,57.0,3.59,14.0,6.66,,,
qc_202405.pdf,292,0.00,01/05/2024,31/05/2024,24/05/2024,3.47,9.53,34.2,0.0,56.3,3.49,14.0,6.69,,,
qc_202405.pdf,292,0.00,01/05/2024,31/05/2024,25/05/2024,3.39,9.51,35.1,0.0,56.2,3.48,14.0,6.8,,,
qc_202405.pdf,292,0.00,01/05/2024,31/05/2024,25/05/2024,3.59,9.93,36.2,0.0,57.9,3.68,14.0,6.68,,,
qc_202405.pdf,292,0.00,01/05/2024,31/05/2024,26/05/2024,3.75,9.72,35.2,0.0,56.4,3.6,14.0,6.8,,,
qc_202405.pdf,292,0.00,01/05/2024,31/05/2024,26/05/2024,3.31,9.55,34.4,0.0,56.5,3.49,14.0,6.8,,,
qc_202405.pdf,292,0.00,01/05/2024,31/05/2024,27/05/2024,3.5,9.93,36.3,0.0,58.0,3.68,14.0,6.78,,,
qc_202405.pdf,292,0.00,01/05/2024,31/05/2024,27/05/2024,3.49,9.6,36.7,0.0,55.6,3.71,14.0,6.8,,,
qc_202405.pdf,292,0.00,01/05/2024,31/05/2024,28/05/2024,3.27,9.28,33.4,0.0,54.8,3.39,14.0,6.78,,,
qc_202405.pdf,292,0.00,01/05/2024,31/05/2024,28/05/2024,3.77,9.91,36.0,0.0,57.7,3.68,14.0,6.77,,,
qc_202405.pdf,292,0.00,01/05/2024,31/05/2024,29/05/2024,3.44,9.34,33.5,0.0,55.1,3.42,14.0,6.77,210000.0,13000.0,
qc_202405.pdf,292,0.00,01/05/2024,31/05/2024,29/05/2024,3.37,9.6,34.6,0.0,56.8,3.51,14.0,6.78,210000.0,13000.0,
qc_202405.pdf,292,0.00,01/05/2024,31/05/2024,30/05/2024,3.2,9.6,35.0,0.0,57.3,3.53,14.0,6.77,948000.0,18000.0,
qc_202405.pdf,292,0.00,01/05/2024,31/05/2024,30/05/2024,3.43,9.69,36.2,0.0,57.8,3.67,14.0,6.77,948000.0,18000.0,
qc_202405.pdf,292,0.00,01/05/2024,31/05/2024,31/05/2024,3.29,9.9,36.7,0.0,58.4,3.69,14.0,6.74,,,
qc_202406.pdf,292,La Merced Don Jacinto,01/06/2024,30/06/2024,01/06/2024,3.2,9.71,35.2,0.0,57.6,3.55,14.0,6.74,,,
qc_202406.pdf,292,La Merced Don Jacinto,01/06/2024,30/06/2024,01/06/2024,3.24,9.54,34.5,0.0,56.5,3.49,14.0,6.78,,,
qc_202406.pdf,292,La Merced Don Jacinto,01/06/2024,30/06/2024,02/06/2024,3.38,9.65,36.5,0.0,56.2,3.59,14.0,6.79,,,
qc_202406.pdf,292,La Merced Don Jacinto,01/06/2024,30/06/2024,02/06/2024,3.17,9.6,34.0,0.0,56.9,3.51,14.0,6.77,,,
qc_202406.pdf,292,La Merced Don Jacinto,01/06/2024,30/06/2024,03/06/2024,3.48,9.81,35.8,0.0,57.2,3.64,14.0,6.73,,,
qc_202406.pdf,292,La Merced Don Jacinto,01/06/2024,30/06/2024,03/06/2024,3.66,9.9,36.1,0.0,57.7,3.67,14.0,6.78,,,
qc_202406.pdf,292,La Merced Don Jacinto,01/06/2024,30/06/2024,04/06/2024,3.37,9.43,33.9,0.0,55.7,3.45,14.0,6.77,,,
qc_202406.pdf,292,La Merced Don Jacinto,01/06/2024,30/06/2024,04/06/2024,3.3,9.43,34.0,0.0,55.7,3.45,14.0,6.72,,,
qc_202406.pdf,292,La Merced Don Jacinto,01/06/2024,30/06/2024,05/06/2024,3.53,9.67,35.2,0.0,56.3,3.59,14.0,6.8,255000.0,21000.0,
qc_202406.pdf,292,La Merced Don Jacinto,01/06/2024,30/06/2024,05/06/2024,3.41,9.96,36.5,0.0,58.3,3.69,14.0,6.76,255000.0,21000.0,
qc_202406.pdf,292,La Merced Don Jacinto,01/06/2024,30/06/2024,06/06/2024,3.42,9.94,36.4,0.0,58.1,3.68,14.0,6.75,15000.0,,"1,076,000"
qc_202406.pdf,292,La Merced Don Jacinto,01/06/2024,30/06/2024,06/06/2024,3.3,9.9,36.4,0.0,58.0,3.67,14.0,6.8,15000.0,,"1,076,000"
qc_202406.pdf,292,La Merced Don Jacinto,01/06/2024,30/06/2024,07/06/2024,3.54,9.38,33.5,0.0,55.3,3.43,14.0,6.67,,,
qc_202406.pdf,292,La Merced Don Jacinto,01/06/2024,30/06/2024,07/06/2024,3.65,9.42,34.1,0.0,54.7,3.48,14.0,6.8,,,
qc_202406.pdf,292,La Merced Don Jacinto,01/06/2024,30/06/2024,08/06/2024,3.34,9.14,32.8,0.0,53.8,3.34,14.0,6.75,,,
qc_202406.pdf,292,La Merced Don Jacinto,01/06/2024,30/06/2024,08/06/2024,3.67,9.55,34.6,0.0,55.5,3.54,14.0,6.66,,,
qc_202406.pdf,292,La Merced Don Jacinto,01/06/2024,30/06/2024,09/06/2024,3.15,9.68,35.1,0.0,57.4,3.54,14.0,6.8,,,
qc_202406.pdf,292,La Merced Don Jacinto,01/06/2024,30/06/2024,09/06/2024,3.24,9.03,35.3,0.0,56.3,3.57,14.0,6.77,,,
qc_202406.pdf,292,La Merced Don Jacinto,01/06/2024,30/06/2024,10/06/2024,3.02,9.45,34.3,0.0,56.0,3.45,14.0,6.78,,,
qc_202406.pdf,292,La Merced Don Jacinto,01/06/2024,30/06/2024,10/06/2024,3.33,9.6,36.0,0.0,54.0,3.33,14.0,6.81,,,
qc_202406.pdf,292,La Merced Don Jacinto,01/06/2024,30/06/2024,11/06/2024,3.26,9.63,35.3,0.0,56.3,3.57,14.0,6.8,,,
qc_202406.pdf,292,La Merced Don Jacinto,01/06/2024,30/06/2024,12/06/2024,3.54,9.44,33.8,0.0,55.6,3.45,14.0,6.82,197000.0,13000.0,
qc_202406.pdf,292,La Merced Don Jacinto,01/06/2024,30/06/2024,12/06/2024,3.25,9.88,36.3,0.0,57.9,3.66,14.0,6.78,197000.0,13000.0,
qc_202406.pdf,292,La Merced Don Jacinto,01/06/2024,30/06/2024,13/06/2024,3.82,9.6,34.7,0.0,55.7,3.56,14.0,6.81,16000.0,,"1,063,000"
qc_202406.pdf,292,La Merced Don Jacinto,01/06/2024,30/06/2024,13/06/2024,3.04,9.47,34.4,0.0,56.1,3.46,14.0,6.75,16000.0,,"1,063,000"
qc_202406.pdf,292,La Merced Don Jacinto,01/06/2024,30/06/2024,14/06/2024,3.14,9.8,36.1,0.0,57.4,3.63,14.0,6.77,,,
qc_202406.pdf,292,La Merced Don Jacinto,01/06/2024,30/06/2024,15/06/2024,3.16,9.19,33.1,0.0,54.2,3.36,14.0,6.82,,,
qc_202406.pdf,292,La Merced Don Jacinto,01/06/2024,30/06/2024,15/06/2024,3.4,9.75,35.7,0.0,56.9,3.61,14.0,6.82,,,
qc_202406.pdf,292,La Merced Don Jacinto,01/06/2024,30/06/2024,16/06/2024,3.07,9.38,34.0,0.0,55.5,3.43,14.0,6.78,,,
qc_202406.pdf,292,La Merced Don Jacinto,01/06/2024,30/06/2024,16/06/2024,3.31,9.85,36.2,0.0,57.6,3.65,14.0,6.81,,,
qc_202406.pdf,292,La Merced Don Jacinto,01/06/2024,30/06/2024,17/06/2024,3.27,9.82,36.12,0.0,57.5,3.64,14.0,6.76,249000.0,11000.0,
qc_202406.pdf,292,La Merced Don Jacinto,01/06/2024,30/06/2024,17/06/2024,2.89,9.25,33.6,0.0,54.8,3.38,14.0,6.78,249000.0,11000.0,
qc_202406.pdf,292,La Merced Don Jacinto,01/06/2024,30/06/2024,17/06/2024,3.14,9.71,35.8,0.0,56.8,3.6,14.0,6.77,249000.0,11000.0,
qc_202406.pdf,292,La Merced Don Jacinto,01/06/2024,30/06/2024,18/06/2024,3.16,9.56,34.6,0.0,56.6,3.5,14.0,6.74,11000.0,,"1,110,000"
qc_202406.pdf,292,La Merced Don Jacinto,01/06/2024,30/06/2024,18/06/2024,3.18,9.41,34.0,0.0,55.7,3.44,14.0,6.69,11000.0,,"1,110,000"
qc_202406.pdf,292,La Merced Don Jacinto,01/06/2024,30/06/2024,19/06/2024,3.04,9.49,33.8,0.0,54.6,3.53,14.0,6.66,,,
qc_202406.pdf,292,La Merced Don Jacinto,01/06/2024,30/06/2024,19/06/2024,3.27,9.83,36.1,0.0,57.5,3.64,14.0,6.78,,,
qc_202406.pdf,292,La Merced Don Jacinto,01/06/2024,30/06/2024,20/06/2024,3.35,9.7,35.5,0.0,56.6,3.56,14.0,6.67,,,
qc_202406.pdf,292,La Merced Don Jacinto,01/06/2024,30/06/2024,20/06/2024,3.14,9.48,34.3,0.0,56.1,3.47,14.0,6.77,,,
qc_202406.pdf,292,La Merced Don Jacinto,01/06/2024,30/06/2024,21/06/2024,3.3,9.34,33.6,0.0,55.1,3.42,14.0,6.67,,,
qc_202406.pdf,292,La Merced Don Jacinto,01/06/2024,30/06/2024,21/06/2024,3.12,9.42,34.1,0.0,55.8,3.44,14.0,6.77,,,
qc_202406.pdf,292,La Merced Don Jacinto,01/06/2024,30/06/2024,22/06/2024,3.12,9.71,35.8,0.0,56.9,3.6,14.0,6.77,,,
qc_202406.pdf,292,La Merced Don Jacinto,01/06/2024,30/06/2024,22/06/2024,3.26,9.41,33.9,0.0,55.6,3.44,14.0,6.79,,,
qc_202406.pdf,292,La Merced Don Jacinto,01/06/2024,30/06/2024,23/06/2024,3.03,9.72,35.9,0.0,57.0,3.6,14.0,6.78,,,
qc_202406.pdf,292,La Merced Don Jacinto,01/06/2024,30/06/2024,24/06/2024,3.19,9.6,35.6,0.0,57.0,3.67,14.0,6.81,,,
qc_202406.pdf,292,La Merced Don Jacinto,01/06/2024,30/06/2024,24/06/2024,3.22,9.82,35.8,0.0,57.3,3.64,14.0,6.76,,,
qc_202406.pdf,292,La Merced Don Jacinto,01/06/2024,30/06/2024,25/06/2024,2.88,9.6,35.6,0.0,56.3,3.55,14.0,6.75,,,
qc_202406.pdf,292,La Merced Don Jacinto,01/06/2024,30/06/2024,25/06/2024,3.33,9.36,33.7,0.0,55.2,3.42,14.0,6.76,,,
qc_202406.pdf,292,La Merced Don Jacinto,01/06/2024,30/06/2024,26/06/2024,2.97,9.56,34.9,0.0,56.8,3.49,14.0,6.75,234000.0,11000.0,
qc_202406.pdf,292,La Merced Don Jacinto,01/06/2024,30/06/2024,26/06/2024,2.97,9.48,34.5,0.0,56.2,3.46,14.0,6.76,234000.0,11000.0,
qc_202406.pdf,292,La Merced Don Jacinto,01/06/2024,30/06/2024,27/06/2024,3.1,9.76,36.0,0.0,57.2,3.61,14.0,6.74,204000.0,16000.0,
qc_202406.pdf,292,La Merced Don Jacinto,01/06/2024,30/06/2024,27/06/2024,2.87,9.89,36.7,0.0,58.2,3.66,14.0,6.8,204000.0,16000.0,
qc_202406.pdf,292,La Merced Don Jacinto,01/06/2024,30/06/2024,28/06/2024,2.79,9.55,34.9,0.0,56.8,3.49,14.0,6.79,,,
qc_202406.pdf,292,La Merced Don Jacinto,01/06/2024,30/06/2024,28/06/2024,3.16,9.84,36.3,0.0,57.7,3.64,14.0,6.8,,,
qc_202406.pdf,292,La Merced Don Jacinto,01/06/2024,30/06/2024,29/06/2024,2.89,9.49,34.6,0.0,56.3,3.47,14.0,6.79,,,
qc_202406.pdf,292,La Merced Don Jacinto,01/06/2024,30/06/2024,29/06/2024,2.89,9.87,36.6,0.0,58.1,3.65,14.0,6.8,,,
qc_202406.pdf,292,La Merced Don Jacinto,01/06/2024,30/06/2024,30/06/2024,2.87,9.95,37.0,0.0,58.6,3.68,14.0,6.8,,,
qc_202407.pdf,292,La Merced Don Jacinto,01/07/2024,31/07/2024,01/07/2024,2.89,9.85,36.5,0.0,58.0,3.65,14.0,6.82,,,
qc_202407.pdf,292,La Merced Don Jacinto,01/07/2024,31/07/2024,01/07/2024,3.07,9.41,34.0,0.0,55.7,3.44,14.0,6.72,,,
qc_202407.pdf,292,La Merced Don Jacinto,01/07/2024,31/07/2024,02/07/2024,2.89,9.88,36.7,0.0,58.1,3.66,14.0,6.8,,,
qc_202407.pdf,292,La Merced Don Jacinto,01/07/2024,31/07/2024,02/07/2024,2.81,9.68,35.9,0.0,56.9,3.58,14.0,6.78,,,
qc_202407.pdf,292,La Merced Don Jacinto,01/07/2024,31/07/2024,03/07/2024,2.99,9.48,34.4,0.0,56.2,3.46,14.0,6.78,228000.0,12000.0,
qc_202407.pdf,292,La Merced Don Jacinto,01/07/2024,31/07/2024,03/07/2024,2.83,9.98,37.1,0.0,58.9,3.69,14.0,6.76,228000.0,12000.0,
qc_202407.pdf,292,La Merced Don Jacinto,01/07/2024,31/07/2024,04/07/2024,2.81,9.96,37.1,0.0,58.7,3.69,14.0,6.76,206000.0,14000.0,
qc_202407.pdf,292,La Merced Don Jacinto,01/07/2024,31/07/2024,04/07/2024,2.87,10.0,37.1,0.0,52.3,3.72,14.0,6.67,206000.0,14000.0,
qc_202407.pdf,292,La Merced Don Jacinto,01/07/2024,31/07/2024,05/07/2024,2.74,9.72,36.2,0.0,57.2,3.6,14.0,6.79,,,
qc_202407.pdf,292,La Merced Don Jacinto,01/07/2024,31/07/2024,05/07/2024,3.1,9.89,36.3,0.0,57.7,3.54,14.0,6.66,,,
qc_202407.pdf,292,La Merced Don Jacinto,01/07/2024,31/07/2024,06/07/2024,3.0,9.78,36.2,0.0,57.4,3.62,14.0,6.8,,,
qc_202407.pdf,292,La Merced Don Jacinto,01/07/2024,31/07/2024,06/07/2024,2.72,9.92,37.0,0.0,58.6,3.67,14.0,6.79,,,
qc_202407.pdf,292,La Merced Don Jacinto,01/07/2024,31/07/2024,07/07/2024,2.67,9.94,37.1,0.0,58.7,3.68,14.0,6.77,,,
qc_202407.pdf,292,La Merced Don Jacinto,01/07/2024,31/07/2024,07/07/2024,2.87,9.9,37.2,0.0,59.0,3.71,14.0,6.75,,,
qc_202407.pdf,292,La Merced Don Jacinto,01/07/2024,31/07/2024,08/07/2024,2.78,9.51,34.8,0.0,56.5,3.47,14.0,6.75,,,
qc_202407.pdf,292,La Merced Don Jacinto,01/07/2024,31/07/2024,08/07/2024,2.88,9.97,37.3,0.0,59.2,3.72,14.0,6.76,,,
qc_202407.pdf,292,La Merced Don Jacinto,01/07/2024,31/07/2024,09/07/2024,3.05,9.32,33.7,0.0,55.1,3.41,14.0,6.76,,,
qc_202407.pdf,292,La Merced Don Jacinto,01/07/2024,31/07/2024,09/07/2024,2.93,9.94,36.9,0.0,58.5,3.6,14.0,6.74,,,
qc_202407.pdf,292,La Merced Don Jacinto,01/07/2024,31/07/2024,10/07/2024,2.93,9.81,36.3,0.0,57.7,3.55,14.0,6.79,226000.0,8000.0,
qc_202407.pdf,292,La Merced Don Jacinto,01/07/2024,31/07/2024,10/07/2024,2.87,9.88,38.3,0.0,57.0,3.55,14.0,6.74,226000.0,8000.0,
qc_202407.pdf,292,La Merced Don Jacinto,01/07/2024,31/07/2024,11/07/2024,2.96,9.75,37.7,0.0,59.0,3.5,14.0,6.8,978000.0,13000.0,
qc_202407.pdf,292,La Merced Don Jacinto,01/07/2024,31/07/2024,11/07/2024,2.84,9.76,36.0,0.0,57.7,3.61,14.0,6.81,978000.0,13000.0,
qc_202407.pdf,292,La Merced Don Jacinto,01/07/2024,31/07/2024,12/07/2024,2.57,9.87,36.9,0.0,55.3,3.57,14.0,6.75,,,
qc_202407.pdf,292,La Merced Don Jacinto,01/07/2024,31/07/2024,12/07/2024,2.88,9.8,36.9,0.0,56.9,3.61,14.0,6.8,,,
qc_202407.pdf,292,La Merced Don Jacinto,01/07/2024,31/07/2024,13/07/2024,3.09,9.64,36.3,0.0,55.2,3.58,14.0,6.76,,,
qc_202407.pdf,292,La Merced Don Jacinto,01/07/2024,31/07/2024,13/07/2024,2.61,9.67,37.3,0.0,56.0,3.61,14.0,6.78,,,
qc_202407.pdf,292,La Merced Don Jacinto,01/07/2024,31/07/2024,14/07/2024,2.66,9.8,36.0,0.0,56.2,3.59,14.0,6.79,,,
qc_202407.pdf,292,La Merced Don Jacinto,01/07/2024,31/07/2024,14/07/2024,2.75,9.8,38.5,0.0,50.2,3.56,14.0,6.66,,,
qc_202407.pdf,292,La Merced Don Jacinto,01/07/2024,31/07/2024,15/07/2024,3.48,9.61,35.0,0.0,56.0,3.48,14.0,6.69,,,
qc_202407.pdf,292,La Merced Don Jacinto,01/07/2024,31/07/2024,15/07/2024,2.66,9.86,36.8,0.0,58.2,3.57,14.0,6.67,,,
qc_202407.pdf,292,La Merced Don Jacinto,01/07/2024,31/07/2024,16/07/2024,2.73,9.97,38.8,0.0,60.2,3.58,14.0,6.66,,,
qc_202407.pdf,292,La Merced Don Jacinto,01/07/2024,31/07/2024,16/07/2024,2.81,9.85,36.6,0.0,58.8,3.67,14.0,6.7,,,
qc_202407.pdf,292,La Merced Don Jacinto,01/07/2024,31/07/2024,17/07/2024,2.59,9.88,36.9,0.0,58.4,3.57,14.0,6.67,10000.0,,"1,133,000"
qc_202407.pdf,292,La Merced Don Jacinto,01/07/2024,31/07/2024,17/07/2024,3.84,9.72,36.8,0.0,58.2,3.5,14.0,6.68,10000.0,,"1,133,000"
qc_202407.pdf,292,La Merced Don Jacinto,01/07/2024,31/07/2024,18/07/2024,2.56,9.81,36.7,0.0,57.9,3.55,14.0,6.79,192000.0,14000.0,
qc_202407.pdf,292,La Merced Don Jacinto,01/07/2024,31/07/2024,18/07/2024,2.64,9.99,38.0,0.0,50.0,3.5,14.0,6.69,192000.0,14000.0,
qc_202407.pdf,292,La Merced Don Jacinto,01/07/2024,31/07/2024,19/07/2024,3.06,9.75,37.6,0.0,59.0,3.51,14.0,6.8,,,
qc_202407.pdf,292,La Merced Don Jacinto,01/07/2024,31/07/2024,19/07/2024,2.67,9.8,36.5,0.0,57.6,3.55,14.0,6.66,,,
qc_202407.pdf,292,La Merced Don Jacinto,01/07/2024,31/07/2024,20/07/2024,2.7,9.73,36.2,0.0,57.3,3.52,14.0,6.83,,,
qc_202407.pdf,292,La Merced Don Jacinto,01/07/2024,31/07/2024,20/07/2024,2.76,9.94,33.6,0.0,53.1,3.57,14.0,6.68,,,
qc_202407.pdf,292,La Merced Don Jacinto,01/07/2024,31/07/2024,21/07/2024,2.81,9.74,36.6,0.0,57.9,3.57,14.0,6.75,,,
qc_202407.pdf,292,La Merced Don Jacinto,01/07/2024,31/07/2024,21/07/2024,3.18,9.7,37.3,0.0,58.1,3.49,14.0,6.84,,,
qc_202407.pdf,292,La Merced Don Jacinto,01/07/2024,31/07/2024,22/07/2024,2.87,9.64,36.5,0.0,55.4,3.57,14.0,6.76,,,
qc_202407.pdf,292,La Merced Don Jacinto,01/07/2024,31/07/2024,22/07/2024,3.43,9.65,35.2,0.0,56.3,3.5,14.0,6.76,,,
qc_202407.pdf,292,La Merced Don Jacinto,01/07/2024,31/07/2024,23/07/2024,3.16,9.7,36.1,0.0,56.9,3.56,14.0,6.75,,,
qc_202407.pdf,292,La Merced Don Jacinto,01/07/2024,31/07/2024,23/07/2024,3.02,9.83,37.9,0.0,59.5,3.53,14.0,6.8,,,
qc_202407.pdf,292,La Merced Don Jacinto,01/07/2024,31/07/2024,24/07/2024,3.19,9.66,35.5,0.0,56.5,3.5,14.0,6.75,10000.0,,"1,164,000"
qc_202407.pdf,292,La Merced Don Jacinto,01/07/2024,31/07/2024,24/07/2024,3.03,9.84,38.0,0.0,59.6,3.54,14.0,6.72,10000.0,,"1,164,000"
qc_202407.pdf,292,La Merced Don Jacinto,01/07/2024,31/07/2024,25/07/2024,3.19,9.63,36.2,0.0,55.8,3.57,14.0,6.77,246000.0,18000.0,
qc_202407.pdf,292,La Merced Don Jacinto,01/07/2024,31/07/2024,25/07/2024,3.08,9.5,35.8,0.0,56.8,3.51,14.0,6.77,246000.0,18000.0,
qc_202407.pdf,292,La Merced Don Jacinto,01/07/2024,31/07/2024,26/07/2024,3.14,9.51,34.7,0.0,55.3,3.53,14.0,6.78,,,
qc_202407.pdf,292,La Merced Don Jacinto,01/07/2024,31/07/2024,26/07/2024,3.03,9.66,35.6,0.0,56.6,3.5,14.0,6.77,,,
qc_202407.pdf,292,La Merced Don Jacinto,01/07/2024,31/07/2024,27/07/2024,3.02,9.51,35.0,0.0,55.0,3.44,14.0,6.8,,,
qc_202407.pdf,292,La Merced Don Jacinto,01/07/2024,31/07/2024,27/07/2024,3.07,9.6,35.8,0.0,55.3,3.42,14.0,6.77,,,
qc_202407.pdf,292,La Merced Don Jacinto,01/07/2024,31/07/2024,28/07/2024,3.08,9.67,37.2,0.0,58.4,3.48,14.0,6.79,,,
qc_202407.pdf,292,La Merced Don Jacinto,01/07/2024,31/07/2024,28/07/2024,3.33,9.66,35.4,0.0,56.4,3.5,14.0,6.67,,,
qc_202407.pdf,292,La Merced Don Jacinto,01/07/2024,31/07/2024,29/07/2024,3.33,9.76,37.4,0.0,58.8,3.51,14.0,6.66,,,
qc_202407.pdf,292,La Merced Don Jacinto,01/07/2024,31/07/2024,29/07/2024,3.17,9.63,35.4,0.0,56.3,3.49,14.0,6.74,,,
qc_202407.pdf,292,La Merced Don Jacinto,01/07/2024,31/07/2024,30/07/2024,3.52,9.61,35.0,0.0,55.9,3.48,14.0,6.68,,,
qc_202407.pdf,292,La Merced Don Jacinto,01/07/2024,31/07/2024,30/07/2024,3.24,9.82,37.7,0.0,59.3,3.53,14.0,6.74,,,
qc_202407.pdf,292,La Merced Don Jacinto,01/07/2024,31/07/2024,31/07/2024,3.37,9.93,38.0,0.0,59.9,3.58,14.0,6.69,,,
qc_202408.pdf,292,La Merced Don Jacinto,01/08/2024,31/08/2024,01/08/2024,2.9,9.73,36.0,0.0,57.2,3.52,14.0,6.78,528000.0,11000.0,
qc_202408.pdf,292,La Merced Don Jacinto,01/08/2024,31/08/2024,01/08/2024,2.8,9.82,38.1,0.0,59.1,3.53,14.0,6.66,528000.0,11000.0,
qc_202408.pdf,292,La Merced Don Jacinto,01/08/2024,31/08/2024,02/08/2024,2.68,9.84,35.9,0.0,56.7,3.39,14.0,6.69,532000.0,11000.0,
qc_202408.pdf,292,La Merced Don Jacinto,01/08/2024,31/08/2024,02/08/2024,2.91,9.78,37.9,0.0,59.2,3.52,14.0,6.75,532000.0,11000.0,
qc_202408.pdf,292,La Merced Don Jacinto,01/08/2024,31/08/2024,03/08/2024,2.8,9.55,35.4,0.0,56.0,3.45,14.0,6.75,,,
qc_202408.pdf,292,La Merced Don Jacinto,01/08/2024,31/08/2024,03/08/2024,2.78,9.69,36.0,0.0,57.0,3.51,14.0,6.76,,,
qc_202408.pdf,292,La Merced Don Jacinto,01/08/2024,31/08/2024,04/08/2024,2.86,9.73,37.7,0.0,59.0,3.5,14.0,6.77,,,
qc_202408.pdf,292,La Merced Don Jacinto,01/08/2024,31/08/2024,04/08/2024,3.02,9.5,36.3,0.0,54.0,3.57,14.0,6.77,,,
qc_202408.pdf,292,La Merced Don Jacinto,01/08/2024,31/08/2024,05/08/2024,2.95,9.58,35.4,0.0,55.7,3.56,14.0,6.78,,,
qc_202408.pdf,292,La Merced Don Jacinto,01/08/2024,31/08/2024,05/08/2024,2.93,9.6,37.1,0.0,55.4,3.52,14.0,6.74,,,
qc_202408.pdf,292,La Merced Don Jacinto,01/08/2024,31/08/2024,06/08/2024,2.99,9.68,35.8,0.0,56.8,3.5,14.0,6.75,,,
qc_202408.pdf,292,La Merced Don Jacinto,01/08/2024,31/08/2024,06/08/2024,2.83,9.66,37.4,0.0,58.5,3.47,14.0,6.77,,,
qc_202408.pdf,292,La Merced Don Jacinto,01/08/2024,31/08/2024,07/08/2024,2.8,9.6,35.6,0.0,56.3,3.47,14.0,6.77,658000.0,11000.0,
qc_202408.pdf,292,La Merced Don Jacinto,01/08/2024,31/08/2024,07/08/2024,3.0,9.56,35.3,0.0,56.0,3.46,14.0,6.78,658000.0,11000.0,
qc_202408.pdf,292,La Merced Don Jacinto,01/08/2024,31/08/2024,08/08/2024,2.71,9.78,36.4,0.0,57.6,3.54,14.0,6.81,586000.0,10000.0,
qc_202408.pdf,292,La Merced Don Jacinto,01/08/2024,31/08/2024,08/08/2024,2.92,9.67,35.8,0.0,56.7,3.5,14.0,6.8,586000.0,10000.0,
qc_202408.pdf,292,La Merced Don Jacinto,01/08/2024,31/08/2024,09/08/2024,4.24,9.77,36.6,0.0,58.2,3.52,14.0,6.8,,,
qc_202408.pdf,292,La Merced Don Jacinto,01/08/2024,31/08/2024,09/08/2024,3.21,9.74,35.8,0.0,57.0,3.53,14.0,6.78,,,
qc_202408.pdf,292,La Merced Don Jacinto,01/08/2024,31/08/2024,10/08/2024,3.14,9.77,37.6,0.0,56.0,3.51,14.0,6.77,,,
qc_202408.pdf,292,La Merced Don Jacinto,01/08/2024,31/08/2024,10/08/2024,3.1,9.85,37.9,0.0,59.6,3.54,14.0,6.78,,,
qc_202408.pdf,292,La Merced Don Jacinto,01/08/2024,31/08/2024,11/08/2024,3.19,9.67,37.1,0.0,55.3,3.48,14.0,6.78,,,
qc_202408.pdf,292,La Merced Don Jacinto,01/08/2024,31/08/2024,11/08/2024,3.2,9.77,37.5,0.0,59.0,3.51,14.0,6.68,,,
qc_202408.pdf,292,La Merced Don Jacinto,01/08/2024,31/08/2024,12/08/2024,3.41,9.59,35.0,0.0,55.9,3.45,14.0,6.66,,,
qc_202408.pdf,292,La Merced Don Jacinto,01/08/2024,31/08/2024,12/08/2024,2.82,9.6,35.6,0.0,56.3,3.47,14.0,6.8,,,
qc_202408.pdf,292,La Merced Don Jacinto,01/08/2024,31/08/2024,13/08/2024,2.91,9.73,37.6,0.0,58.9,3.5,14.0,6.8,,,
qc_202408.pdf,292,La Merced Don Jacinto,01/08/2024,31/08/2024,13/08/2024,3.52,9.47,34.4,0.0,55.1,3.43,14.0,6.72,,,
qc_202408.pdf,292,La Merced Don Jacinto,01/08/2024,31/08/2024,14/08/2024,3.33,9.61,36.8,0.0,57.9,3.46,14.0,6.77,722000.0,10000.0,
qc_202408.pdf,292,La Merced Don Jacinto,01/08/2024,31/08/2024,14/08/2024,3.0,9.55,35.3,0.0,55.9,3.46,14.0,6.74,722000.0,10000.0,
qc_202408.pdf,292,La Merced Don Jacinto,01/08/2024,31/08/2024,15/08/2024,3.3,9.68,37.3,0.0,58.5,3.48,14.0,6.75,659000.0,14000.0,
qc_202408.pdf,292,La Merced Don Jacinto,01/08/2024,31/08/2024,15/08/2024,2.89,9.62,37.1,0.0,58.2,3.46,14.0,6.78,659000.0,14000.0,
qc_202408.pdf,292,La Merced Don Jacinto,01/08/2024,31/08/2024,16/08/2024,3.15,9.69,37.3,0.0,58.5,3.48,14.0,6.66,,,
qc_202408.pdf,292,La Merced Don Jacinto,01/08/2024,31/08/2024,16/08/2024,2.85,9.44,34.9,0.0,55.3,3.41,14.0,6.79,,,
qc_202408.pdf,292,La Merced Don Jacinto,01/08/2024,31/08/2024,17/08/2024,3.45,9.45,34.3,0.0,55.0,3.42,14.0,6.69,,,
qc_202408.pdf,292,La Merced Don Jacinto,01/08/2024,31/08/2024,17/08/2024,3.02,9.73,37.5,0.0,58.9,3.5,14.0,6.66,,,
qc_202408.pdf,292,La Merced Don Jacinto,01/08/2024,31/08/2024,18/08/2024,2.96,9.66,36.7,0.0,56.1,3.51,14.0,6.77,,,
qc_202408.pdf,292,La Merced Don Jacinto,01/08/2024,31/08/2024,18/08/2024,3.08,9.46,34.8,0.0,34.3,3.41,14.0,6.69,,,
qc_202408.pdf,292,La Merced Don Jacinto,01/08/2024,31/08/2024,19/08/2024,2.92,9.66,35.7,0.0,56.7,3.5,14.0,6.78,,,
qc_202408.pdf,292,La Merced Don Jacinto,01/08/2024,31/08/2024,19/08/2024,2.84,9.55,35.4,0.0,56.0,3.45,14.0,6.8,,,
qc_202408.pdf,292,La Merced Don Jacinto,01/08/2024,31/08/2024,20/08/2024,2.97,9.61,36.9,0.0,55.4,3.53,14.0,6.79,,,
qc_202408.pdf,292,La Merced Don Jacinto,01/08/2024,31/08/2024,20/08/2024,3.06,9.6,34.2,0.0,56.9,3.56,14.0,6.76,,,
qc_202408.pdf,292,La Merced Don Jacinto,01/08/2024,31/08/2024,21/08/2024,3.01,9.65,36.0,0.0,56.2,3.53,14.0,6.78,503000.0,7000.0,
qc_202408.pdf,292,La Merced Don Jacinto,01/08/2024,31/08/2024,21/08/2024,2.9,9.65,35.7,0.0,56.6,3.49,14.0,6.77,503000.0,7000.0,
qc_202408.pdf,292,La Merced Don Jacinto,01/08/2024,31/08/2024,22/08/2024,2.91,9.72,36.0,0.0,57.5,3.53,14.0,6.75,519000.0,7000.0,
qc_202408.pdf,292,La Merced Don Jacinto,01/08/2024,31/08/2024,22/08/2024,3.15,9.62,35.4,0.0,56.3,3.48,14.0,6.77,519000.0,7000.0,
qc_202408.pdf,292,La Merced Don Jacinto,01/08/2024,31/08/2024,23/08/2024,2.87,9.68,35.9,0.0,56.8,3.5,14.0,6.74,,,
qc_202408.pdf,292,La Merced Don Jacinto,01/08/2024,31/08/2024,23/08/2024,2.94,9.68,37.8,0.0,55.2,3.42,14.0,6.78,,,
qc_202408.pdf,292,La Merced Don Jacinto,01/08/2024,31/08/2024,24/08/2024,2.94,9.56,35.3,0.0,56.0,3.46,14.0,6.74,,,
qc_202408.pdf,292,La Merced Don Jacinto,01/08/2024,31/08/2024,25/08/2024,3.49,9.6,35.0,0.0,55.9,3.48,14.0,6.66,,,
qc_202408.pdf,292,La Merced Don Jacinto,01/08/2024,31/08/2024,25/08/2024,3.36,9.65,36.9,0.0,58.1,3.47,14.0,6.66,,,
qc_202408.pdf,292,La Merced Don Jacinto,01/08/2024,31/08/2024,25/08/2024,2.81,9.58,37.1,0.0,58.0,3.45,14.0,6.66,,,
qc_202408.pdf,292,La Merced Don Jacinto,01/08/2024,31/08/2024,26/08/2024,2.78,9.69,37.6,0.0,58.8,3.48,14.0,6.77,,,
qc_202408.pdf,292,La Merced Don Jacinto,01/08/2024,31/08/2024,26/08/2024,2.7,9.61,35.7,0.0,56.1,3.48,14.0,6.69,,,
qc_202408.pdf,292,La Merced Don Jacinto,01/08/2024,31/08/2024,27/08/2024,2.57,9.62,35.9,0.0,56.6,3.48,14.0,6.79,,,
qc_202408.pdf,292,La Merced Don Jacinto,01/08/2024,31/08/2024,27/08/2024,3.18,9.79,36.0,0.0,57.3,3.55,14.0,6.69,,,
qc_202408.pdf,292,La Merced Don Jacinto,01/08/2024,31/08/2024,28/08/2024,2.71,9.71,37.7,0.0,58.9,3.49,14.0,6.79,340000.0,8000.0,
qc_202408.pdf,292,La Merced Don Jacinto,01/08/2024,31/08/2024,28/08/2024,2.73,9.75,37.9,0.0,59.2,3.5,14.0,6.79,340000.0,8000.0,
qc_202408.pdf,292,La Merced Don Jacinto,01/08/2024,31/08/2024,29/08/2024,2.67,9.55,35.5,0.0,56.1,3.45,14.0,6.79,343000.0,10000.0,
qc_202408.pdf,292,La Merced Don Jacinto,01/08/2024,31/08/2024,29/08/2024,3.0,9.58,35.7,0.0,56.3,3.46,14.0,6.79,343000.0,10000.0,
qc_202408.pdf,292,La Merced Don Jacinto,01/08/2024,31/08/2024,30/08/2024,2.75,9.79,38.8,0.0,59.4,3.52,14.0,6.8,,,
qc_202408.pdf,292,La Merced Don Jacinto,01/08/2024,31/08/2024,30/08/2024,3.19,9.18,30.9,0.0,51.7,3.55,14.0,6.68,,,
qc_202408.pdf,292,La Merced Don Jacinto,01/08/2024,31/08/2024,31/08/2024,2.97,9.6,35.5,0.0,50.2,3.47,14.0,6.69,,,
qc_202409.pdf,292,La Merced Don Jacinto,01/09/2024,30/09/2024,01/09/2024,2.99,9.62,37.9,0.0,57.5,3.53,14.0,6.77,,,
qc_202409.pdf,292,La Merced Don Jacinto,01/09/2024,30/09/2024,01/09/2024,2.87,9.81,36.4,0.0,57.7,3.55,14.0,6.75,,,
qc_202409.pdf,292,La Merced Don Jacinto,01/09/2024,30/09/2024,02/09/2024,2.96,9.74,36.0,0.0,57.2,3.53,14.0,6.76,,,
qc_202409.pdf,292,La Merced Don Jacinto,01/09/2024,30/09/2024,02/09/2024,2.75,9.72,37.0,0.0,57.5,3.59,14.0,6.7,,,
qc_202409.pdf,292,La Merced Don Jacinto,01/09/2024,30/09/2024,03/09/2024,2.79,9.75,37.8,0.0,56.1,3.5,14.0,6.74,,,
qc_202409.pdf,292,La Merced Don Jacinto,01/09/2024,30/09/2024,03/09/2024,2.91,9.64,37.3,0.0,58.3,3.46,14.0,6.75,,,
qc_202409.pdf,292,La Merced Don Jacinto,01/09/2024,30/09/2024,04/09/2024,3.0,9.71,37.5,0.0,58.7,3.48,14.0,6.77,604000.0,12000.0,
qc_202409.pdf,292,La Merced Don Jacinto,01/09/2024,30/09/2024,05/09/2024,,,,,,,14.0,6.64,540000.0,8000.0,
qc_202409.pdf,292,La Merced Don Jacinto,01/09/2024,30/09/2024,06/09/2024,,,,,,,14.0,6.65,,,
qc_202409.pdf,292,La Merced Don Jacinto,01/09/2024,30/09/2024,06/09/2024,2.77,9.41,34.9,0.0,55.1,3.4,14.0,6.79,,,
qc_202409.pdf,292,La Merced Don Jacinto,01/09/2024,30/09/2024,07/09/2024,2.96,9.61,37.1,0.0,58.1,3.45,14.0,6.76,,,
qc_202409.pdf,292,La Merced Don Jacinto,01/09/2024,30/09/2024,07/09/2024,3.0,9.88,38.2,0.0,59.9,3.55,14.0,6.74,,,
qc_202409.pdf,292,La Merced Don Jacinto,01/09/2024,30/09/2024,08/09/2024,3.06,9.72,37.9,0.0,56.4,3.53,14.0,6.78,,,
qc_202409.pdf,292,La Merced Don Jacinto,01/09/2024,30/09/2024,08/09/2024,3.5,9.28,33.7,0.0,53.9,3.36,14.0,6.76,,,
qc_202409.pdf,292,La Merced Don Jacinto,01/09/2024,30/09/2024,09/09/2024,2.85,9.31,33.5,0.0,53.8,3.37,14.0,6.77,,,
qc_202409.pdf,292,La Merced Don Jacinto,01/09/2024,30/09/2024,09/09/2024,2.86,9.62,35.6,0.0,54.8,3.48,14.0,6.77,,,
qc_202409.pdf,292,La Merced Don Jacinto,01/09/2024,30/09/2024,10/09/2024,3.34,9.69,37.1,0.0,58.4,3.49,14.0,6.67,,,
qc_202409.pdf,292,La Merced Don Jacinto,01/09/2024,30/09/2024,10/09/2024,2.86,9.73,37.5,0.0,54.3,3.57,14.0,6.74,,,
qc_202409.pdf,292,La Merced Don Jacinto,01/09/2024,30/09/2024,11/09/2024,3.28,9.42,33.7,0.0,54.3,3.42,14.0,6.69,551000.0,10000.0,
qc_202409.pdf,292,La Merced Don Jacinto,01/09/2024,30/09/2024,11/09/2024,3.0,9.62,35.5,0.0,56.4,3.48,14.0,6.74,551000.0,10000.0,
qc_202409.pdf,292,La Merced Don Jacinto,01/09/2024,30/09/2024,12/09/2024,3.17,9.35,34.7,0.0,54.4,3.38,14.0,6.66,570000.0,9000.0,
qc_202409.pdf,292,La Merced Don Jacinto,01/09/2024,30/09/2024,12/09/2024,3.12,9.82,37.8,0.0,59.4,3.53,14.0,6.74,570000.0,9000.0,
qc_202409.pdf,292,La Merced Don Jacinto,01/09/2024,30/09/2024,13/09/2024,3.15,9.85,37.1,0.0,59.1,3.54,14.0,6.66,,,
qc_202409.pdf,292,La Merced Don Jacinto,01/09/2024,30/09/2024,13/09/2024,3.0,9.78,36.8,0.0,57.5,3.59,14.0,6.74,,,
qc_202409.pdf,292,La Merced Don Jacinto,01/09/2024,30/09/2024,14/09/2024,3.03,9.72,36.3,0.0,57.7,3.56,14.0,6.77,,,
qc_202409.pdf,292,La Merced Don Jacinto,01/09/2024,30/09/2024,14/09/2024,3.01,9.76,37.1,0.0,56.7,3.55,14.0,6.74,,,
qc_202409.pdf,292,La Merced Don Jacinto,01/09/2024,30/09/2024,15/09/2024,3.0,9.44,34.8,0.0,55.2,3.41,14.0,6.66,,,
qc_202409.pdf,292,La Merced Don Jacinto,01/09/2024,30/09/2024,15/09/2024,2.8,9.51,35.2,0.0,55.7,3.44,14.0,6.77,,,
qc_202409.pdf,292,La Merced Don Jacinto,01/09/2024,30/09/2024,16/09/2024,3.0,9.76,37.7,0.0,59.1,3.51,14.0,6.69,,,
qc_202409.pdf,292,La Merced Don Jacinto,01/09/2024,30/09/2024,16/09/2024,2.96,9.88,36.6,0.0,57.1,3.58,14.0,6.77,,,
qc_202409.pdf,292,La Merced Don Jacinto,01/09/2024,30/09/2024,17/09/2024,3.0,9.71,37.5,0.0,57.8,3.59,14.0,6.76,,,
qc_202409.pdf,292,La Merced Don Jacinto,01/09/2024,30/09/2024,17/09/2024,2.85,9.7,35.7,0.0,54.4,3.42,14.0,6.74,,,
qc_202409.pdf,292,La Merced Don Jacinto,01/09/2024,30/09/2024,18/09/2024,2.83,9.62,35.7,0.0,56.5,3.48,14.0,6.76,450000.0,13000.0,
qc_202409.pdf,292,La Merced Don Jacinto,01/09/2024,30/09/2024,18/09/2024,2.63,9.63,35.9,0.0,56.6,3.48,14.0,6.73,450000.0,13000.0,
qc_202409.pdf,292,La Merced Don Jacinto,01/09/2024,30/09/2024,19/09/2024,2.72,9.88,38.4,0.0,60.1,3.55,14.0,6.73,500000.0,13000.0,
qc_202409.pdf,292,La Merced Don Jacinto,01/09/2024,30/09/2024,20/09/2024,2.98,9.83,38.0,0.0,59.5,3.53,14.0,6.79,,,
qc_202409.pdf,292,La Merced Don Jacinto,01/09/2024,30/09/2024,21/09/2024,2.88,9.79,35.9,0.0,57.0,3.51,14.0,6.69,,,
qc_202409.pdf,292,La Merced Don Jacinto,01/09/2024,30/09/2024,21/09/2024,3.06,9.82,36.3,0.0,57.6,3.56,14.0,6.8,,,
qc_202409.pdf,292,La Merced Don Jacinto,01/09/2024,30/09/2024,22/09/2024,3.03,9.79,37.8,0.0,59.2,3.51,14.0,6.68,,,
qc_202409.pdf,292,La Merced Don Jacinto,01/09/2024,30/09/2024,23/09/2024,3.56,9.57,34.8,0.0,55.7,3.47,14.0,6.66,,,
qc_202409.pdf,292,La Merced Don Jacinto,01/09/2024,30/09/2024,24/09/2024,2.91,9.75,36.1,0.0,57.3,3.53,14.0,6.66,,,
qc_202409.pdf,292,La Merced Don Jacinto,01/09/2024,30/09/2024,24/09/2024,3.38,9.81,37.5,0.0,59.1,3.53,14.0,6.69,,,
qc_202409.pdf,292,La Merced Don Jacinto,01/09/2024,30/09/2024,25/09/2024,3.33,9.66,35.2,0.0,56.2,3.48,14.0,6.66,480000.0,12000.0,
qc_202409.pdf,292,La Merced Don Jacinto,01/09/2024,30/09/2024,25/09/2024,2.99,8.83,38.0,0.0,59.0,3.53,14.0,6.69,480000.0,12000.0,
qc_202409.pdf,292,La Merced Don Jacinto,01/09/2024,30/09/2024,26/09/2024,3.48,9.66,35.2,0.0,56.3,3.5,14.0,6.69,448000.0,13000.0,
qc_202409.pdf,292,La Merced Don Jacinto,01/09/2024,30/09/2024,26/09/2024,3.66,9.73,37.0,0.0,58.4,3.5,14.0,6.69,448000.0,13000.0,
qc_202409.pdf,292,La Merced Don Jacinto,01/09/2024,30/09/2024,27/09/2024,2.89,9.78,37.8,0.0,59.3,3.51,14.0,6.67,,,
qc_202409.pdf,292,La Merced Don Jacinto,01/09/2024,30/09/2024,27/09/2024,2.91,9.8,38.2,0.0,59.8,3.54,14.0,6.67,,,
qc_202409.pdf,292,La Merced Don Jacinto,01/09/2024,30/09/2024,28/09/2024,3.02,9.69,35.8,0.0,56.8,3.51,14.0,6.78,,,
qc_202409.pdf,292,La Merced Don Jacinto,01/09/2024,30/09/2024,28/09/2024,2.9,9.69,33.5,0.0,50.1,3.21,14.0,6.69,,,
qc_202409.pdf,292,La Merced Don Jacinto,01/09/2024,30/09/2024,29/09/2024,2.98,9.83,38.0,0.0,59.5,3.53,14.0,6.8,,,
qc_202409.pdf,292,La Merced Don Jacinto,01/09/2024,30/09/2024,29/09/2024,3.04,9.72,38.3,0.0,58.1,3.57,14.0,6.77,,,
qc_202409.pdf,292,La Merced Don Jacinto,01/09/2024,30/09/2024,30/09/2024,3.0,9.79,36.2,0.0,57.4,3.54,14.0,6.79,,,
qc_202410.pdf,292,La Merced Don Jacinto,01/10/2024,31/10/2024,01/10/2024,2.93,9.62,35.6,0.0,56.4,3.48,14.0,6.8,,,
qc_202410.pdf,292,La Merced Don Jacinto,01/10/2024,31/10/2024,01/10/2024,2.97,9.68,35.8,0.0,56.8,3.5,14.0,6.78,,,
qc_202410.pdf,292,La Merced Don Jacinto,01/10/2024,31/10/2024,02/10/2024,2.94,9.79,37.8,0.0,59.3,3.52,14.0,6.78,420000.0,37000.0,
qc_202410.pdf,292,La Merced Don Jacinto,01/10/2024,31/10/2024,02/10/2024,2.89,9.78,37.8,0.0,59.3,3.51,14.0,6.77,420000.0,37000.0,
qc_202410.pdf,292,La Merced Don Jacinto,01/10/2024,31/10/2024,03/10/2024,3.35,9.85,36.1,0.0,57.6,3.57,14.0,6.79,442000.0,36000.0,
qc_202410.pdf,292,La Merced Don Jacinto,01/10/2024,31/10/2024,03/10/2024,2.87,9.82,38.0,0.0,59.6,3.53,14.0,6.77,442000.0,36000.0,
qc_202410.pdf,292,La Merced Don Jacinto,01/10/2024,31/10/2024,04/10/2024,2.83,9.82,38.1,0.0,59.6,3.53,14.0,6.72,,,
qc_202410.pdf,292,La Merced Don Jacinto,01/10/2024,31/10/2024,04/10/2024,2.84,9.72,36.1,0.0,57.1,3.52,14.0,6.77,,,
qc_202410.pdf,292,La Merced Don Jacinto,01/10/2024,31/10/2024,05/10/2024,2.77,9.65,35.1,0.0,56.7,3.49,14.0,6.72,,,
qc_202410.pdf,292,La Merced Don Jacinto,01/10/2024,31/10/2024,05/10/2024,2.8,9.73,36.1,0.0,57.2,3.52,14.0,6.76,,,
qc_202410.pdf,292,La Merced Don Jacinto,01/10/2024,31/10/2024,06/10/2024,2.85,9.9,38.4,0.0,59.1,3.52,14.0,6.77,,,
qc_202410.pdf,292,La Merced Don Jacinto,01/10/2024,31/10/2024,06/10/2024,2.82,9.69,35.9,0.0,56.9,3.5,14.0,6.69,,,
qc_202410.pdf,292,La Merced Don Jacinto,01/10/2024,31/10/2024,07/10/2024,2.82,9.79,37.9,0.0,59.0,3.51,14.0,6.68,,,
qc_202410.pdf,292,La Merced Don Jacinto,01/10/2024,31/10/2024,07/10/2024,2.66,9.63,35.8,0.0,56.1,3.48,14.0,6.69,,,
qc_202410.pdf,292,La Merced Don Jacinto,01/10/2024,31/10/2024,08/10/2024,2.74,9.77,37.9,0.0,59.3,3.51,14.0,6.66,295000.0,27000.0,
qc_202410.pdf,292,La Merced Don Jacinto,01/10/2024,31/10/2024,08/10/2024,3.29,9.41,34.4,0.0,54.8,3.41,14.0,6.79,295000.0,27000.0,
qc_202410.pdf,292,La Merced Don Jacinto,01/10/2024,31/10/2024,09/10/2024,3.06,9.55,35.2,0.0,55.9,3.46,14.0,6.69,326000.0,22000.0,
qc_202410.pdf,292,La Merced Don Jacinto,01/10/2024,31/10/2024,09/10/2024,3.24,9.62,36.9,0.0,56.8,3.46,14.0,6.78,326000.0,22000.0,
qc_202410.pdf,292,La Merced Don Jacinto,01/10/2024,31/10/2024,10/10/2024,2.72,9.63,37.4,0.0,58.4,3.46,14.0,6.76,,,
qc_202410.pdf,292,La Merced Don Jacinto,01/10/2024,31/10/2024,10/10/2024,3.02,9.73,37.3,0.0,58.9,3.5,14.0,6.69,,,
qc_202410.pdf,292,La Merced Don Jacinto,01/10/2024,31/10/2024,11/10/2024,2.78,9.71,36.1,0.0,57.1,3.51,14.0,6.76,,,
qc_202410.pdf,292,La Merced Don Jacinto,01/10/2024,31/10/2024,11/10/2024,,,,,,,14.0,6.76,,,
qc_202410.pdf,292,La Merced Don Jacinto,01/10/2024,31/10/2024,12/10/2024,2.67,9.65,35.9,0.0,56.8,3.49,14.0,6.74,,,
qc_202410.pdf,292,La Merced Don Jacinto,01/10/2024,31/10/2024,12/10/2024,2.61,9.62,35.9,0.0,56.6,3.48,14.0,6.82,,,
qc_202410.pdf,292,La Merced Don Jacinto,01/10/2024,31/10/2024,13/10/2024,2.68,9.78,38.0,0.0,59.4,3.51,14.0,6.81,,,
qc_202410.pdf,292,La Merced Don Jacinto,01/10/2024,31/10/2024,13/10/2024,2.58,9.71,37.8,0.0,57.0,3.49,14.0,6.77,,,
qc_202410.pdf,292,La Merced Don Jacinto,01/10/2024,31/10/2024,14/10/2024,2.52,9.54,35.6,0.0,56.1,3.45,14.0,6.75,,,
qc_202410.pdf,292,La Merced Don Jacinto,01/10/2024,31/10/2024,14/10/2024,2.39,9.77,37.3,0.0,57.5,3.51,14.0,6.78,,,
qc_202410.pdf,292,La Merced Don Jacinto,01/10/2024,31/10/2024,15/10/2024,2.57,9.76,36.5,0.0,57.6,3.53,14.0,6.77,,,
qc_202410.pdf,292,La Merced Don Jacinto,01/10/2024,31/10/2024,15/10/2024,2.49,9.58,35.8,0.0,56.4,3.46,14.0,6.77,,,
qc_202410.pdf,292,La Merced Don Jacinto,01/10/2024,31/10/2024,16/10/2024,2.52,9.72,36.3,0.0,57.3,3.51,14.0,6.75,485000.0,22000.0,
qc_202410.pdf,292,La Merced Don Jacinto,01/10/2024,31/10/2024,16/10/2024,2.61,9.72,38.7,0.0,56.4,3.57,14.0,6.75,485000.0,22000.0,
qc_202410.pdf,292,La Merced Don Jacinto,01/10/2024,31/10/2024,17/10/2024,2.65,9.86,37.4,0.0,56.0,3.54,14.0,6.77,557000.0,22000.0,
qc_202410.pdf,292,La Merced Don Jacinto,01/10/2024,31/10/2024,17/10/2024,3.01,9.62,36.8,0.0,57.9,3.46,14.0,6.76,557000.0,22000.0,
qc_202410.pdf,292,La Merced Don Jacinto,01/10/2024,31/10/2024,18/10/2024,2.66,9.71,36.2,0.0,57.2,3.51,14.0,6.74,,,
qc_202410.pdf,292,La Merced Don Jacinto,01/10/2024,31/10/2024,18/10/2024,2.86,9.62,35.9,0.0,56.6,3.48,14.0,6.78,,,
qc_202410.pdf,292,La Merced Don Jacinto,01/10/2024,31/10/2024,19/10/2024,2.77,9.81,35.7,0.0,56.1,3.48,14.0,6.69,,,
qc_202410.pdf,292,La Merced Don Jacinto,01/10/2024,31/10/2024,19/10/2024,2.85,10.0,38.9,0.0,60.9,3.6,14.0,6.79,,,
qc_202410.pdf,292,La Merced Don Jacinto,01/10/2024,31/10/2024,20/10/2024,3.09,9.63,36.9,0.0,58.5,3.46,14.0,6.69,,,
qc_202410.pdf,292,La Merced Don Jacinto,01/10/2024,31/10/2024,20/10/2024,2.8,9.7,37.6,0.0,58.8,3.48,14.0,6.66,,,
qc_202410.pdf,292,La Merced Don Jacinto,01/10/2024,31/10/2024,21/10/2024,3.19,9.48,34.8,0.0,55.3,3.43,14.0,6.69,,,
qc_202410.pdf,292,La Merced Don Jacinto,01/10/2024,31/10/2024,21/10/2024,2.79,9.57,35.5,0.0,56.2,3.46,14.0,6.67,,,
qc_202410.pdf,292,La Merced Don Jacinto,01/10/2024,31/10/2024,22/10/2024,2.89,9.54,35.3,0.0,55.9,3.45,14.0,6.74,,,
qc_202410.pdf,292,La Merced Don Jacinto,01/10/2024,31/10/2024,22/10/2024,2.96,9.55,35.5,0.0,55.9,3.46,14.0,6.69,,,
qc_202410.pdf,292,La Merced Don Jacinto,01/10/2024,31/10/2024,22/10/2024,3.03,9.79,37.8,0.0,59.2,3.52,14.0,6.69,,,
qc_202410.pdf,292,La Merced Don Jacinto,01/10/2024,31/10/2024,23/10/2024,2.91,9.63,37.2,0.0,58.3,3.46,14.0,6.74,583000.0,12000.0,
qc_202410.pdf,292,La Merced Don Jacinto,01/10/2024,31/10/2024,23/10/2024,3.03,9.6,35.5,0.0,56.4,3.49,14.0,6.69,583000.0,12000.0,
qc_202410.pdf,292,La Merced Don Jacinto,01/10/2024,31/10/2024,24/10/2024,3.03,9.79,37.6,0.0,58.9,3.53,14.0,6.68,556000.0,19000.0,
qc_202410.pdf,292,La Merced Don Jacinto,01/10/2024,31/10/2024,24/10/2024,2.85,9.68,37.5,0.0,58.6,3.48,14.0,6.79,556000.0,19000.0,
qc_202410.pdf,292,La Merced Don Jacinto,01/10/2024,31/10/2024,25/10/2024,2.84,9.52,35.3,0.0,55.8,3.44,14.0,6.78,,,
qc_202410.pdf,292,La Merced Don Jacinto,01/10/2024,31/10/2024,25/10/2024,3.04,9.71,37.4,0.0,58.7,3.49,14.0,6.67,,,
qc_202410.pdf,292,La Merced Don Jacinto,01/10/2024,31/10/2024,26/10/2024,2.9,9.59,35.5,0.0,56.2,3.47,14.0,6.7,,,
qc_202410.pdf,292,La Merced Don Jacinto,01/10/2024,31/10/2024,26/10/2024,3.2,9.59,35.2,0.0,55.0,3.47,14.0,6.69,,,
qc_202410.pdf,292,La Merced Don Jacinto,01/10/2024,31/10/2024,27/10/2024,2.95,9.74,37.6,0.0,59.0,3.5,14.0,6.7,,,
qc_202410.pdf,292,La Merced Don Jacinto,01/10/2024,31/10/2024,27/10/2024,3.03,9.75,36.0,0.0,57.2,3.53,14.0,6.76,,,
qc_202410.pdf,292,La Merced Don Jacinto,01/10/2024,31/10/2024,28/10/2024,3.1,9.68,36.7,0.0,57.8,3.55,14.0,6.74,,,
qc_202410.pdf,292,La Merced Don Jacinto,01/10/2024,31/10/2024,28/10/2024,2.94,9.59,35.4,0.0,56.2,3.47,14.0,6.78,,,
qc_202410.pdf,292,La Merced Don Jacinto,01/10/2024,31/10/2024,29/10/2024,3.1,9.64,35.5,0.0,56.4,3.49,14.0,6.79,,,
qc_202410.pdf,292,La Merced Don Jacinto,01/10/2024,31/10/2024,29/10/2024,2.93,9.64,37.2,0.0,57.3,3.46,14.0,6.76,,,
qc_202410.pdf,292,La Merced Don Jacinto,01/10/2024,31/10/2024,30/10/2024,3.75,9.26,33.4,0.0,53.6,3.36,14.0,6.77,559000.0,17000.0,
qc_202410.pdf,292,La Merced Don Jacinto,01/10/2024,31/10/2024,30/10/2024,3.17,9.78,35.4,0.0,57.6,3.59,14.0,6.76,559000.0,17000.0,
qc_202410.pdf,292,La Merced Don Jacinto,01/10/2024,31/10/2024,31/10/2024,2.88,9.43,34.8,0.0,55.2,3.41,14.0,6.76,549000.0,6000.0,
qc_202410.pdf,292,La Merced Don Jacinto,01/10/2024,31/10/2024,31/10/2024,3.0,9.81,37.9,0.0,57.4,3.53,14.0,6.74,549000.0,6000.0,
qc_202411.pdf,292,La Merced Don Jacinto,,,10/11/2024,2.53,9.63,36.0,0.0,56.7,3.48,14.0,6.77,,,
qc_202411.pdf,292,La Merced Don Jacinto,,,10/11/2024,3.03,9.66,37.0,0.0,58.2,3.47,14.0,6.68,,,
qc_202411.pdf,292,La Merced Don Jacinto,,,11/11/2024,2.56,9.83,38.3,0.0,57.8,3.53,14.0,6.78,,,
qc_202411.pdf,292,La Merced Don Jacinto,,,11/11/2024,2.48,9.67,36.2,0.0,57.0,3.5,14.0,6.75,,,
qc_202411.pdf,292,La Merced Don Jacinto,,,12/11/2024,2.52,9.99,39.0,0.0,59.9,3.59,14.0,6.74,,,
qc_202411.pdf,292,La Merced Don Jacinto,,,12/11/2024,2.58,9.78,37.5,0.0,55.2,3.55,14.0,6.77,,,
qc_202411.pdf,292,La Merced Don Jacinto,,,13/11/2024,2.32,9.8,38.45,0.0,57.8,3.52,14.0,6.74,,,571.000 29.000
qc_202411.pdf,292,La Merced Don Jacinto,,,13/11/2024,2.43,9.79,36.7,0.0,57.9,3.54,14.0,6.74,,,571.000 29.000
qc_202411.pdf,292,La Merced Don Jacinto,,,14/11/2024,2.37,9.91,38.8,0.0,58.5,3.56,14.0,6.73,,,543.000 19.000
qc_202411.pdf,292,La Merced Don Jacinto,,,14/11/2024,2.31,9.62,36.1,0.0,56.8,3.48,14.0,6.76,,,543.000 19.000
qc_202411.pdf,292,La Merced Don Jacinto,,,15/11/2024,2.34,9.56,35.9,0.0,56.3,3.45,14.0,6.77,,,
qc_202411.pdf,292,La Merced Don Jacinto,,,15/11/2024,2.25,9.55,35.9,0.0,56.3,3.45,14.0,6.72,,,
qc_202411.pdf,292,La Merced Don Jacinto,,,16/11/2024,2.44,9.75,36.5,0.0,57.1,3.54,14.0,6.77,,,
qc_202411.pdf,292,La Merced Don Jacinto,,,16/11/2024,2.54,9.95,38.9,0.0,59.9,3.58,14.0,6.81,,,
qc_202411.pdf,292,La Merced Don Jacinto,,,17/11/2024,2.45,9.68,36.3,0.0,57.1,3.5,14.0,6.8,,,
qc_202411.pdf,292,La Merced Don Jacinto,,,18/11/2024,2.56,9.59,35.8,0.0,56.4,3.47,14.0,6.72,,,
qc_202411.pdf,292,La Merced Don Jacinto,,,18/11/2024,2.6,9.43,35.3,0.0,55.4,3.41,14.0,6.73,,,
qc_202411.pdf,292,La Merced Don Jacinto,,,19/11/2024,2.56,9.73,37.9,0.0,59.2,3.49,14.0,6.74,,,
qc_202411.pdf,292,La Merced Don Jacinto,,,19/11/2024,3.02,9.62,37.6,0.0,58.5,3.48,14.0,,,,
qc_202411.pdf,292,La Merced Don Jacinto,,,20/11/2024,2.43,9.61,36.0,0.0,55.6,3.47,14.0,6.74,,,220.000 16.000
qc_202411.pdf,292,La Merced Don Jacinto,,,20/11/2024,3.44,9.43,34.3,0.0,54.8,3.42,14.0,6.66,,,220.000 16.000
qc_202411.pdf,292,La Merced Don Jacinto,,,21/11/2024,3.09,9.46,34.7,0.0,55.2,3.42,14.0,6.66,,,534.000 14.000
qc_202411.pdf,292,La Merced Don Jacinto,,,21/11/2024,2.53,9.87,38.5,0.0,59.9,3.54,14.0,6.74,,,534.000 14.000
qc_202411.pdf,292,La Merced Don Jacinto,,,22/11/2024,2.49,9.82,38.4,0.0,59.8,3.53,14.0,6.76,,,
qc_202411.pdf,292,La Merced Don Jacinto,,,22/11/2024,3.07,9.68,37.3,0.0,58.5,3.48,14.0,6.67,,,
qc_202411.pdf,292,La Merced Don Jacinto,,,23/11/2024,2.41,9.57,35.8,0.0,56.4,3.46,14.0,6.76,,,
qc_202411.pdf,292,La Merced Don Jacinto,,,23/11/2024,2.41,9.58,35.8,0.0,56.4,3.46,14.0,6.73,,,
qc_202411.pdf,292,La Merced Don Jacinto,,,24/11/2024,2.58,9.7,36.5,0.0,57.2,3.51,14.0,6.72,,,
qc_202411.pdf,292,La Merced Don Jacinto,,,24/11/2024,2.82,9.57,35.5,0.0,56.1,3.46,14.0,6.76,,,
qc_202411.pdf,292,La Merced Don Jacinto,,,25/11/2024,2.99,9.39,34.6,0.0,54.8,3.4,14.0,6.78,,,
qc_202411.pdf,292,La Merced Don Jacinto,,,25/11/2024,2.61,9.65,35.4,0.0,56.9,3.54,14.0,6.75,,,
qc_202411.pdf,292,La Merced Don Jacinto,,,25/11/2024,1.49,9.89,36.3,0.0,57.3,3.55,14.0,6.75,,,
qc_202411.pdf,292,La Merced Don Jacinto,,,26/11/2024,3.1,9.63,37.1,0.0,57.1,3.46,14.0,6.78,,,
qc_202411.pdf,292,La Merced Don Jacinto,,,26/11/2024,2.5,9.39,35.0,0.0,55.1,3.39,14.0,6.75,,,
qc_202411.pdf,292,La Merced Don Jacinto,,,27/11/2024,2.52,9.39,35.0,0.0,55.1,3.39,14.0,6.76,,,1.195.000 13.000
qc_202411.pdf,292,La Merced Don Jacinto,,,27/11/2024,3.2,9.71,37.3,0.0,56.6,3.42,14.0,6.8,,,1.195.000 13.000
qc_202411.pdf,292,La Merced Don Jacinto,,,28/11/2024,2.64,9.5,35.3,0.0,55.8,3.43,14.0,6.79,,,573.000 11.000
qc_202411.pdf,292,La Merced Don Jacinto,,,28/11/2024,2.74,9.76,35.3,0.0,57.9,3.54,14.0,6.75,,,573.000 11.000
qc_202411.pdf,292,La Merced Don Jacinto,,,29/11/2024,2.75,9.61,36.1,0.0,56.6,3.52,14.0,6.77,,,
qc_202411.pdf,292,La Merced Don Jacinto,,,29/11/2024,3.09,9.38,34.5,0.0,54.7,3.39,14.0,6.79,,,
qc_202411.pdf,292,La Merced Don Jacinto,,,30/11/2024,2.88,9.61,37.2,0.0,56.2,3.45,14.0,6.78,,,
qc_202412.pdf,292,La Merced Don Jacinto,01/12/2024,31/12/2024,01/12/2024,2.77,9.7,37.6,0.0,58.8,3.48,14.0,6.76,,,
qc_202412.pdf,292,La Merced Don Jacinto,01/12/2024,31/12/2024,01/12/2024,2.69,9.65,35.9,0.0,56.8,3.49,14.0,6.66,,,
qc_202412.pdf,292,La Merced Don Jacinto,01/12/2024,31/12/2024,02/12/2024,2.82,9.84,36.6,0.0,57.9,3.56,14.0,6.74,,,
qc_202412.pdf,292,La Merced Don Jacinto,01/12/2024,31/12/2024,02/12/2024,2.94,9.68,36.2,0.0,57.1,3.49,14.0,6.69,,,
qc_202412.pdf,292,La Merced Don Jacinto,01/12/2024,31/12/2024,03/12/2024,4.0,9.56,33.9,0.0,54.9,3.45,14.0,6.68,,,
qc_202412.pdf,292,La Merced Don Jacinto,01/12/2024,31/12/2024,03/12/2024,2.99,9.91,38.3,0.0,59.9,3.56,14.0,6.74,,,
qc_202412.pdf,292,La Merced Don Jacinto,01/12/2024,31/12/2024,04/12/2024,3.29,9.53,36.5,0.0,57.4,3.43,14.0,6.69,547000.0,17000.0,
qc_202412.pdf,292,La Merced Don Jacinto,01/12/2024,31/12/2024,04/12/2024,2.78,9.64,35.8,0.0,56.6,3.49,14.0,6.75,547000.0,17000.0,
qc_202412.pdf,292,La Merced Don Jacinto,01/12/2024,31/12/2024,05/12/2024,2.81,9.73,37.7,0.0,57.0,3.5,14.0,6.77,231000.0,15000.0,
qc_202412.pdf,292,La Merced Don Jacinto,01/12/2024,31/12/2024,05/12/2024,3.44,9.41,34.3,0.0,54.7,3.41,14.0,6.77,231000.0,15000.0,
qc_202412.pdf,292,La Merced Don Jacinto,01/12/2024,31/12/2024,06/12/2024,2.82,9.86,38.2,0.0,59.9,3.54,14.0,6.76,,,
qc_202412.pdf,292,La Merced Don Jacinto,01/12/2024,31/12/2024,06/12/2024,3.27,9.75,37.8,0.0,57.5,3.54,14.0,6.78,,,
qc_202412.pdf,292,La Merced Don Jacinto,01/12/2024,31/12/2024,07/12/2024,2.73,9.74,36.2,0.0,57.3,3.52,14.0,6.76,,,
qc_202412.pdf,292,La Merced Don Jacinto,01/12/2024,31/12/2024,07/12/2024,2.61,9.59,35.7,0.0,56.4,3.47,14.0,6.76,,,
qc_202412.pdf,292,La Merced Don Jacinto,01/12/2024,31/12/2024,08/12/2024,2.72,9.68,37.6,0.0,58.7,3.48,14.0,6.75,,,
qc_202412.pdf,292,La Merced Don Jacinto,01/12/2024,31/12/2024,08/12/2024,2.7,9.8,38.1,0.0,59.5,3.52,14.0,6.8,,,
qc_202412.pdf,292,La Merced Don Jacinto,01/12/2024,31/12/2024,09/12/2024,3.0,9.34,36.0,0.0,56.3,3.35,14.0,6.77,,,
qc_202412.pdf,292,La Merced Don Jacinto,01/12/2024,31/12/2024,09/12/2024,2.7,9.66,35.9,0.0,56.8,3.49,14.0,6.81,,,
qc_202412.pdf,292,La Merced Don Jacinto,01/12/2024,31/12/2024,09/12/2024,2.97,9.6,37.0,0.0,57.8,3.45,14.0,6.76,,,
qc_202412.pdf,292,La Merced Don Jacinto,01/12/2024,31/12/2024,10/12/2024,2.65,9.78,38.1,0.0,59.4,3.41,14.0,6.77,,,
qc_202412.pdf,292,La Merced Don Jacinto,01/12/2024,31/12/2024,10/12/2024,2.56,9.55,35.6,0.0,56.2,3.45,14.0,6.77,,,
qc_202412.pdf,292,La Merced Don Jacinto,01/12/2024,31/12/2024,11/12/2024,2.66,9.55,35.5,0.0,56.1,3.45,14.0,6.77,536000.0,17000.0,
qc_202412.pdf,292,La Merced Don Jacinto,01/12/2024,31/12/2024,11/12/2024,2.67,9.73,37.8,0.0,59.1,3.49,14.0,6.77,536000.0,17000.0,
qc_202412.pdf,292,La Merced Don Jacinto,01/12/2024,31/12/2024,12/12/2024,2.69,9.6,35.7,0.0,56.4,3.47,14.0,6.76,504000.0,26000.0,
qc_202412.pdf,292,La Merced Don Jacinto,01/12/2024,31/12/2024,12/12/2024,2.69,9.67,37.6,0.0,57.8,3.47,14.0,6.8,504000.0,26000.0,
qc_202412.pdf,292,La Merced Don Jacinto,01/12/2024,31/12/2024,13/12/2024,2.61,9.69,36.1,0.0,57.1,3.5,14.0,6.77,,,
qc_202412.pdf,292,La Merced Don Jacinto,01/12/2024,31/12/2024,13/12/2024,2.79,9.75,37.8,0.0,59.1,3.5,14.0,6.76,,,
qc_202412.pdf,292,La Merced Don Jacinto,01/12/2024,31/12/2024,14/12/2024,2.58,9.55,35.6,0.0,64.1,3.43,14.0,6.71,,,
qc_202412.pdf,292,La Merced Don Jacinto,01/12/2024,31/12/2024,14/12/2024,2.65,9.82,38.2,0.0,57.7,3.53,14.0,6.76,,,
qc_202412.pdf,292,La Merced Don Jacinto,01/12/2024,31/12/2024,15/12/2024,2.73,9.75,37.9,0.0,57.2,3.5,14.0,6.78,,,
qc_202412.pdf,292,La Merced Don Jacinto,01/12/2024,31/12/2024,15/12/2024,2.6,9.66,37.6,0.0,58.7,3.47,14.0,6.72,,,
qc_202412.pdf,292,La Merced Don Jacinto,01/12/2024,31/12/2024,16/12/2024,2.6,9.88,38.5,0.0,60.2,3.55,14.0,6.69,,,
qc_202412.pdf,292,La Merced Don Jacinto,01/12/2024,31/12/2024,16/12/2024,2.67,9.52,35.4,0.0,55.9,3.44,14.0,6.77,,,
qc_202412.pdf,292,La Merced Don Jacinto,01/12/2024,31/12/2024,17/12/2024,2.66,9.56,35.7,0.0,56.3,3.45,14.0,6.75,,,
qc_202412.pdf,292,La Merced Don Jacinto,01/12/2024,31/12/2024,17/12/2024,2.59,9.75,36.4,0.0,57.5,3.53,14.0,6.66,,,
qc_202412.pdf,292,La Merced Don Jacinto,01/12/2024,31/12/2024,18/12/2024,2.7,9.81,38.2,0.0,59.7,3.53,14.0,6.75,725000.0,16000.0,
qc_202412.pdf,292,La Merced Don Jacinto,01/12/2024,31/12/2024,18/12/2024,2.75,9.39,38.0,0.0,59.4,3.52,14.0,6.66,725000.0,16000.0,
qc_202412.pdf,292,La Merced Don Jacinto,01/12/2024,31/12/2024,19/12/2024,2.6,9.87,38.5,0.0,59.9,3.55,14.0,6.79,804000.0,16000.0,
qc_202412.pdf,292,La Merced Don Jacinto,01/12/2024,31/12/2024,19/12/2024,2.77,9.66,35.9,0.0,56.8,3.49,14.0,6.69,804000.0,16000.0,
qc_202412.pdf,292,La Merced Don Jacinto,01/12/2024,31/12/2024,20/12/2024,2.56,9.73,36.3,0.0,57.4,3.52,14.0,6.74,,,
qc_202412.pdf,292,La Merced Don Jacinto,01/12/2024,31/12/2024,20/12/2024,2.71,9.84,38.3,0.0,57.8,3.54,14.0,6.75,,,
qc_202412.pdf,292,La Merced Don Jacinto,01/12/2024,31/12/2024,21/12/2024,2.66,9.7,36.1,0.0,57.1,3.51,14.0,6.76,,,
qc_202412.pdf,292,La Merced Don Jacinto,01/12/2024,31/12/2024,22/12/2024,2.86,9.72,37.6,0.0,58.9,3.49,14.0,6.77,,,
qc_202412.pdf,292,La Merced Don Jacinto,01/12/2024,31/12/2024,23/12/2024,3.02,9.64,35.6,0.0,56.5,3.49,14.0,6.77,,,
qc_202412.pdf,292,La Merced Don Jacinto,01/12/2024,31/12/2024,23/12/2024,2.63,9.83,38.3,0.0,59.8,3.53,14.0,6.76,,,
qc_202412.pdf,292,La Merced Don Jacinto,01/12/2024,31/12/2024,24/12/2024,2.72,9.83,38.2,0.0,59.7,3.53,14.0,6.69,,,
qc_202412.pdf,292,La Merced Don Jacinto,01/12/2024,31/12/2024,24/12/2024,2.69,9.73,36.3,0.0,57.3,3.52,14.0,6.78,,,
qc_202412.pdf,292,La Merced Don Jacinto,01/12/2024,31/12/2024,25/12/2024,2.83,9.88,38.3,0.0,59.0,3.55,14.0,6.73,776000.0,17000.0,
qc_202412.pdf,292,La Merced Don Jacinto,01/12/2024,31/12/2024,25/12/2024,2.74,9.74,36.2,0.0,57.3,3.52,14.0,6.67,776000.0,17000.0,
qc_202412.pdf,292,La Merced Don Jacinto,01/12/2024,31/12/2024,26/12/2024,2.62,9.55,35.6,0.0,56.1,3.45,14.0,6.72,721000.0,10000.0,
qc_202412.pdf,292,La Merced Don Jacinto,01/12/2024,31/12/2024,29/12/2024,2.78,9.64,37.4,0.0,57.4,3.46,14.0,6.79,,,
qc_202412.pdf,292,La Merced Don Jacinto,01/12/2024,31/12/2024,30/12/2024,2.82,9.51,35.2,0.0,55.7,3.44,14.0,6.78,,,
qc_202412.pdf,292,La Merced Don Jacinto,01/12/2024,31/12/2024,30/12/2024,2.76,9.54,37.0,0.0,57.8,3.42,14.0,6.76,,,
qc_202412.pdf,292,La Merced Don Jacinto,01/12/2024,31/12/2024,31/12/2024,2.64,9.46,35.2,0.0,55.5,3.42,14.0,6.76,,,
qc_202501.pdf,292,La Merced Don Jacinto,01/01/2025,31/01/2025,01/01/2025,2.74,9.69,36.0,0.0,57.0,3.51,14.0,6.75,,,
qc_202501.pdf,292,La Merced Don Jacinto,01/01/2025,31/01/2025,02/01/2025,2.74,9.7,37.7,0.0,58.8,3.48,14.0,6.76,,,
qc_202501.pdf,292,La Merced Don Jacinto,01/01/2025,31/01/2025,03/01/2025,2.68,9.57,35.6,0.0,56.2,3.46,14.0,6.78,574000.0,15000.0,
qc_202501.pdf,292,La Merced Don Jacinto,01/01/2025,31/01/2025,04/01/2025,3.51,9.65,36.8,0.0,58.0,3.47,14.0,6.68,,,
qc_202501.pdf,292,La Merced Don Jacinto,01/01/2025,31/01/2025,04/01/2025,2.91,9.57,35.4,0.0,56.1,3.46,14.0,6.7,,,
qc_202501.pdf,292,La Merced Don Jacinto,01/01/2025,31/01/2025,05/01/2025,2.73,9.77,38.0,0.0,57.3,3.51,14.0,6.73,,,
qc_202501.pdf,292,La Merced Don Jacinto,01/01/2025,31/01/2025,05/01/2025,2.8,9.78,37.9,0.0,59.4,3.51,14.0,6.75,,,
qc_202501.pdf,292,La Merced Don Jacinto,01/01/2025,31/01/2025,05/01/2025,2.61,9.62,35.9,0.0,56.6,3.48,14.0,6.75,,,
qc_202501.pdf,292,La Merced Don Jacinto,01/01/2025,31/01/2025,06/01/2025,2.69,9.63,35.8,0.0,56.6,3.48,14.0,6.76,,,
qc_202501.pdf,292,La Merced Don Jacinto,01/01/2025,31/01/2025,07/01/2025,2.98,9.72,37.6,0.0,58.3,3.69,14.0,6.79,,,
qc_202501.pdf,292,La Merced Don Jacinto,01/01/2025,31/01/2025,07/01/2025,2.72,9.67,37.6,0.0,58.7,3.47,14.0,6.78,,,
qc_202501.pdf,292,La Merced Don Jacinto,01/01/2025,31/01/2025,07/01/2025,2.69,9.6,35.7,0.0,56.4,3.47,14.0,6.78,,,
qc_202501.pdf,292,La Merced Don Jacinto,01/01/2025,31/01/2025,08/01/2025,2.79,9.68,35.9,0.0,56.9,3.58,14.0,6.78,,,
qc_202501.pdf,292,La Merced Don Jacinto,01/01/2025,31/01/2025,08/01/2025,2.92,9.79,36.3,0.0,57.5,3.54,14.0,6.78,,,
qc_202501.pdf,292,La Merced Don Jacinto,01/01/2025,31/01/2025,09/01/2025,2.94,9.92,38.4,0.0,58.2,3.57,14.0,6.74,,,
qc_202501.pdf,292,La Merced Don Jacinto,01/01/2025,31/01/2025,09/01/2025,2.99,9.97,38.5,0.0,59.5,3.59,14.0,6.77,,,
qc_202501.pdf,292,La Merced Don Jacinto,01/01/2025,31/01/2025,10/01/2025,2.85,9.72,36.1,0.0,57.1,3.52,14.0,6.75,654000.0,41000.0,
qc_202501.pdf,292,La Merced Don Jacinto,01/01/2025,31/01/2025,11/01/2025,3.12,9.59,36.9,0.0,57.9,3.45,14.0,6.79,,,
qc_202501.pdf,292,La Merced Don Jacinto,01/01/2025,31/01/2025,11/01/2025,2.87,9.48,35.1,0.0,55.5,3.43,14.0,6.8,,,
qc_202501.pdf,292,La Merced Don Jacinto,01/01/2025,31/01/2025,12/01/2025,2.84,9.6,35.6,0.0,56.3,3.47,14.0,6.77,,,
qc_202501.pdf,292,La Merced Don Jacinto,01/01/2025,31/01/2025,12/01/2025,2.88,9.74,37.7,0.0,59.0,3.56,14.0,6.78,,,
qc_202501.pdf,292,La Merced Don Jacinto,01/01/2025,31/01/2025,13/01/2025,2.84,9.53,35.3,0.0,55.9,3.45,14.0,6.67,,,
qc_202501.pdf,292,La Merced Don Jacinto,01/01/2025,31/01/2025,13/01/2025,2.89,9.71,37.6,0.0,58.6,3.49,14.0,6.68,,,
qc_202501.pdf,292,La Merced Don Jacinto,01/01/2025,31/01/2025,14/01/2025,3.12,9.68,37.2,0.0,58.5,3.48,14.0,6.69,,,
qc_202501.pdf,292,La Merced Don Jacinto,01/01/2025,31/01/2025,14/01/2025,3.17,9.52,35.0,0.0,55.6,3.45,14.0,6.7,,,
qc_202501.pdf,292,La Merced Don Jacinto,01/01/2025,31/01/2025,14/01/2025,3.59,9.62,36.8,0.0,54.1,3.48,14.0,6.78,,,
qc_202501.pdf,292,La Merced Don Jacinto,01/01/2025,31/01/2025,15/01/2025,3.0,9.54,35.2,0.0,55.5,3.45,14.0,6.77,753000.0,12000.0,
qc_202501.pdf,292,La Merced Don Jacinto,01/01/2025,31/01/2025,15/01/2025,3.61,9.43,35.8,0.0,56.5,3.39,14.0,6.7,753000.0,12000.0,
qc_202501.pdf,292,La Merced Don Jacinto,01/01/2025,31/01/2025,15/01/2025,3.61,9.43,35.8,0.0,56.5,3.39,14.0,6.7,753000.0,12000.0,
qc_202501.pdf,292,La Merced Don Jacinto,01/01/2025,31/01/2025,16/01/2025,3.04,9.63,35.5,0.0,56.4,3.49,14.0,6.71,706000.0,123000.0,
qc_202501.pdf,292,La Merced Don Jacinto,01/01/2025,31/01/2025,16/01/2025,3.56,9.59,36.5,0.0,57.6,3.45,14.0,6.73,706000.0,123000.0,
qc_202501.pdf,292,La Merced Don Jacinto,01/01/2025,31/01/2025,17/01/2025,3.32,9.38,34.2,0.0,54.6,3.4,14.0,6.73,,,
qc_202501.pdf,292,La Merced Don Jacinto,01/01/2025,31/01/2025,18/01/2025,2.93,9.52,35.4,0.0,55.8,3.44,14.0,6.73,,,
qc_202501.pdf,292,La Merced Don Jacinto,01/01/2025,31/01/2025,18/01/2025,3.1,8.17,32.4,0.0,51.4,3.21,14.0,6.8,,,
qc_202501.pdf,292,La Merced Don Jacinto,01/01/2025,31/01/2025,18/01/2025,3.02,9.63,37.1,0.0,58.2,3.46,14.0,6.72,,,
qc_202501.pdf,292,La Merced Don Jacinto,01/01/2025,31/01/2025,19/01/2025,2.87,9.55,36.9,0.0,57.8,3.43,14.0,6.79,,,
qc_202501.pdf,292,La Merced Don Jacinto,01/01/2025,31/01/2025,19/01/2025,2.94,9.84,38.0,0.0,59.6,3.54,14.0,6.74,,,
qc_202501.pdf,292,La Merced Don Jacinto,01/01/2025,31/01/2025,20/01/2025,2.77,9.6,35.6,0.0,56.4,3.47,14.0,6.74,,,
qc_202501.pdf,292,La Merced Don Jacinto,01/01/2025,31/01/2025,20/01/2025,3.16,9.68,37.2,0.0,58.4,3.48,14.0,6.73,,,
qc_202501.pdf,292,La Merced Don Jacinto,01/01/2025,31/01/2025,21/01/2025,3.03,9.53,35.1,0.0,55.7,3.45,14.0,6.73,,,
qc_202501.pdf,292,La Merced Don Jacinto,01/01/2025,31/01/2025,21/01/2025,2.92,9.72,37.6,0.0,58.9,3.49,14.0,6.74,,,
qc_202501.pdf,292,La Merced Don Jacinto,01/01/2025,31/01/2025,22/01/2025,2.87,9.61,35.6,0.0,56.4,3.48,14.0,6.73,814000.0,9000.0,
qc_202501.pdf,292,La Merced Don Jacinto,01/01/2025,31/01/2025,22/01/2025,2.83,9.67,37.5,0.0,58.6,3.47,14.0,6.77,814000.0,9000.0,
qc_202501.pdf,292,La Merced Don Jacinto,01/01/2025,31/01/2025,23/01/2025,2.97,9.76,33.7,0.0,59.1,3.51,14.0,6.66,936000.0,9000.0,
qc_202501.pdf,292,La Merced Don Jacinto,01/01/2025,31/01/2025,23/01/2025,2.96,9.63,35.6,0.0,56.4,3.49,14.0,6.79,936000.0,9000.0,
qc_202501.pdf,292,La Merced Don Jacinto,01/01/2025,31/01/2025,24/01/2025,2.88,9.67,35.8,0.0,56.8,3.5,14.0,6.68,,,
qc_202501.pdf,292,La Merced Don Jacinto,01/01/2025,31/01/2025,24/01/2025,2.86,9.67,35.8,0.0,56.8,3.5,14.0,6.73,,,
qc_202501.pdf,292,La Merced Don Jacinto,01/01/2025,31/01/2025,25/01/2025,2.87,9.54,36.9,0.0,57.7,3.43,14.0,6.7,,,
qc_202501.pdf,292,La Merced Don Jacinto,01/01/2025,31/01/2025,25/01/2025,2.9,9.82,38.0,0.0,59.5,3.53,14.0,6.76,,,
qc_202501.pdf,292,La Merced Don Jacinto,01/01/2025,31/01/2025,26/01/2025,2.85,9.7,36.0,0.0,57.0,3.51,14.0,6.76,,,
qc_202501.pdf,292,La Merced Don Jacinto,01/01/2025,31/01/2025,27/01/2025,3.27,9.5,34.8,0.0,55.4,3.44,14.0,6.64,,,
qc_202501.pdf,292,La Merced Don Jacinto,01/01/2025,31/01/2025,27/01/2025,3.25,9.73,37.3,0.0,58.7,3.5,14.0,6.67,,,
qc_202501.pdf,292,La Merced Don Jacinto,01/01/2025,31/01/2025,27/01/2025,3.25,9.62,36.9,0.0,58.1,3.46,14.0,6.69,,,
qc_202501.pdf,292,La Merced Don Jacinto,01/01/2025,31/01/2025,28/01/2025,2.94,9.73,37.6,0.0,58.9,3.5,14.0,6.79,,,
qc_202501.pdf,292,La Merced Don Jacinto,01/01/2025,31/01/2025,28/01/2025,3.32,9.63,35.3,0.0,56.1,3.48,14.0,6.66,,,
qc_202501.pdf,292,La Merced Don Jacinto,01/01/2025,31/01/2025,29/01/2025,3.19,9.62,35.2,0.0,56.2,3.48,14.0,6.67,817000.0,12000.0,
qc_202501.pdf,292,La Merced Don Jacinto,01/01/2025,31/01/2025,29/01/2025,2.83,9.59,35.5,0.0,56.3,3.47,14.0,6.8,817000.0,12000.0,
qc_202501.pdf,292,La Merced Don Jacinto,01/01/2025,31/01/2025,30/01/2025,3.04,9.3,37.8,0.0,59.3,3.52,14.0,6.69,847000.0,10000.0,
qc_202501.pdf,292,La Merced Don Jacinto,01/01/2025,31/01/2025,30/01/2025,3.0,9.79,37.8,0.0,59.3,3.52,14.0,6.74,847000.0,10000.0,
qc_202501.pdf,292,La Merced Don Jacinto,01/01/2025,31/01/2025,31/01/2025,2.9,9.64,35.7,0.0,56.6,3.49,14.0,6.74,,,
qc_202502.pdf,292,La Merced Don Jacinto,01/02/2025,28/02/2025,01/02/2025,2.82,9.61,35.6,0.0,56.4,3.48,14.0,6.7,,,
qc_202502.pdf,292,La Merced Don Jacinto,01/02/2025,28/02/2025,02/02/2025,3.05,9.71,37.1,0.0,50.3,3.4,14.0,6.67,,,
qc_202502.pdf,292,La Merced Don Jacinto,01/02/2025,28/02/2025,03/02/2025,2.8,9.75,37.7,0.0,59.1,3.5,14.0,6.8,,,
qc_202502.pdf,292,La Merced Don Jacinto,01/02/2025,28/02/2025,03/02/2025,3.04,9.99,37.0,0.0,58.8,3.62,14.0,6.78,,,
qc_202502.pdf,292,La Merced Don Jacinto,01/02/2025,28/02/2025,04/02/2025,2.78,9.57,35.5,0.0,56.2,3.46,14.0,6.8,,,
qc_202502.pdf,292,La Merced Don Jacinto,01/02/2025,28/02/2025,04/02/2025,2.76,9.62,35.7,0.0,56.5,3.48,14.0,6.8,,,
qc_202502.pdf,292,La Merced Don Jacinto,01/02/2025,28/02/2025,05/02/2025,2.7,9.42,36.8,0.0,57.0,3.38,14.0,6.78,717000.0,11000.0,
qc_202502.pdf,292,La Merced Don Jacinto,01/02/2025,28/02/2025,05/02/2025,2.85,9.68,36.9,0.0,57.8,3.48,14.0,6.75,717000.0,11000.0,
qc_202502.pdf,292,La Merced Don Jacinto,01/02/2025,28/02/2025,06/02/2025,2.87,9.7,37.5,0.0,58.0,3.49,14.0,6.75,686000.0,10000.0,
qc_202502.pdf,292,La Merced Don Jacinto,01/02/2025,28/02/2025,06/02/2025,3.12,9.93,39.6,0.0,59.3,3.7,14.0,6.79,686000.0,10000.0,
qc_202502.pdf,292,La Merced Don Jacinto,01/02/2025,28/02/2025,07/02/2025,2.92,9.91,37.6,0.0,59.6,3.66,14.0,6.78,,,
qc_202502.pdf,292,La Merced Don Jacinto,01/02/2025,28/02/2025,08/02/2025,3.09,9.9,38.7,0.0,57.8,3.61,14.0,6.8,,,
qc_202502.pdf,292,La Merced Don Jacinto,01/02/2025,28/02/2025,08/02/2025,3.26,9.55,35.8,0.0,55.7,3.46,14.0,6.69,,,
qc_202502.pdf,292,La Merced Don Jacinto,01/02/2025,28/02/2025,09/02/2025,3.15,9.69,36.3,0.0,58.1,3.49,14.0,6.66,,,
qc_202502.pdf,292,La Merced Don Jacinto,01/02/2025,28/02/2025,10/02/2025,3.02,9.79,37.8,0.0,59.2,3.52,14.0,6.76,,,
qc_202502.pdf,292,La Merced Don Jacinto,01/02/2025,28/02/2025,10/02/2025,2.99,9.69,37.4,0.0,58.6,3.48,14.0,6.7,,,
qc_202502.pdf,292,La Merced Don Jacinto,01/02/2025,28/02/2025,11/02/2025,3.01,9.57,33.1,0.0,56.0,3.46,14.0,6.66,,,
qc_202502.pdf,292,La Merced Don Jacinto,01/02/2025,28/02/2025,12/02/2025,3.39,9.7,37.1,0.0,58.4,3.49,14.0,6.7,11000.0,,
qc_202502.pdf,292,La Merced Don Jacinto,01/02/2025,28/02/2025,12/02/2025,2.96,8.95,31.2,0.0,49.2,3.67,14.0,6.79,11000.0,,
qc_202502.pdf,292,La Merced Don Jacinto,01/02/2025,28/02/2025,13/02/2025,2.89,9.56,35.4,0.0,56.0,3.46,14.0,6.8,490000.0,,
qc_202502.pdf,292,La Merced Don Jacinto,01/02/2025,28/02/2025,13/02/2025,3.28,9.69,37.1,0.0,53.1,3.49,14.0,6.66,490000.0,,
qc_202502.pdf,292,La Merced Don Jacinto,01/02/2025,28/02/2025,14/02/2025,2.95,9.73,37.6,0.0,58.9,3.5,14.0,6.8,,,
qc_202502.pdf,292,La Merced Don Jacinto,01/02/2025,28/02/2025,14/02/2025,2.93,9.82,38.0,0.0,59.1,3.35,14.0,6.66,,,
qc_202502.pdf,292,La Merced Don Jacinto,01/02/2025,28/02/2025,15/02/2025,2.98,9.34,34.5,0.0,56.3,3.46,14.0,6.66,,,
qc_202502.pdf,292,La Merced Don Jacinto,01/02/2025,28/02/2025,16/02/2025,2.97,9.89,38.2,0.0,59.9,3.56,14.0,6.8,,,
qc_202502.pdf,292,La Merced Don Jacinto,01/02/2025,28/02/2025,16/02/2025,2.89,9.72,37.6,0.0,58.9,3.49,14.0,6.78,,,
qc_202502.pdf,292,La Merced Don Jacinto,01/02/2025,28/02/2025,17/02/2025,2.88,9.64,35.7,0.0,56.6,3.49,14.0,6.78,,,
qc_202502.pdf,292,La Merced Don Jacinto,01/02/2025,28/02/2025,18/02/2025,3.04,9.76,37.6,0.0,59.0,3.51,14.0,6.76,,,
qc_202502.pdf,292,La Merced Don Jacinto,01/02/2025,28/02/2025,18/02/2025,3.48,9.71,37.0,0.0,58.9,3.49,14.0,6.67,,,
qc_202502.pdf,292,La Merced Don Jacinto,01/02/2025,28/02/2025,19/02/2025,3.45,9.69,35.4,0.0,56.5,3.51,14.0,6.68,708000.0,9000.0,
qc_202502.pdf,292,La Merced Don Jacinto,01/02/2025,28/02/2025,20/02/2025,3.66,9.79,37.2,0.0,58.8,3.53,14.0,6.69,796000.0,10000.0,
qc_202502.pdf,292,La Merced Don Jacinto,01/02/2025,28/02/2025,20/02/2025,3.42,9.82,37.5,0.0,59.1,3.53,14.0,6.74,796000.0,10000.0,
qc_202502.pdf,292,La Merced Don Jacinto,01/02/2025,28/02/2025,21/02/2025,2.93,9.59,35.5,0.0,56.2,3.47,14.0,6.67,,,
qc_202502.pdf,292,La Merced Don Jacinto,01/02/2025,28/02/2025,22/02/2025,3.25,9.78,37.5,0.0,59.0,3.52,14.0,6.77,,,
qc_202502.pdf,292,La Merced Don Jacinto,01/02/2025,28/02/2025,22/02/2025,3.06,9.79,37.7,0.0,59.2,3.52,14.0,6.77,,,
qc_202502.pdf,292,La Merced Don Jacinto,01/02/2025,28/02/2025,23/02/2025,3.11,9.61,35.4,0.0,56.2,3.48,14.0,6.76,,,
qc_202502.pdf,292,La Merced Don Jacinto,01/02/2025,28/02/2025,24/02/2025,3.28,9.78,37.5,0.0,59.0,3.52,14.0,6.75,,,
qc_202502.pdf,292,La Merced Don Jacinto,01/02/2025,28/02/2025,24/02/2025,3.14,9.63,35.4,0.0,56.3,3.49,14.0,6.66,,,
qc_202502.pdf,292,La Merced Don Jacinto,01/02/2025,28/02/2025,25/02/2025,3.13,9.87,37.7,0.0,59.3,3.53,14.0,6.68,,,
qc_202502.pdf,292,La Merced Don Jacinto,01/02/2025,28/02/2025,26/02/2025,3.22,9.79,37.6,0.0,59.1,3.52,14.0,6.74,857000.0,10000.0,
qc_202502.pdf,292,La Merced Don Jacinto,01/02/2025,28/02/2025,26/02/2025,3.87,9.67,36.5,0.0,57.9,3.48,14.0,6.65,857000.0,10000.0,
qc_202502.pdf,292,La Merced Don Jacinto,01/02/2025,28/02/2025,27/02/2025,3.53,9.62,35.0,0.0,56.0,3.49,14.0,6.65,935000.0,10000.0,
qc_202502.pdf,292,La Merced Don Jacinto,01/02/2025,28/02/2025,28/02/2025,3.26,9.96,38.2,0.0,59.2,3.59,14.0,6.72,,,
qc_202503.pdf,292,La Merced Don Jacinto,01/03/2025,31/03/2025,01/03/2025,3.14,9.53,36.6,0.0,57.5,3.42,14.0,6.75,,,
qc_202503.pdf,292,La Merced Don Jacinto,01/03/2025,31/03/2025,02/03/2025,3.4,9.91,38.8,0.0,59.1,3.65,14.0,6.75,,,
qc_202503.pdf,292,La Merced Don Jacinto,01/03/2025,31/03/2025,03/03/2025,3.37,8.89,37.9,0.0,59.6,3.56,14.0,6.76,,,
qc_202503.pdf,292,La Merced Don Jacinto,01/03/2025,31/03/2025,04/03/2025,3.53,10.0,38.2,0.0,60.2,3.6,14.0,6.66,,,
qc_202503.pdf,292,La Merced Don Jacinto,01/03/2025,31/03/2025,05/03/2025,3.86,9.74,34.7,0.0,56.1,3.54,14.0,6.66,,,
qc_202503.pdf,292,La Merced Don Jacinto,01/03/2025,31/03/2025,06/03/2025,3.97,9.82,37.0,0.0,58.7,3.54,14.0,6.74,775000.0,12000.0,
qc_202503.pdf,292,La Merced Don Jacinto,01/03/2025,31/03/2025,07/03/2025,3.86,9.77,34.9,0.0,56.3,3.55,14.0,6.7,,,
qc_202503.pdf,292,La Merced Don Jacinto,01/03/2025,31/03/2025,08/03/2025,3.69,9.17,33.4,0.0,54.0,3.31,14.0,6.78,,,
qc_202503.pdf,292,La Merced Don Jacinto,01/03/2025,31/03/2025,09/03/2025,4.0,9.7,36.2,0.0,57.7,3.5,14.0,6.79,,,
qc_202503.pdf,292,La Merced Don Jacinto,01/03/2025,31/03/2025,10/03/2025,3.95,9.68,36.5,0.0,57.1,3.49,14.0,6.67,,,
qc_202503.pdf,292,La Merced Don Jacinto,01/03/2025,31/03/2025,11/03/2025,3.61,9.61,36.5,0.0,57.7,3.46,14.0,6.75,,,
qc_202503.pdf,292,La Merced Don Jacinto,01/03/2025,31/03/2025,12/03/2025,3.44,9.32,37.1,0.0,58.5,3.5,14.0,6.69,,,
qc_202503.pdf,292,La Merced Don Jacinto,01/03/2025,31/03/2025,13/03/2025,3.45,9.78,37.3,0.0,58.9,3.52,14.0,6.75,972000.0,10000.0,
qc_202503.pdf,292,La Merced Don Jacinto,01/03/2025,31/03/2025,14/03/2025,3.82,9.71,36.0,0.0,56.1,3.5,14.0,6.67,,,
qc_202503.pdf,292,La Merced Don Jacinto,01/03/2025,31/03/2025,14/03/2025,3.47,9.74,37.2,0.0,58.6,3.51,14.0,6.76,,,
qc_202503.pdf,292,La Merced Don Jacinto,01/03/2025,31/03/2025,15/03/2025,3.42,9.74,35.6,0.0,56.8,3.53,14.0,6.76,,,
qc_202503.pdf,292,La Merced Don Jacinto,01/03/2025,31/03/2025,16/03/2025,3.53,9.98,38.1,0.0,60.1,3.6,14.0,6.7,,,
qc_202503.pdf,292,La Merced Don Jacinto,01/03/2025,31/03/2025,16/03/2025,3.37,9.68,35.4,0.0,56.5,3.51,14.0,6.81,,,
qc_202503.pdf,292,La Merced Don Jacinto,01/03/2025,31/03/2025,17/03/2025,3.74,10.2,37.2,0.0,59.4,3.7,14.0,6.71,,,
qc_202503.pdf,292,La Merced Don Jacinto,01/03/2025,31/03/2025,17/03/2025,3.47,9.68,36.4,0.0,56.8,3.57,14.0,6.76,,,
qc_202503.pdf,292,La Merced Don Jacinto,01/03/2025,31/03/2025,18/03/2025,3.63,9.58,34.8,0.0,55.7,3.48,14.0,6.74,,,
qc_202503.pdf,292,La Merced Don Jacinto,01/03/2025,31/03/2025,18/03/2025,3.69,9.73,36.9,0.0,58.4,3.5,14.0,6.71,,,
qc_202503.pdf,292,La Merced Don Jacinto,01/03/2025,31/03/2025,19/03/2025,3.59,9.66,35.0,0.0,56.2,3.56,14.0,6.66,741000.0,14000.0,
qc_202503.pdf,292,La Merced Don Jacinto,01/03/2025,31/03/2025,19/03/2025,3.5,9.67,36.9,0.0,58.1,3.48,14.0,6.73,741000.0,14000.0,
qc_202503.pdf,292,La Merced Don Jacinto,01/03/2025,31/03/2025,20/03/2025,3.75,9.59,36.3,0.0,57.4,3.49,14.0,6.68,699000.0,10000.0,
qc_202503.pdf,292,La Merced Don Jacinto,01/03/2025,31/03/2025,20/03/2025,4.1,9.71,34.9,0.0,56.1,3.53,14.0,6.71,699000.0,10000.0,
qc_202503.pdf,292,La Merced Don Jacinto,01/03/2025,31/03/2025,21/03/2025,3.77,9.69,36.7,0.0,58.1,3.49,14.0,6.72,,,
qc_202503.pdf,292,La Merced Don Jacinto,01/03/2025,31/03/2025,21/03/2025,3.89,9.57,34.5,0.0,55.4,3.47,14.0,6.74,,,
qc_202503.pdf,292,La Merced Don Jacinto,01/03/2025,31/03/2025,22/03/2025,4.02,9.5,35.7,0.0,56.7,3.42,14.0,6.72,,,
qc_202503.pdf,292,La Merced Don Jacinto,01/03/2025,31/03/2025,22/03/2025,3.27,9.57,35.1,0.0,55.9,3.47,14.0,6.74,,,
qc_202503.pdf,292,La Merced Don Jacinto,01/03/2025,31/03/2025,23/03/2025,3.14,9.51,34.9,0.0,55.5,3.44,14.0,6.74,,,
qc_202503.pdf,292,La Merced Don Jacinto,01/03/2025,31/03/2025,24/03/2025,3.56,9.64,35.7,0.0,56.3,3.48,14.0,6.66,,,
qc_202503.pdf,292,La Merced Don Jacinto,01/03/2025,31/03/2025,24/03/2025,3.24,9.56,35.0,0.0,55.8,3.46,14.0,6.75,,,
qc_202503.pdf,292,La Merced Don Jacinto,01/03/2025,31/03/2025,25/03/2025,3.27,9.64,35.4,0.0,56.3,3.49,14.0,6.66,,,
qc_202503.pdf,292,La Merced Don Jacinto,01/03/2025,31/03/2025,25/03/2025,3.28,9.66,37.6,0.0,58.2,3.47,14.0,6.67,,,
qc_202503.pdf,292,La Merced Don Jacinto,01/03/2025,31/03/2025,26/03/2025,3.17,9.33,37.4,0.0,58.7,3.5,14.0,6.66,428000.0,35000.0,
qc_202503.pdf,292,La Merced Don Jacinto,01/03/2025,31/03/2025,27/03/2025,3.16,9.68,37.2,0.0,58.4,3.48,14.0,6.78,298000.0,148000.0,
qc_202503.pdf,292,La Merced Don Jacinto,01/03/2025,31/03/2025,27/03/2025,3.23,9.65,37.0,0.0,58.2,3.37,14.0,6.66,298000.0,148000.0,
qc_202503.pdf,292,La Merced Don Jacinto,01/03/2025,31/03/2025,28/03/2025,3.24,9.62,35.3,0.0,54.2,3.68,14.0,6.69,,,
qc_202503.pdf,292,La Merced Don Jacinto,01/03/2025,31/03/2025,28/03/2025,3.12,9.48,34.8,0.0,55.4,3.43,14.0,6.75,,,
qc_202503.pdf,292,La Merced Don Jacinto,01/03/2025,31/03/2025,29/03/2025,3.17,9.4,34.5,0.0,54.8,3.4,14.0,6.74,,,
qc_202503.pdf,292,La Merced Don Jacinto,01/03/2025,31/03/2025,29/03/2025,3.15,9.54,36.6,0.0,57.5,3.43,14.0,6.75,,,
qc_202503.pdf,292,La Merced Don Jacinto,01/03/2025,31/03/2025,30/03/2025,3.23,9.57,36.7,0.0,57.7,3.44,14.0,6.75,,,
qc_202503.pdf,292,La Merced Don Jacinto,01/03/2025,31/03/2025,30/03/2025,3.4,9.71,35.5,0.0,56.7,3.52,14.0,6.66,,,
qc_202503.pdf,292,La Merced Don Jacinto,01/03/2025,31/03/2025,31/03/2025,3.35,9.76,37.4,0.0,58.8,3.51,14.0,6.66,,,
qc_202504-1a.pdf,292,La Merced Don Jacinto,01/04/2025,15/04/2025,01/04/2025,3.23,9.63,35.3,0.0,56.2,3.48,14.0,6.69,,,
qc_202504-1a.pdf,292,La Merced Don Jacinto,01/04/2025,15/04/2025,01/04/2025,3.15,9.65,35.5,0.0,56.4,3.49,14.0,6.79,,,
qc_202504-1a.pdf,292,La Merced Don Jacinto,01/04/2025,15/04/2025,02/04/2025,3.2,9.6,36.8,0.0,57.9,3.45,14.0,6.67,,,
qc_202504-1a.pdf,292,La Merced Don Jacinto,01/04/2025,15/04/2025,02/04/2025,3.19,9.74,37.4,0.0,58.8,3.5,14.0,6.76,,,
qc_202504-1a.pdf,292,La Merced Don Jacinto,01/04/2025,15/04/2025,03/04/2025,3.42,9.79,37.4,0.0,59.9,3.52,14.0,6.79,336000.0,9000.0,
qc_202504-1a.pdf,292,La Merced Don Jacinto,01/04/2025,15/04/2025,03/04/2025,3.52,9.68,35.3,0.0,56.4,3.51,14.0,6.76,336000.0,9000.0,
qc_202504-1a.pdf,292,La Merced Don Jacinto,01/04/2025,15/04/2025,04/04/2025,3.46,9.68,36.9,0.0,58.2,3.48,14.0,6.69,,,
qc_202504-1a.pdf,292,La Merced Don Jacinto,01/04/2025,15/04/2025,04/04/2025,3.51,9.8,35.8,0.0,57.2,3.55,14.0,6.76,,,
qc_202504-1a.pdf,292,La Merced Don Jacinto,01/04/2025,15/04/2025,05/04/2025,3.41,9.71,35.5,0.0,56.7,3.52,14.0,6.7,,,
qc_202504-1a.pdf,292,La Merced Don Jacinto,01/04/2025,15/04/2025,05/04/2025,3.31,9.68,37.1,0.0,58.5,3.48,14.0,6.65,,,
qc_202504-1a.pdf,292,La Merced Don Jacinto,01/04/2025,15/04/2025,06/04/2025,3.59,9.86,37.5,0.0,59.3,3.55,14.0,6.76,,,
qc_202504-1a.pdf,292,La Merced Don Jacinto,01/04/2025,15/04/2025,06/04/2025,3.54,9.61,35.0,0.0,55.9,3.48,14.0,6.66,,,
qc_202504-1a.pdf,292,La Merced Don Jacinto,01/04/2025,15/04/2025,07/04/2025,3.36,9.83,36.0,0.0,57.5,3.56,14.0,6.77,,,
qc_202504-1a.pdf,292,La Merced Don Jacinto,01/04/2025,15/04/2025,08/04/2025,3.44,9.6,36.6,0.0,57.7,3.45,14.0,6.67,,,
qc_202504-1a.pdf,292,La Merced Don Jacinto,01/04/2025,15/04/2025,08/04/2025,3.42,9.74,37.2,0.0,58.6,3.51,14.0,6.68,,,
qc_202504-1a.pdf,292,La Merced Don Jacinto,01/04/2025,15/04/2025,08/04/2025,3.38,9.63,35.2,0.0,56.2,3.49,14.0,6.7,,,
qc_202504-1a.pdf,292,La Merced Don Jacinto,01/04/2025,15/04/2025,09/04/2025,3.36,9.61,35.1,0.0,56.1,3.48,14.0,6.69,455000.0,19000.0,
qc_202504-1a.pdf,292,La Merced Don Jacinto,01/04/2025,15/04/2025,09/04/2025,3.82,9.43,34.0,0.0,54.6,3.61,14.0,6.66,455000.0,19000.0,
qc_202504-1a.pdf,292,La Merced Don Jacinto,01/04/2025,15/04/2025,10/04/2025,3.42,9.72,37.2,0.0,58.5,3.6,14.0,6.6,10000.0,,
qc_202504-1a.pdf,292,La Merced Don Jacinto,01/04/2025,15/04/2025,10/04/2025,3.4,9.72,37.1,0.0,58.6,3.5,14.0,6.73,10000.0,,
qc_202504-1a.pdf,292,La Merced Don Jacinto,01/04/2025,15/04/2025,11/04/2025,3.24,9.68,37.1,0.0,58.4,3.48,14.0,6.76,,,
qc_202504-1a.pdf,292,La Merced Don Jacinto,01/04/2025,15/04/2025,11/04/2025,3.39,9.64,35.2,0.0,56.2,3.49,14.0,6.74,,,
qc_202504-1a.pdf,292,La Merced Don Jacinto,01/04/2025,15/04/2025,12/04/2025,3.08,9.43,34.7,0.0,55.5,3.41,14.0,6.78,,,
qc_202504-1a.pdf,292,La Merced Don Jacinto,01/04/2025,15/04/2025,12/04/2025,3.26,9.49,34.7,0.0,55.3,3.44,14.0,6.78,,,
qc_202504-1a.pdf,292,La Merced Don Jacinto,01/04/2025,15/04/2025,13/04/2025,3.45,9.7,37.0,0.0,58.4,3.49,14.0,6.73,,,
qc_202504-1a.pdf,292,La Merced Don Jacinto,01/04/2025,15/04/2025,13/04/2025,3.39,9.49,34.6,0.0,55.3,3.44,14.0,6.81,,,
qc_202504-1a.pdf,292,La Merced Don Jacinto,01/04/2025,15/04/2025,14/04/2025,3.19,9.49,34.8,0.0,55.4,3.44,14.0,6.7,,,
qc_202504-1a.pdf,292,La Merced Don Jacinto,01/04/2025,15/04/2025,14/04/2025,3.43,9.61,36.7,0.0,57.8,3.46,14.0,6.67,,,
qc_202504-1a.pdf,292,La Merced Don Jacinto,01/04/2025,15/04/2025,15/04/2025,3.65,9.65,35.0,0.0,56.1,3.5,14.0,6.7,,,
qc_202505.pdf,292,La Merced Don Jacinto,01/05/2025,31/05/2025,01/05/2025,3.98,9.5,34.1,0.0,54.9,3.45,14.0,6.67,,,
qc_202505.pdf,292,La Merced Don Jacinto,01/05/2025,31/05/2025,01/05/2025,3.23,9.64,35.4,0.0,56.3,3.49,14.0,6.7,,,
qc_202505.pdf,292,La Merced Don Jacinto,01/05/2025,31/05/2025,02/05/2025,3.17,9.67,35.6,0.0,56.6,3.5,14.0,6.7,,,(+) (+)
qc_202505.pdf,292,La Merced Don Jacinto,01/05/2025,31/05/2025,02/05/2025,3.63,9.62,34.9,0.0,55.9,3.49,14.0,6.68,,,(+) (+)
qc_202505.pdf,292,La Merced Don Jacinto,01/05/2025,31/05/2025,03/05/2025,3.98,9.77,35.0,0.0,56.4,3.55,14.0,6.68,,,(+) (+)
qc_202505.pdf,292,La Merced Don Jacinto,01/05/2025,31/05/2025,03/05/2025,3.82,9.46,34.7,0.0,55.7,3.48,14.0,6.69,,,(+) (+)
qc_202505.pdf,292,La Merced Don Jacinto,01/05/2025,31/05/2025,04/05/2025,3.11,9.58,35.3,0.0,56.0,3.47,14.0,6.74,,,
qc_202505.pdf,292,La Merced Don Jacinto,01/05/2025,31/05/2025,04/05/2025,3.73,9.63,34.9,0.0,55.4,3.49,14.0,6.67,,,(+) (+)
qc_202505.pdf,292,La Merced Don Jacinto,01/05/2025,31/05/2025,05/05/2025,3.77,9.73,35.3,0.0,56.5,3.53,14.0,6.69,,,
qc_202505.pdf,292,La Merced Don Jacinto,01/05/2025,31/05/2025,05/05/2025,3.35,9.69,35.5,0.0,56.6,3.51,14.0,6.76,,,
qc_202505.pdf,292,La Merced Don Jacinto,01/05/2025,31/05/2025,06/05/2025,3.2,9.75,35.8,0.0,57.1,3.53,14.0,6.74,,,
qc_202505.pdf,292,La Merced Don Jacinto,01/05/2025,31/05/2025,06/05/2025,3.6,9.64,35.0,0.0,56.1,3.49,14.0,6.66,,,
qc_202505.pdf,292,La Merced Don Jacinto,01/05/2025,31/05/2025,07/05/2025,3.3,9.6,35.1,0.0,56.1,3.48,14.0,6.67,376000.0,11000.0,
qc_202505.pdf,292,La Merced Don Jacinto,01/05/2025,31/05/2025,07/05/2025,3.26,9.68,35.5,0.0,56.6,3.51,14.0,6.76,376000.0,11000.0,
qc_202505.pdf,292,La Merced Don Jacinto,01/05/2025,31/05/2025,08/05/2025,3.1,9.66,33.6,0.0,56.6,3.5,14.0,6.73,818000.0,11000.0,
qc_202505.pdf,292,La Merced Don Jacinto,01/05/2025,31/05/2025,08/05/2025,3.15,9.63,35.4,0.0,56.3,3.49,14.0,6.66,818000.0,11000.0,
qc_202505.pdf,292,La Merced Don Jacinto,01/05/2025,31/05/2025,09/05/2025,2.99,9.47,34.9,0.0,55.4,3.43,14.0,6.74,,,
qc_202505.pdf,292,La Merced Don Jacinto,01/05/2025,31/05/2025,09/05/2025,3.02,9.67,34.9,0.0,55.3,3.43,14.0,6.67,,,
qc_202505.pdf,292,La Merced Don Jacinto,01/05/2025,31/05/2025,10/05/2025,3.36,9.63,35.1,0.0,56.1,3.49,14.0,6.69,,,
qc_202505.pdf,292,La Merced Don Jacinto,01/05/2025,31/05/2025,10/05/2025,3.1,9.62,35.4,0.0,55.9,3.48,14.0,6.78,,,
qc_202505.pdf,292,La Merced Don Jacinto,01/05/2025,31/05/2025,11/05/2025,3.11,9.67,35.6,0.0,56.6,3.5,14.0,6.77,,,
qc_202505.pdf,292,La Merced Don Jacinto,01/05/2025,31/05/2025,11/05/2025,3.83,9.66,34.9,0.0,56.0,3.5,14.0,6.72,,,
qc_202505.pdf,292,La Merced Don Jacinto,01/05/2025,31/05/2025,12/05/2025,4.49,9.38,33.2,0.0,53.9,3.41,14.0,6.7,,,
qc_202505.pdf,292,La Merced Don Jacinto,01/05/2025,31/05/2025,12/05/2025,3.79,9.69,35.1,0.0,56.3,3.52,14.0,6.69,,,
qc_202505.pdf,292,La Merced Don Jacinto,01/05/2025,31/05/2025,13/05/2025,4.22,9.52,34.0,0.0,54.9,3.46,14.0,6.69,,,
qc_202505.pdf,292,La Merced Don Jacinto,01/05/2025,31/05/2025,13/05/2025,3.76,9.54,34.5,0.0,55.3,3.46,14.0,6.68,,,
qc_202505.pdf,292,La Merced Don Jacinto,01/05/2025,31/05/2025,14/05/2025,3.52,9.72,35.5,0.0,56.6,3.52,14.0,6.67,550000.0,31000.0,
qc_202505.pdf,292,La Merced Don Jacinto,01/05/2025,31/05/2025,14/05/2025,3.73,9.61,34.8,0.0,55.8,3.48,14.0,6.69,550000.0,31000.0,
qc_202505.pdf,292,La Merced Don Jacinto,01/05/2025,31/05/2025,15/05/2025,3.58,9.68,35.2,0.0,56.3,3.51,14.0,6.68,638000.0,41000.0,
qc_202505.pdf,292,La Merced Don Jacinto,01/05/2025,31/05/2025,15/05/2025,3.25,9.57,35.1,0.0,55.9,3.47,14.0,6.69,638000.0,41000.0,
qc_202505.pdf,292,La Merced Don Jacinto,01/05/2025,31/05/2025,16/05/2025,,,,,,,14.0,6.82,,,
qc_202505.pdf,292,La Merced Don Jacinto,01/05/2025,31/05/2025,16/05/2025,3.4,9.59,35.0,0.0,55.9,3.47,14.0,6.69,,,
qc_202505.pdf,292,La Merced Don Jacinto,01/05/2025,31/05/2025,17/05/2025,,,,,,,14.0,6.82,,,
qc_202505.pdf,292,La Merced Don Jacinto,01/05/2025,31/05/2025,17/05/2025,3.21,9.29,35.2,0.0,56.0,3.47,14.0,6.77,,,
qc_202505.pdf,292,La Merced Don Jacinto,01/05/2025,31/05/2025,18/05/2025,3.46,9.6,35.0,0.0,55.0,3.58,14.0,6.66,,,
qc_202505.pdf,292,La Merced Don Jacinto,01/05/2025,31/05/2025,18/05/2025,3.22,9.63,35.3,0.0,56.3,3.49,14.0,6.8,,,
qc_202505.pdf,292,La Merced Don Jacinto,01/05/2025,31/05/2025,19/05/2025,4.0,9.48,33.9,0.0,54.7,3.44,14.0,6.66,,,
qc_202505.pdf,292,La Merced Don Jacinto,01/05/2025,31/05/2025,19/05/2025,3.35,9.56,35.0,0.0,55.7,3.46,14.0,6.79,,,
qc_202505.pdf,292,La Merced Don Jacinto,01/05/2025,31/05/2025,20/05/2025,3.12,9.64,35.5,0.0,56.4,3.49,14.0,6.69,,,
qc_202505.pdf,292,La Merced Don Jacinto,01/05/2025,31/05/2025,20/05/2025,3.29,9.69,35.5,0.0,56.6,3.51,14.0,6.78,,,
qc_202505.pdf,292,La Merced Don Jacinto,01/05/2025,31/05/2025,21/05/2025,3.32,9.63,35.3,0.0,56.2,3.49,14.0,6.66,562000.0,8000.0,
qc_202505.pdf,292,La Merced Don Jacinto,01/05/2025,31/05/2025,21/05/2025,3.24,9.64,35.4,0.0,56.3,3.3,14.0,6.67,562000.0,8000.0,
qc_202505.pdf,292,La Merced Don Jacinto,01/05/2025,31/05/2025,22/05/2025,3.34,9.61,35.2,0.0,56.1,3.48,14.0,6.7,602000.0,10000.0,
qc_202505.pdf,292,La Merced Don Jacinto,01/05/2025,31/05/2025,22/05/2025,3.26,9.66,35.6,0.0,56.5,3.5,14.0,6.78,602000.0,10000.0,
qc_202505.pdf,292,La Merced Don Jacinto,01/05/2025,31/05/2025,23/05/2025,3.24,9.64,35.5,0.0,56.4,3.49,14.0,6.75,,,
qc_202505.pdf,292,La Merced Don Jacinto,01/05/2025,31/05/2025,23/05/2025,3.16,9.66,35.5,0.0,56.5,3.5,14.0,6.76,,,
qc_202505.pdf,292,La Merced Don Jacinto,01/05/2025,31/05/2025,24/05/2025,3.14,9.66,35.0,0.0,56.5,3.5,14.0,6.76,,,
qc_202505.pdf,292,La Merced Don Jacinto,01/05/2025,31/05/2025,24/05/2025,3.21,9.63,35.4,0.0,56.3,3.49,14.0,6.79,,,
qc_202505.pdf,292,La Merced Don Jacinto,01/05/2025,31/05/2025,25/05/2025,3.84,9.56,34.5,0.0,55.4,3.47,14.0,6.77,,,
qc_202505.pdf,292,La Merced Don Jacinto,01/05/2025,31/05/2025,25/05/2025,3.33,9.55,34.9,0.0,55.7,3.46,14.0,6.73,,,
qc_202505.pdf,292,La Merced Don Jacinto,01/05/2025,31/05/2025,26/05/2025,3.54,9.61,35.0,0.0,55.9,3.48,14.0,6.75,,,
qc_202505.pdf,292,La Merced Don Jacinto,01/05/2025,31/05/2025,26/05/2025,3.45,9.54,34.8,0.0,55.5,3.46,14.0,6.78,,,
qc_202505.pdf,292,La Merced Don Jacinto,01/05/2025,31/05/2025,27/05/2025,3.16,9.59,35.2,0.0,56.1,3.47,14.0,6.77,,,
qc_202505.pdf,292,La Merced Don Jacinto,01/05/2025,31/05/2025,27/05/2025,3.42,9.66,35.3,0.0,56.3,3.5,14.0,6.75,,,
qc_202505.pdf,292,La Merced Don Jacinto,01/05/2025,31/05/2025,28/05/2025,3.4,9.6,35.2,0.0,56.0,3.44,14.0,6.75,776000.0,23000.0,
qc_202505.pdf,292,La Merced Don Jacinto,01/05/2025,31/05/2025,28/05/2025,3.39,9.61,35.2,0.0,56.1,3.48,14.0,6.75,776000.0,23000.0,
qc_202505.pdf,292,La Merced Don Jacinto,01/05/2025,31/05/2025,29/05/2025,3.31,9.61,35.2,0.0,56.1,3.48,14.0,6.78,779000.0,18000.0,
qc_202505.pdf,292,La Merced Don Jacinto,01/05/2025,31/05/2025,29/05/2025,3.2,9.58,35.2,0.0,56.0,3.47,14.0,6.78,779000.0,18000.0,
qc_202505.pdf,292,La Merced Don Jacinto,01/05/2025,31/05/2025,30/05/2025,3.59,10.1,35.8,0.0,57.8,3.66,14.0,6.72,,,
qc_202505.pdf,292,La Merced Don Jacinto,01/05/2025,31/05/2025,30/05/2025,3.9,9.61,34.7,0.0,55.7,3.49,14.0,6.67,,,
qc_202505.pdf,292,La Merced Don Jacinto,01/05/2025,31/05/2025,30/05/2025,3.18,9.62,35.3,0.0,56.2,3.48,14.0,6.77,,,
qc_202505.pdf,292,La Merced Don Jacinto,01/05/2025,31/05/2025,31/05/2025,3.6,9.58,33.9,0.0,55.0,3.48,14.0,6.69,,,
qc_202506.pdf,292,La Merced Don Jacinto,01/06/2025,30/06/2025,01/06/2025,3.81,9.59,34.7,0.0,55.6,3.58,14.0,6.69,,,
qc_202506.pdf,292,La Merced Don Jacinto,01/06/2025,30/06/2025,01/06/2025,3.28,9.67,35.5,0.0,56.5,3.5,14.0,6.67,,,
qc_202506.pdf,292,La Merced Don Jacinto,01/06/2025,30/06/2025,02/06/2025,3.19,9.71,35.7,0.0,56.8,3.52,14.0,6.68,,,
qc_202506.pdf,292,La Merced Don Jacinto,01/06/2025,30/06/2025,02/06/2025,3.19,9.62,35.2,0.0,56.2,3.48,14.0,6.74,,,
qc_202506.pdf,292,La Merced Don Jacinto,01/06/2025,30/06/2025,03/06/2025,3.02,9.47,34.9,0.0,55.3,3.43,14.0,6.73,,,
qc_202506.pdf,292,La Merced Don Jacinto,01/06/2025,30/06/2025,03/06/2025,3.01,9.53,35.1,0.0,55.7,3.45,14.0,6.75,,,
qc_202506.pdf,292,La Merced Don Jacinto,01/06/2025,30/06/2025,04/06/2025,3.02,9.55,35.2,0.0,55.9,3.46,14.0,6.73,,,
qc_202506.pdf,292,La Merced Don Jacinto,01/06/2025,30/06/2025,04/06/2025,3.15,8.92,32.3,0.0,51.6,3.23,14.0,6.76,,,
qc_202506.pdf,292,La Merced Don Jacinto,01/06/2025,30/06/2025,05/06/2025,3.07,9.67,35.7,0.0,56.6,3.5,14.0,6.74,614000.0,19000.0,
qc_202506.pdf,292,La Merced Don Jacinto,01/06/2025,30/06/2025,05/06/2025,3.64,9.66,35.1,0.0,56.2,3.5,14.0,6.69,614000.0,19000.0,
qc_202506.pdf,292,La Merced Don Jacinto,01/06/2025,30/06/2025,06/06/2025,3.4,9.63,35.2,0.0,56.2,3.49,14.0,6.66,,,
qc_202506.pdf,292,La Merced Don Jacinto,01/06/2025,30/06/2025,06/06/2025,3.3,9.66,35.4,0.0,56.4,3.5,14.0,6.85,,,
qc_202506.pdf,292,La Merced Don Jacinto,01/06/2025,30/06/2025,07/06/2025,3.56,9.92,36.2,0.0,57.9,3.6,14.0,6.82,,,
qc_202506.pdf,292,La Merced Don Jacinto,01/06/2025,30/06/2025,07/06/2025,3.17,9.67,35.6,0.0,56.6,3.5,14.0,6.78,,,
qc_202506.pdf,292,La Merced Don Jacinto,01/06/2025,30/06/2025,08/06/2025,3.05,9.62,35.5,0.0,56.3,3.48,14.0,6.79,,,
qc_202506.pdf,292,La Merced Don Jacinto,01/06/2025,30/06/2025,08/06/2025,3.21,9.74,35.8,0.0,57.0,3.53,14.0,6.79,,,
qc_202506.pdf,292,La Merced Don Jacinto,01/06/2025,30/06/2025,09/06/2025,3.19,9.72,35.7,0.0,56.9,3.52,14.0,6.77,,,
qc_202506.pdf,292,La Merced Don Jacinto,01/06/2025,30/06/2025,09/06/2025,3.16,9.69,35.7,0.0,56.7,3.51,14.0,6.77,,,
qc_202506.pdf,292,La Merced Don Jacinto,01/06/2025,30/06/2025,10/06/2025,3.1,9.62,35.4,0.0,56.3,3.48,14.0,6.76,,,
qc_202506.pdf,292,La Merced Don Jacinto,01/06/2025,30/06/2025,10/06/2025,3.08,9.49,34.9,0.0,55.4,3.43,14.0,6.76,,,
qc_202506.pdf,292,La Merced Don Jacinto,01/06/2025,30/06/2025,11/06/2025,3.08,9.71,35.8,0.0,56.9,3.52,14.0,6.76,277000.0,10000.0,
qc_202506.pdf,292,La Merced Don Jacinto,01/06/2025,30/06/2025,11/06/2025,4.03,9.66,34.7,0.0,55.9,3.51,14.0,6.79,277000.0,10000.0,
qc_202506.pdf,292,La Merced Don Jacinto,01/06/2025,30/06/2025,12/06/2025,3.68,9.51,34.5,0.0,55.2,3.45,14.0,6.78,359000.0,13000.0,
qc_202506.pdf,292,La Merced Don Jacinto,01/06/2025,30/06/2025,12/06/2025,3.1,9.74,35.9,0.0,57.1,3.53,14.0,6.77,359000.0,13000.0,
qc_202506.pdf,292,La Merced Don Jacinto,01/06/2025,30/06/2025,13/06/2025,3.63,9.77,35.5,0.0,56.9,3.54,14.0,6.78,,,
qc_202506.pdf,292,La Merced Don Jacinto,01/06/2025,30/06/2025,13/06/2025,3.06,9.75,36.0,0.0,57.2,3.53,14.0,6.79,,,
qc_202506.pdf,292,La Merced Don Jacinto,01/06/2025,30/06/2025,14/06/2025,3.19,9.74,35.0,0.0,57.0,3.53,14.0,6.79,,,
qc_202506.pdf,292,La Merced Don Jacinto,01/06/2025,30/06/2025,14/06/2025,3.03,9.68,35.7,0.0,56.7,3.5,14.0,6.7,,,
qc_202506.pdf,292,La Merced Don Jacinto,01/06/2025,30/06/2025,15/06/2025,3.12,9.83,36.3,0.0,57.7,3.56,14.0,6.72,,,
qc_202506.pdf,292,La Merced Don Jacinto,01/06/2025,30/06/2025,15/06/2025,2.98,9.72,35.9,0.0,57.0,3.52,14.0,6.77,,,
qc_202506.pdf,292,La Merced Don Jacinto,01/06/2025,30/06/2025,16/06/2025,3.07,9.76,36.0,0.0,57.2,3.53,14.0,6.79,,,
qc_202506.pdf,292,La Merced Don Jacinto,01/06/2025,30/06/2025,16/06/2025,3.35,9.61,35.2,0.0,56.1,3.48,14.0,6.67,,,
qc_202506.pdf,292,La Merced Don Jacinto,01/06/2025,30/06/2025,17/06/2025,3.53,9.6,35.0,0.0,55.9,3.68,14.0,6.67,422000.0,10000.0,
qc_202506.pdf,292,La Merced Don Jacinto,01/06/2025,30/06/2025,17/06/2025,3.0,9.72,35.9,0.0,57.0,3.52,14.0,6.78,422000.0,10000.0,
qc_202506.pdf,292,La Merced Don Jacinto,01/06/2025,30/06/2025,18/06/2025,3.0,9.73,36.0,0.0,57.1,3.52,14.0,6.78,474000.0,13000.0,
qc_202506.pdf,292,La Merced Don Jacinto,01/06/2025,30/06/2025,18/06/2025,3.02,9.66,35.7,0.0,56.6,3.5,14.0,6.69,474000.0,13000.0,
qc_202506.pdf,292,La Merced Don Jacinto,01/06/2025,30/06/2025,19/06/2025,3.0,9.6,36.7,0.0,56.6,3.5,14.0,6.67,,,
qc_202506.pdf,292,La Merced Don Jacinto,01/06/2025,30/06/2025,19/06/2025,3.24,9.72,35.7,0.0,56.8,3.52,14.0,6.68,,,
qc_202506.pdf,292,La Merced Don Jacinto,01/06/2025,30/06/2025,20/06/2025,3.86,9.59,34.6,0.0,55.6,3.48,14.0,6.69,,,
qc_202506.pdf,292,La Merced Don Jacinto,01/06/2025,30/06/2025,21/06/2025,2.86,9.54,35.3,0.0,55.9,3.45,14.0,6.75,,,
qc_202506.pdf,292,La Merced Don Jacinto,01/06/2025,30/06/2025,21/06/2025,2.93,9.6,35.5,0.0,56.3,3.47,14.0,6.77,,,
qc_202506.pdf,292,La Merced Don Jacinto,01/06/2025,30/06/2025,21/06/2025,2.74,9.45,35.0,0.0,55.4,3.42,14.0,6.77,,,
qc_202506.pdf,292,La Merced Don Jacinto,01/06/2025,30/06/2025,22/06/2025,3.6,8.97,32.0,0.0,51.7,3.21,14.0,6.81,,,
qc_202506.pdf,292,La Merced Don Jacinto,01/06/2025,30/06/2025,22/06/2025,2.97,9.52,35.7,0.0,56.0,3.46,14.0,6.75,,,
qc_202506.pdf,292,La Merced Don Jacinto,01/06/2025,30/06/2025,23/06/2025,3.33,9.91,37.2,0.0,59.3,3.67,14.0,6.77,,,
qc_202506.pdf,292,La Merced Don Jacinto,01/06/2025,30/06/2025,23/06/2025,3.18,9.76,35.9,0.0,57.2,3.54,14.0,6.81,,,
qc_202506.pdf,292,La Merced Don Jacinto,01/06/2025,30/06/2025,24/06/2025,3.51,9.65,35.2,0.0,56.2,3.5,14.0,6.79,,,
qc_202506.pdf,292,La Merced Don Jacinto,01/06/2025,30/06/2025,24/06/2025,3.33,9.71,35.6,0.0,56.7,3.52,14.0,6.78,,,
qc_202506.pdf,292,La Merced Don Jacinto,01/06/2025,30/06/2025,25/06/2025,3.67,10.1,36.7,0.0,58.6,3.65,14.0,6.76,331000.0,11000.0,
qc_202506.pdf,292,La Merced Don Jacinto,01/06/2025,30/06/2025,25/06/2025,3.55,9.84,35.9,0.0,57.4,3.57,14.0,6.78,331000.0,11000.0,
qc_202506.pdf,292,La Merced Don Jacinto,01/06/2025,30/06/2025,26/06/2025,3.96,9.55,34.4,0.0,55.3,3.45,14.0,6.76,348000.0,10000.0,
qc_202506.pdf,292,La Merced Don Jacinto,01/06/2025,30/06/2025,26/06/2025,3.31,9.64,35.3,0.0,56.3,3.49,14.0,6.78,348000.0,10000.0,
qc_202506.pdf,292,La Merced Don Jacinto,01/06/2025,30/06/2025,27/06/2025,3.1,9.47,34.8,0.0,55.3,3.43,14.0,6.78,,,
qc_202506.pdf,292,La Merced Don Jacinto,01/06/2025,30/06/2025,27/06/2025,3.25,9.61,35.2,0.0,56.1,3.48,14.0,6.77,,,
qc_202506.pdf,292,La Merced Don Jacinto,01/06/2025,30/06/2025,28/06/2025,3.11,9.69,35.7,0.0,56.7,3.51,14.0,6.78,,,
qc_202506.pdf,292,La Merced Don Jacinto,01/06/2025,30/06/2025,28/06/2025,2.84,9.51,35.1,0.0,55.0,3.44,14.0,6.69,,,
qc_202506.pdf,292,La Merced Don Jacinto,01/06/2025,30/06/2025,29/06/2025,2.94,9.54,35.2,0.0,55.2,3.45,14.0,6.7,,,
qc_202506.pdf,292,La Merced Don Jacinto,01/06/2025,30/06/2025,29/06/2025,3.12,9.67,35.0,0.0,56.6,3.52,14.0,6.69,,,
qc_202506.pdf,292,La Merced Don Jacinto,01/06/2025,30/06/2025,30/06/2025,3.24,9.82,34.1,0.0,57.5,3.56,14.0,6.7,,,
qc_202507.pdf,292,La Merced Don Jacinto,01/07/2025,31/07/2025,01/07/2025,3.45,9.57,34.9,0.0,55.7,3.47,14.0,6.75,,,
qc_202507.pdf,292,La Merced Don Jacinto,01/07/2025,31/07/2025,01/07/2025,3.06,9.02,35.1,0.0,55.6,3.44,14.0,6.69,,,
qc_202507.pdf,292,La Merced Don Jacinto,01/07/2025,31/07/2025,02/07/2025,3.1,9.61,36.4,0.0,56.1,3.48,14.0,6.67,270000.0,10000.0,
qc_202507.pdf,292,La Merced Don Jacinto,01/07/2025,31/07/2025,02/07/2025,3.24,9.61,35.3,0.0,56.1,3.48,14.0,6.67,270000.0,10000.0,
qc_202507.pdf,292,La Merced Don Jacinto,01/07/2025,31/07/2025,03/07/2025,3.0,9.64,35.6,0.0,56.5,3.49,14.0,6.69,244000.0,10000.0,
qc_202507.pdf,292,La Merced Don Jacinto,01/07/2025,31/07/2025,04/07/2025,2.97,9.59,35.4,0.0,56.2,3.47,14.0,6.69,,,
qc_202507.pdf,292,La Merced Don Jacinto,01/07/2025,31/07/2025,04/07/2025,2.98,9.61,35.5,0.0,56.3,3.48,14.0,6.77,,,
qc_202507.pdf,292,La Merced Don Jacinto,01/07/2025,31/07/2025,05/07/2025,3.01,9.64,35.6,0.0,56.5,3.49,14.0,6.78,,,
qc_202507.pdf,292,La Merced Don Jacinto,01/07/2025,31/07/2025,05/07/2025,3.0,9.61,35.5,0.0,55.3,3.48,14.0,6.67,,,
qc_202507.pdf,292,La Merced Don Jacinto,01/07/2025,31/07/2025,06/07/2025,2.99,9.66,35.7,0.0,56.6,3.5,14.0,6.79,,,
qc_202507.pdf,292,La Merced Don Jacinto,01/07/2025,31/07/2025,06/07/2025,3.03,9.81,36.3,0.0,57.6,3.55,14.0,6.7,,,
qc_202507.pdf,292,La Merced Don Jacinto,01/07/2025,31/07/2025,07/07/2025,3.08,9.68,35.7,0.0,56.7,3.5,14.0,6.79,,,
qc_202507.pdf,292,La Merced Don Jacinto,01/07/2025,31/07/2025,07/07/2025,3.01,9.76,36.1,0.0,57.3,3.53,14.0,6.7,,,
qc_202507.pdf,292,La Merced Don Jacinto,01/07/2025,31/07/2025,08/07/2025,2.92,9.78,36.2,0.0,57.5,3.54,14.0,6.79,,,
qc_202507.pdf,292,La Merced Don Jacinto,01/07/2025,31/07/2025,08/07/2025,2.87,9.57,35.4,0.0,56.1,3.46,14.0,6.79,,,
qc_202507.pdf,292,La Merced Don Jacinto,01/07/2025,31/07/2025,09/07/2025,2.85,9.56,35.4,0.0,56.1,3.46,14.0,6.79,431000.0,11000.0,
qc_202507.pdf,292,La Merced Don Jacinto,01/07/2025,31/07/2025,09/07/2025,3.16,9.75,35.9,0.0,57.1,3.53,14.0,6.74,431000.0,11000.0,
qc_202507.pdf,292,La Merced Don Jacinto,01/07/2025,31/07/2025,10/07/2025,3.11,9.65,35.5,0.0,56.5,3.49,14.0,6.79,536000.0,10000.0,
qc_202507.pdf,292,La Merced Don Jacinto,01/07/2025,31/07/2025,10/07/2025,3.12,9.79,36.1,0.0,57.4,3.55,14.0,6.75,536000.0,10000.0,
qc_202507.pdf,292,La Merced Don Jacinto,01/07/2025,31/07/2025,11/07/2025,3.14,9.64,35.5,0.0,56.4,3.49,14.0,6.77,,,
qc_202507.pdf,292,La Merced Don Jacinto,01/07/2025,31/07/2025,11/07/2025,3.39,9.92,36.4,0.0,58.0,3.6,14.0,6.75,,,
qc_202507.pdf,292,La Merced Don Jacinto,01/07/2025,31/07/2025,12/07/2025,3.31,9.81,36.0,0.0,57.4,3.56,14.0,6.73,,,
qc_202507.pdf,292,La Merced Don Jacinto,01/07/2025,31/07/2025,12/07/2025,3.31,9.46,34.6,0.0,55.1,3.43,14.0,6.78,,,
qc_202507.pdf,292,La Merced Don Jacinto,01/07/2025,31/07/2025,13/07/2025,3.15,9.49,34.8,0.0,55.4,3.43,14.0,6.77,,,
qc_202507.pdf,292,La Merced Don Jacinto,01/07/2025,31/07/2025,13/07/2025,3.04,9.51,35.0,0.0,55.3,3.44,14.0,6.69,,,
qc_202507.pdf,292,La Merced Don Jacinto,01/07/2025,31/07/2025,14/07/2025,3.06,9.52,35.0,0.0,55.7,3.45,14.0,6.66,,,
qc_202507.pdf,292,La Merced Don Jacinto,01/07/2025,31/07/2025,14/07/2025,3.11,9.51,35.0,0.0,55.6,3.44,14.0,6.74,,,
qc_202507.pdf,292,La Merced Don Jacinto,01/07/2025,31/07/2025,15/07/2025,2.97,9.49,35.0,0.0,55.5,3.43,14.0,6.73,,,
qc_202507.pdf,292,La Merced Don Jacinto,01/07/2025,31/07/2025,15/07/2025,3.85,9.55,34.5,0.0,54.3,3.46,14.0,6.67,,,
qc_202507.pdf,292,La Merced Don Jacinto,01/07/2025,31/07/2025,16/07/2025,3.26,9.6,35.2,0.0,56.1,3.48,14.0,6.78,221000.0,21000.0,
qc_202507.pdf,292,La Merced Don Jacinto,01/07/2025,31/07/2025,16/07/2025,3.24,9.6,35.2,0.0,56.1,3.48,14.0,6.66,221000.0,21000.0,
qc_202507.pdf,292,La Merced Don Jacinto,01/07/2025,31/07/2025,17/07/2025,3.27,9.66,35.4,0.0,56.4,3.5,14.0,6.77,289000.0,22000.0,
qc_202507.pdf,292,La Merced Don Jacinto,01/07/2025,31/07/2025,17/07/2025,3.92,9.48,34.1,0.0,54.8,3.44,14.0,6.79,289000.0,22000.0,
qc_202507.pdf,292,La Merced Don Jacinto,01/07/2025,31/07/2025,18/07/2025,3.84,9.4,33.9,0.0,54.4,3.41,14.0,6.8,,,
qc_202507.pdf,292,La Merced Don Jacinto,01/07/2025,31/07/2025,18/07/2025,3.09,9.38,34.5,0.0,54.7,3.39,14.0,6.75,,,
qc_202507.pdf,292,La Merced Don Jacinto,01/07/2025,31/07/2025,19/07/2025,3.09,9.31,34.2,0.0,54.3,3.37,14.0,6.76,,,
qc_202507.pdf,292,La Merced Don Jacinto,01/07/2025,31/07/2025,19/07/2025,3.13,9.55,35.1,0.0,55.8,3.46,14.0,6.77,,,
qc_202507.pdf,292,La Merced Don Jacinto,01/07/2025,31/07/2025,20/07/2025,3.2,9.48,34.8,0.0,55.3,3.43,14.0,6.78,,,
qc_202507.pdf,292,La Merced Don Jacinto,01/07/2025,31/07/2025,20/07/2025,3.11,9.43,34.6,0.0,55.0,3.41,14.0,6.72,,,
qc_202507.pdf,292,La Merced Don Jacinto,01/07/2025,31/07/2025,21/07/2025,3.1,9.44,34.7,0.0,55.1,3.42,14.0,6.71,,,
qc_202507.pdf,292,La Merced Don Jacinto,01/07/2025,31/07/2025,21/07/2025,3.2,9.45,34.6,0.0,55.1,3.42,14.0,6.75,,,
qc_202507.pdf,292,La Merced Don Jacinto,01/07/2025,31/07/2025,22/07/2025,3.08,9.49,34.9,0.0,55.4,3.43,14.0,6.76,,,
qc_202507.pdf,292,La Merced Don Jacinto,01/07/2025,31/07/2025,22/07/2025,3.05,9.34,34.4,0.0,54.5,3.38,14.0,6.72,,,
qc_202507.pdf,292,La Merced Don Jacinto,01/07/2025,31/07/2025,23/07/2025,3.1,9.36,34.5,0.0,54.5,3.39,14.0,6.72,290000.0,12000.0,
qc_202507.pdf,292,La Merced Don Jacinto,01/07/2025,31/07/2025,23/07/2025,3.2,9.63,35.4,0.0,56.3,3.49,14.0,6.76,290000.0,12000.0,
qc_202507.pdf,292,La Merced Don Jacinto,01/07/2025,31/07/2025,24/07/2025,3.14,9.51,34.9,0.0,55.5,3.44,14.0,6.72,265000.0,10000.0,
qc_202507.pdf,292,La Merced Don Jacinto,01/07/2025,31/07/2025,24/07/2025,3.11,9.52,35.0,0.0,55.6,3.45,14.0,6.78,265000.0,10000.0,
qc_202507.pdf,292,La Merced Don Jacinto,01/07/2025,31/07/2025,25/07/2025,3.17,9.5,34.9,0.0,55.5,3.44,14.0,6.73,,,
qc_202507.pdf,292,La Merced Don Jacinto,01/07/2025,31/07/2025,25/07/2025,3.27,9.71,35.6,0.0,56.8,3.52,14.0,6.8,,,
qc_202507.pdf,292,La Merced Don Jacinto,01/07/2025,31/07/2025,26/07/2025,3.16,9.57,35.2,0.0,55.9,3.46,14.0,6.79,,,
qc_202507.pdf,292,La Merced Don Jacinto,01/07/2025,31/07/2025,26/07/2025,3.12,9.52,35.0,0.0,55.6,3.45,14.0,6.81,,,
qc_202507.pdf,292,La Merced Don Jacinto,01/07/2025,31/07/2025,27/07/2025,3.13,9.52,35.0,0.0,55.6,3.45,14.0,6.82,,,
qc_202507.pdf,292,La Merced Don Jacinto,01/07/2025,31/07/2025,27/07/2025,3.16,9.69,35.3,0.0,56.1,3.58,14.0,6.69,,,
qc_202507.pdf,292,La Merced Don Jacinto,01/07/2025,31/07/2025,28/07/2025,3.47,9.56,34.8,0.0,55.7,3.37,14.0,6.72,,,
qc_202507.pdf,292,La Merced Don Jacinto,01/07/2025,31/07/2025,28/07/2025,2.97,9.44,34.8,0.0,55.2,3.41,14.0,6.69,,,
qc_202507.pdf,292,La Merced Don Jacinto,01/07/2025,31/07/2025,29/07/2025,2.97,9.43,34.8,0.0,55.1,3.41,14.0,6.66,,,
qc_202507.pdf,292,La Merced Don Jacinto,01/07/2025,31/07/2025,29/07/2025,3.59,9.52,34.6,0.0,55.3,3.45,14.0,6.8,,,
qc_202507.pdf,292,La Merced Don Jacinto,01/07/2025,31/07/2025,30/07/2025,3.7,9.79,35.6,0.0,57.0,3.55,14.0,6.77,353000.0,11000.0,
qc_202507.pdf,292,La Merced Don Jacinto,01/07/2025,31/07/2025,30/07/2025,3.16,9.53,35.1,0.0,55.7,3.45,14.0,6.81,353000.0,11000.0,
qc_202507.pdf,292,La Merced Don Jacinto,01/07/2025,31/07/2025,30/07/2025,2.88,9.58,35.5,0.0,56.2,3.47,14.0,6.66,353000.0,11000.0,
qc_202507.pdf,292,La Merced Don Jacinto,01/07/2025,31/07/2025,31/07/2025,3.15,9.53,35.0,0.0,55.7,3.45,14.0,6.69,370000.0,11000.0,
qc_202508-1a.pdf,292,La Merced Don Jacinto,01/08/2025,15/08/2025,01/08/2025,3.09,9.9,35.1,0.0,55.5,3.29,14.0,6.79,,,
qc_202508-1a.pdf,292,La Merced Don Jacinto,01/08/2025,15/08/2025,01/08/2025,2.84,9.51,35.2,0.0,55.7,3.44,14.0,6.69,,,
qc_202508-1a.pdf,292,La Merced Don Jacinto,01/08/2025,15/08/2025,02/08/2025,2.89,9.54,35.3,0.0,55.9,3.45,14.0,6.78,,,
qc_202508-1a.pdf,292,La Merced Don Jacinto,01/08/2025,15/08/2025,02/08/2025,2.83,9.55,35.4,0.0,56.0,3.45,14.0,6.66,,,
qc_202508-1a.pdf,292,La Merced Don Jacinto,01/08/2025,15/08/2025,03/08/2025,2.9,9.55,35.3,0.0,55.9,3.45,14.0,6.8,,,
qc_202508-1a.pdf,292,La Merced Don Jacinto,01/08/2025,15/08/2025,03/08/2025,3.02,9.63,35.5,0.0,56.8,3.49,14.0,6.79,,,
qc_202508-1a.pdf,292,La Merced Don Jacinto,01/08/2025,15/08/2025,04/08/2025,3.15,9.49,35.0,0.0,55.5,3.43,14.0,6.78,,,
qc_202508-1a.pdf,292,La Merced Don Jacinto,01/08/2025,15/08/2025,04/08/2025,3.03,9.64,35.6,0.0,56.5,3.49,14.0,6.78,,,
qc_202508-1a.pdf,292,La Merced Don Jacinto,01/08/2025,15/08/2025,05/08/2025,3.11,9.63,35.5,0.0,56.3,3.49,14.0,6.77,,,
qc_202508-1a.pdf,292,La Merced Don Jacinto,01/08/2025,15/08/2025,05/08/2025,3.06,9.6,35.4,0.0,56.2,3.47,14.0,6.77,,,
qc_202508-1a.pdf,292,La Merced Don Jacinto,01/08/2025,15/08/2025,06/08/2025,3.07,9.62,35.9,0.0,56.3,3.48,14.0,6.76,292000.0,13000.0,
qc_202508-1a.pdf,292,La Merced Don Jacinto,01/08/2025,15/08/2025,06/08/2025,2.94,9.84,36.0,0.0,57.0,3.5,14.0,6.76,292000.0,13000.0,
qc_202508-1a.pdf,292,La Merced Don Jacinto,01/08/2025,15/08/2025,07/08/2025,2.98,9.72,35.9,0.0,57.0,3.52,14.0,6.73,318000.0,10000.0,
qc_202508-1a.pdf,292,La Merced Don Jacinto,01/08/2025,15/08/2025,07/08/2025,2.9,9.58,35.4,0.0,55.3,3.48,14.0,6.75,318000.0,10000.0,
qc_202508-1a.pdf,292,La Merced Don Jacinto,01/08/2025,15/08/2025,08/08/2025,2.78,9.46,35.1,0.0,55.4,3.42,14.0,6.75,,,
qc_202508-1a.pdf,292,La Merced Don Jacinto,01/08/2025,15/08/2025,08/08/2025,2.98,9.58,35.4,0.0,56.1,3.47,14.0,6.74,,,
qc_202508-1a.pdf,292,La Merced Don Jacinto,01/08/2025,15/08/2025,09/08/2025,3.07,9.6,35.4,0.0,56.2,3.47,14.0,6.74,,,
qc_202508-1a.pdf,292,La Merced Don Jacinto,01/08/2025,15/08/2025,09/08/2025,2.89,9.45,34.9,0.0,55.3,3.42,14.0,6.67,,,
qc_202508-1a.pdf,292,La Merced Don Jacinto,01/08/2025,15/08/2025,10/08/2025,2.92,9.47,35.0,0.0,55.4,3.43,14.0,6.66,,,
qc_202508-1a.pdf,292,La Merced Don Jacinto,01/08/2025,15/08/2025,11/08/2025,2.91,9.49,35.1,0.0,55.5,3.43,14.0,6.75,,,
qc_202508-1a.pdf,292,La Merced Don Jacinto,01/08/2025,15/08/2025,11/08/2025,2.93,9.63,35.2,0.0,55.8,3.45,14.0,6.67,,,
qc_202508-1a.pdf,292,La Merced Don Jacinto,01/08/2025,15/08/2025,11/08/2025,2.81,9.44,35.0,0.0,55.3,3.41,14.0,6.76,,,
qc_202508-1a.pdf,292,La Merced Don Jacinto,01/08/2025,15/08/2025,12/08/2025,2.95,9.55,35.0,0.0,55.9,3.46,14.0,6.67,,,
qc_202508-1a.pdf,292,La Merced Don Jacinto,01/08/2025,15/08/2025,12/08/2025,2.73,9.61,35.7,0.0,56.5,3.48,14.0,6.78,,,
qc_202508-1a.pdf,292,La Merced Don Jacinto,01/08/2025,15/08/2025,13/08/2025,2.83,9.55,35.4,0.0,56.0,3.45,14.0,6.77,303000.0,12000.0,
qc_202508-1a.pdf,292,La Merced Don Jacinto,01/08/2025,15/08/2025,13/08/2025,2.84,9.54,35.3,0.0,55.9,3.45,14.0,6.74,303000.0,12000.0,
qc_202508-1a.pdf,292,La Merced Don Jacinto,01/08/2025,15/08/2025,14/08/2025,2.85,9.54,35.3,0.0,55.9,3.45,14.0,6.74,427000.0,11000.0,
qc_202508-1a.pdf,292,La Merced Don Jacinto,01/08/2025,15/08/2025,14/08/2025,2.83,9.58,35.58,0.0,55.3,3.47,14.0,6.7,427000.0,11000.0,
qc_202508-1a.pdf,292,La Merced Don Jacinto,01/08/2025,15/08/2025,15/08/2025,2.91,9.49,35.1,0.0,55.5,,6.68,,,,
qc_202509.pdf,292,La Merced Don Jacinto,01/09/2025,30/09/2025,01/09/2025,2.98,9.74,36.0,0.0,57.2,3.53,14.0,6.77,,,
qc_202509.pdf,292,La Merced Don Jacinto,01/09/2025,30/09/2025,01/09/2025,2.96,9.63,35.6,0.0,56.4,3.49,14.0,6.72,,,
qc_202509.pdf,292,La Merced Don Jacinto,01/09/2025,30/09/2025,02/09/2025,2.89,9.66,35.8,0.0,56.7,3.5,14.0,6.76,,,
qc_202509.pdf,292,La Merced Don Jacinto,01/09/2025,30/09/2025,02/09/2025,3.17,10.0,36.9,0.0,58.7,3.62,14.0,6.76,,,
qc_202509.pdf,292,La Merced Don Jacinto,01/09/2025,30/09/2025,03/09/2025,3.06,9.6,35.4,0.0,56.2,3.47,14.0,6.79,375000.0,12000.0,
qc_202509.pdf,292,La Merced Don Jacinto,01/09/2025,30/09/2025,03/09/2025,3.05,9.29,34.1,0.0,54.1,3.36,14.0,6.81,375000.0,12000.0,
qc_202509.pdf,292,La Merced Don Jacinto,01/09/2025,30/09/2025,04/09/2025,3.12,9.22,33.8,0.0,53.7,3.33,14.0,6.73,371000.0,16000.0,
qc_202509.pdf,292,La Merced Don Jacinto,01/09/2025,30/09/2025,04/09/2025,3.73,8.96,28.53,0.0,53.8,3.36,14.0,6.8,371000.0,16000.0,
qc_202509.pdf,292,La Merced Don Jacinto,01/09/2025,30/09/2025,05/09/2025,3.12,9.25,33.8,0.0,53.7,3.35,14.0,6.73,,,
qc_202509.pdf,292,La Merced Don Jacinto,01/09/2025,30/09/2025,06/09/2025,3.22,9.75,35.8,0.0,56.9,3.52,14.0,6.76,,,
qc_202509.pdf,292,La Merced Don Jacinto,01/09/2025,30/09/2025,06/09/2025,3.07,8.21,33.8,0.0,53.6,3.33,14.0,6.77,,,
qc_202509.pdf,292,La Merced Don Jacinto,01/09/2025,30/09/2025,06/09/2025,3.12,9.56,30.5,0.0,55.3,3.45,14.0,6.72,,,
qc_202509.pdf,292,La Merced Don Jacinto,01/09/2025,30/09/2025,07/09/2025,2.94,9.22,33.9,0.0,53.7,3.32,14.0,6.72,,,
qc_202509.pdf,292,La Merced Don Jacinto,01/09/2025,30/09/2025,07/09/2025,3.23,9.23,33.7,0.0,53.7,3.34,14.0,6.69,,,
qc_202509.pdf,292,La Merced Don Jacinto,01/09/2025,30/09/2025,08/09/2025,3.03,9.47,30.3,0.0,54.6,3.42,14.0,6.67,,,
qc_202509.pdf,292,La Merced Don Jacinto,01/09/2025,30/09/2025,08/09/2025,2.83,9.21,34.0,0.0,53.7,3.33,14.0,6.77,,,
qc_202509.pdf,292,La Merced Don Jacinto,01/09/2025,30/09/2025,09/09/2025,2.86,9.25,34.1,0.0,54.0,3.34,14.0,6.76,,,
qc_202509.pdf,292,La Merced Don Jacinto,01/09/2025,30/09/2025,09/09/2025,4.0,9.07,31.9,0.0,52.0,3.29,14.0,6.79,,,
qc_202509.pdf,292,La Merced Don Jacinto,01/09/2025,30/09/2025,10/09/2025,2.89,9.2,33.9,0.0,53.6,3.32,14.0,6.76,570000.0,32000.0,
qc_202509.pdf,292,La Merced Don Jacinto,01/09/2025,30/09/2025,10/09/2025,3.9,9.1,32.0,0.0,52.2,3.3,14.0,6.79,570000.0,32000.0,
qc_202509.pdf,292,La Merced Don Jacinto,01/09/2025,30/09/2025,11/09/2025,2.83,9.41,30.7,0.0,54.1,3.4,14.0,6.66,599000.0,19000.0,
qc_202509.pdf,292,La Merced Don Jacinto,01/09/2025,30/09/2025,11/09/2025,2.89,9.64,30.3,0.0,54.3,3.41,14.0,6.79,599000.0,19000.0,
qc_202509.pdf,292,La Merced Don Jacinto,01/09/2025,30/09/2025,12/09/2025,2.79,9.17,33.7,0.0,53.7,3.3,14.0,6.67,,,
qc_202509.pdf,292,La Merced Don Jacinto,01/09/2025,30/09/2025,12/09/2025,3.0,9.16,33.7,0.0,53.3,3.31,14.0,6.66,,,
qc_202509.pdf,292,La Merced Don Jacinto,01/09/2025,30/09/2025,13/09/2025,2.87,9.17,33.8,0.0,53.4,3.31,14.0,6.65,,,
qc_202509.pdf,292,La Merced Don Jacinto,01/09/2025,30/09/2025,13/09/2025,3.55,8.89,32.1,0.0,51.3,3.22,14.0,6.66,,,
qc_202509.pdf,292,La Merced Don Jacinto,01/09/2025,30/09/2025,14/09/2025,3.43,9.35,34.0,0.0,54.3,3.39,14.0,6.67,,,
qc_202509.pdf,292,La Merced Don Jacinto,01/09/2025,30/09/2025,14/09/2025,2.67,9.0,33.3,0.0,52.4,3.25,14.0,6.77,,,
qc_202509.pdf,292,La Merced Don Jacinto,01/09/2025,30/09/2025,15/09/2025,2.7,9.32,30.0,0.0,53.4,3.36,14.0,6.78,,,
qc_202509.pdf,292,La Merced Don Jacinto,01/09/2025,30/09/2025,15/09/2025,3.84,9.09,32.6,0.0,52.5,3.29,14.0,6.8,,,
qc_202509.pdf,292,La Merced Don Jacinto,01/09/2025,30/09/2025,16/09/2025,3.68,9.09,32.8,0.0,52.6,3.29,14.0,6.79,,,
qc_202509.pdf,292,La Merced Don Jacinto,01/09/2025,30/09/2025,16/09/2025,2.83,9.15,33.8,0.0,53.3,3.31,14.0,6.75,,,
qc_202509.pdf,292,La Merced Don Jacinto,01/09/2025,30/09/2025,17/09/2025,2.8,9.4,32.6,0.0,54.0,3.39,14.0,6.76,249000.0,10000.0,
qc_202509.pdf,292,La Merced Don Jacinto,01/09/2025,30/09/2025,17/09/2025,3.85,9.04,32.4,0.0,52.2,3.28,14.0,6.8,249000.0,10000.0,
qc_202509.pdf,292,La Merced Don Jacinto,01/09/2025,30/09/2025,18/09/2025,3.04,9.19,33.7,0.0,53.5,3.32,14.0,6.78,278000.0,10000.0,
qc_202509.pdf,292,La Merced Don Jacinto,01/09/2025,30/09/2025,18/09/2025,3.69,9.12,32.9,0.0,52.7,3.3,14.0,6.81,278000.0,10000.0,
qc_202509.pdf,292,La Merced Don Jacinto,01/09/2025,30/09/2025,19/09/2025,2.98,9.2,33.8,0.0,53.6,3.33,14.0,6.8,,,
qc_202509.pdf,292,La Merced Don Jacinto,01/09/2025,30/09/2025,20/09/2025,,,,,,,14.0,6.79,,,
qc_202509.pdf,292,La Merced Don Jacinto,01/09/2025,30/09/2025,20/09/2025,3.05,9.26,34.0,0.0,53.9,3.35,14.0,6.78,,,
qc_202509.pdf,292,La Merced Don Jacinto,01/09/2025,30/09/2025,20/09/2025,3.17,9.2,33.7,0.0,53.7,3.33,14.0,6.66,,,
qc_202509.pdf,292,La Merced Don Jacinto,01/09/2025,30/09/2025,21/09/2025,3.16,9.4,32.3,0.0,54.2,3.39,14.0,6.67,,,
qc_202509.pdf,292,La Merced Don Jacinto,01/09/2025,30/09/2025,21/09/2025,3.16,9.23,33.8,0.0,53.7,3.36,14.0,6.69,,,
qc_202509.pdf,292,La Merced Don Jacinto,01/09/2025,30/09/2025,22/09/2025,3.06,9.35,32.2,0.0,53.8,3.37,14.0,6.67,,,
qc_202509.pdf,292,La Merced Don Jacinto,01/09/2025,30/09/2025,22/09/2025,2.93,9.33,34.4,0.0,54.9,3.37,14.0,6.79,,,
qc_202509.pdf,292,La Merced Don Jacinto,01/09/2025,30/09/2025,23/09/2025,3.48,9.01,32.6,0.0,52.1,3.26,14.0,6.8,,,
qc_202509.pdf,292,La Merced Don Jacinto,01/09/2025,30/09/2025,23/09/2025,2.93,9.29,34.2,0.0,54.2,3.36,14.0,6.78,,,
qc_202509.pdf,292,La Merced Don Jacinto,01/09/2025,30/09/2025,24/09/2025,4.0,9.11,30.2,0.0,52.8,3.27,14.0,6.78,347000.0,13000.0,
qc_202509.pdf,292,La Merced Don Jacinto,01/09/2025,30/09/2025,24/09/2025,3.02,9.19,33.8,0.0,53.5,3.32,14.0,6.8,347000.0,13000.0,
qc_202509.pdf,292,La Merced Don Jacinto,01/09/2025,30/09/2025,25/09/2025,2.82,9.01,32.2,0.0,52.4,3.25,14.0,6.8,328000.0,17000.0,
qc_202509.pdf,292,La Merced Don Jacinto,01/09/2025,30/09/2025,25/09/2025,3.14,9.3,34.1,0.0,54.2,3.36,14.0,6.77,328000.0,17000.0,
qc_202509.pdf,292,La Merced Don Jacinto,01/09/2025,30/09/2025,26/09/2025,3.0,9.62,32.9,0.0,53.7,3.34,14.0,6.76,,,
qc_202509.pdf,292,La Merced Don Jacinto,01/09/2025,30/09/2025,26/09/2025,3.15,9.21,33.7,0.0,53.6,3.33,14.0,6.79,,,
qc_202509.pdf,292,La Merced Don Jacinto,01/09/2025,30/09/2025,27/09/2025,3.1,9.19,33.7,0.0,53.7,3.32,14.0,6.78,,,
qc_202509.pdf,292,La Merced Don Jacinto,01/09/2025,30/09/2025,27/09/2025,3.19,9.27,31.78,0.0,53.3,3.34,14.0,6.72,,,
qc_202509.pdf,292,La Merced Don Jacinto,01/09/2025,30/09/2025,28/09/2025,3.44,9.19,33.4,0.0,53.3,3.33,14.0,6.74,,,
qc_202509.pdf,292,La Merced Don Jacinto,01/09/2025,30/09/2025,28/09/2025,3.07,9.0,32.9,0.0,52.2,3.25,14.0,6.79,,,
qc_202509.pdf,292,La Merced Don Jacinto,01/09/2025,30/09/2025,29/09/2025,3.14,9.19,33.6,0.0,53.5,3.32,14.0,6.79,,,
qc_202509.pdf,292,La Merced Don Jacinto,01/09/2025,30/09/2025,29/09/2025,2.92,9.05,33.3,0.0,52.6,3.27,14.0,6.77,,,
qc_202509.pdf,292,La Merced Don Jacinto,01/09/2025,30/09/2025,30/09/2025,3.03,9.03,33.1,0.0,52.4,3.26,14.0,6.78,,,
qc_202510.pdf,292,La Merced Don Jacinto,01/10/2025,31/10/2025,01/10/2025,3.18,9.11,33.4,0.0,53.0,3.29,14.0,6.75,347000.0,8000.0,
qc_202510.pdf,292,La Merced Don Jacinto,01/10/2025,31/10/2025,01/10/2025,3.41,8.99,31.7,0.0,51.6,3.26,14.0,6.76,347000.0,8000.0,
qc_202510.pdf,292,La Merced Don Jacinto,01/10/2025,31/10/2025,02/10/2025,3.49,9.17,32.3,0.0,52.6,3.33,14.0,6.75,317000.0,9000.0,
qc_202510.pdf,292,La Merced Don Jacinto,01/10/2025,31/10/2025,02/10/2025,3.12,9.17,33.6,0.0,53.3,3.32,14.0,6.77,317000.0,9000.0,
qc_202510.pdf,292,La Merced Don Jacinto,01/10/2025,31/10/2025,03/10/2025,3.65,9.07,32.7,0.0,52.4,3.28,14.0,6.78,,,
qc_202510.pdf,292,La Merced Don Jacinto,01/10/2025,31/10/2025,03/10/2025,3.1,9.17,33.1,0.0,53.3,3.32,14.0,6.79,,,
qc_202510.pdf,292,La Merced Don Jacinto,01/10/2025,31/10/2025,04/10/2025,3.19,9.09,33.2,0.0,52.8,3.29,14.0,6.77,,,
qc_202510.pdf,292,La Merced Don Jacinto,01/10/2025,31/10/2025,04/10/2025,3.08,9.13,33.5,0.0,53.1,3.3,14.0,6.78,,,
qc_202510.pdf,292,La Merced Don Jacinto,01/10/2025,31/10/2025,05/10/2025,3.65,9.06,32.7,0.0,52.4,3.28,14.0,6.66,,,
qc_202510.pdf,292,La Merced Don Jacinto,01/10/2025,31/10/2025,05/10/2025,3.09,9.15,33.5,0.0,53.2,3.31,14.0,6.8,,,
qc_202510.pdf,292,La Merced Don Jacinto,01/10/2025,31/10/2025,06/10/2025,3.45,9.16,31.6,0.0,52.8,3.3,14.0,6.67,,,
qc_202510.pdf,292,La Merced Don Jacinto,01/10/2025,31/10/2025,06/10/2025,3.52,9.31,33.8,0.0,54.0,3.37,14.0,6.66,,,
qc_202510.pdf,292,La Merced Don Jacinto,01/10/2025,31/10/2025,07/10/2025,3.55,9.45,32.1,0.0,54.8,3.41,14.0,6.67,791000.0,8000.0,
qc_202510.pdf,292,La Merced Don Jacinto,01/10/2025,31/10/2025,07/10/2025,3.16,9.0,32.9,0.0,52.2,3.25,14.0,6.66,791000.0,8000.0,
qc_202510.pdf,292,La Merced Don Jacinto,01/10/2025,31/10/2025,08/10/2025,3.19,9.05,33.0,0.0,52.5,3.27,14.0,6.76,472000.0,10000.0,
qc_202510.pdf,292,La Merced Don Jacinto,01/10/2025,31/10/2025,08/10/2025,3.37,9.37,32.0,0.0,54.1,3.38,14.0,6.69,472000.0,10000.0,
qc_202510.pdf,292,La Merced Don Jacinto,01/10/2025,31/10/2025,09/10/2025,3.72,8.94,32.1,0.0,51.6,3.24,14.0,6.74,,,
qc_202510.pdf,292,La Merced Don Jacinto,01/10/2025,31/10/2025,09/10/2025,3.16,8.99,32.8,0.0,52.2,3.25,14.0,6.66,,,
qc_202510.pdf,292,La Merced Don Jacinto,01/10/2025,31/10/2025,10/10/2025,3.08,9.94,32.7,0.0,51.8,3.23,14.0,6.66,,,
qc_202510.pdf,292,La Merced Don Jacinto,01/10/2025,31/10/2025,10/10/2025,3.41,8.7,32.7,0.0,51.4,3.26,14.0,6.67,,,
qc_202510.pdf,292,La Merced Don Jacinto,01/10/2025,31/10/2025,11/10/2025,3.18,8.75,33.1,0.0,51.8,3.28,14.0,6.67,,,
qc_202510.pdf,292,La Merced Don Jacinto,01/10/2025,31/10/2025,11/10/2025,3.25,9.05,33.8,0.0,52.5,3.27,14.0,6.76,,,
qc_202510.pdf,292,La Merced Don Jacinto,01/10/2025,31/10/2025,12/10/2025,3.22,8.88,33.6,0.0,52.6,3.32,14.0,6.76,,,
qc_202510.pdf,292,La Merced Don Jacinto,01/10/2025,31/10/2025,12/10/2025,3.46,9.15,33.2,0.0,53.0,3.31,14.0,6.75,,,
qc_202510.pdf,292,La Merced Don Jacinto,01/10/2025,31/10/2025,13/10/2025,3.25,8.9,32.2,0.0,52.2,3.27,14.0,6.73,,,
qc_202510.pdf,292,La Merced Don Jacinto,01/10/2025,31/10/2025,13/10/2025,3.56,8.93,33.5,0.0,52.8,3.35,14.0,6.73,,,
qc_202510.pdf,292,La Merced Don Jacinto,01/10/2025,31/10/2025,14/10/2025,3.27,8.99,32.7,0.0,52.1,3.25,14.0,6.76,,,
qc_202510.pdf,292,La Merced Don Jacinto,01/10/2025,31/10/2025,14/10/2025,3.17,9.0,32.8,0.0,52.2,3.25,14.0,6.74,,,
qc_202510.pdf,292,La Merced Don Jacinto,01/10/2025,31/10/2025,15/10/2025,3.5,8.78,33.0,0.0,51.9,3.29,14.0,6.76,416000.0,45000.0,
qc_202510.pdf,292,La Merced Don Jacinto,01/10/2025,31/10/2025,15/10/2025,3.83,8.96,32.1,0.0,51.7,3.25,14.0,6.66,416000.0,45000.0,
qc_202510.pdf,292,La Merced Don Jacinto,01/10/2025,31/10/2025,16/10/2025,3.02,8.95,32.8,0.0,51.9,3.23,14.0,6.72,349000.0,35000.0,
qc_202510.pdf,292,La Merced Don Jacinto,01/10/2025,31/10/2025,16/10/2025,3.98,8.61,32.0,0.0,50.3,3.24,14.0,6.69,349000.0,35000.0,
qc_202510.pdf,292,La Merced Don Jacinto,01/10/2025,31/10/2025,17/10/2025,3.07,8.78,33.3,0.0,52.0,3.29,14.0,6.73,,,
qc_202510.pdf,292,La Merced Don Jacinto,01/10/2025,31/10/2025,17/10/2025,3.12,8.86,32.3,0.0,51.3,3.2,14.0,6.74,,,
qc_202510.pdf,292,La Merced Don Jacinto,01/10/2025,31/10/2025,18/10/2025,3.14,9.04,33.0,0.0,52.5,3.27,14.0,6.66,,,
qc_202510.pdf,292,La Merced Don Jacinto,01/10/2025,31/10/2025,18/10/2025,3.06,8.76,33.3,0.0,51.9,3.28,14.0,6.73,,,
qc_202510.pdf,292,La Merced Don Jacinto,01/10/2025,31/10/2025,19/10/2025,3.15,8.82,33.4,0.0,52.2,3.3,14.0,6.67,,,
qc_202510.pdf,292,La Merced Don Jacinto,01/10/2025,31/10/2025,20/10/2025,3.13,9.06,32.1,0.0,52.6,3.28,14.0,6.68,,,
qc_202510.pdf,292,La Merced Don Jacinto,01/10/2025,31/10/2025,20/10/2025,3.2,8.8,35.6,0.0,52.6,3.32,14.0,6.67,,,
qc_202510.pdf,292,La Merced Don Jacinto,01/10/2025,31/10/2025,21/10/2025,3.76,8.99,32.3,0.0,51.9,3.26,14.0,6.76,,,
qc_202510.pdf,292,La Merced Don Jacinto,01/10/2025,31/10/2025,21/10/2025,3.2,9.15,33.4,0.0,53.2,3.31,14.0,6.69,,,
qc_202510.pdf,292,La Merced Don Jacinto,01/10/2025,31/10/2025,21/10/2025,3.1,8.84,33.6,0.0,52.4,3.31,14.0,6.67,,,
qc_202510.pdf,292,La Merced Don Jacinto,01/10/2025,31/10/2025,22/10/2025,3.44,8.88,33.4,0.0,52.5,3.33,14.0,6.75,225000.0,15000.0,
qc_202510.pdf,292,La Merced Don Jacinto,01/10/2025,31/10/2025,23/10/2025,3.22,9.1,33.2,0.0,52.0,3.29,14.0,6.76,267000.0,11000.0,
qc_202510.pdf,292,La Merced Don Jacinto,01/10/2025,31/10/2025,23/10/2025,3.68,9.03,32.4,0.0,52.0,3.26,14.0,6.76,267000.0,11000.0,
qc_202510.pdf,292,La Merced Don Jacinto,01/10/2025,31/10/2025,23/10/2025,3.57,9.0,33.8,0.0,53.2,3.27,14.0,6.67,267000.0,11000.0,
qc_202510.pdf,292,La Merced Don Jacinto,01/10/2025,31/10/2025,23/10/2025,3.46,9.09,33.0,0.0,52.1,3.29,14.0,6.79,267000.0,11000.0,
qc_202510.pdf,292,La Merced Don Jacinto,01/10/2025,31/10/2025,24/10/2025,3.91,8.8,32.7,0.0,51.8,3.3,14.0,6.73,,,
qc_202510.pdf,292,La Merced Don Jacinto,01/10/2025,31/10/2025,25/10/2025,3.82,9.09,32.6,0.0,52.5,3.29,14.0,6.75,,,
qc_202510.pdf,292,La Merced Don Jacinto,01/10/2025,31/10/2025,25/10/2025,3.2,8.9,33.7,0.0,52.7,3.33,14.0,6.77,,,
qc_202510.pdf,292,La Merced Don Jacinto,01/10/2025,31/10/2025,26/10/2025,3.77,9.0,32.3,0.0,52.0,3.26,14.0,6.8,,,
qc_202510.pdf,292,La Merced Don Jacinto,01/10/2025,31/10/2025,26/10/2025,3.32,9.0,34.0,0.0,53.3,3.37,14.0,6.74,,,
qc_202510.pdf,292,La Merced Don Jacinto,01/10/2025,31/10/2025,27/10/2025,3.63,8.84,33.1,0.0,52.2,3.31,14.0,6.79,,,
qc_202510.pdf,292,La Merced Don Jacinto,01/10/2025,31/10/2025,27/10/2025,3.3,9.2,33.5,0.0,53.4,3.33,14.0,6.75,,,
qc_202510.pdf,292,La Merced Don Jacinto,01/10/2025,31/10/2025,28/10/2025,3.22,8.91,33.7,0.0,52.8,3.34,14.0,6.78,,,
qc_202510.pdf,292,La Merced Don Jacinto,01/10/2025,31/10/2025,28/10/2025,3.2,8.89,33.7,0.0,52.7,3.33,14.0,6.78,,,
qc_202510.pdf,292,La Merced Don Jacinto,01/10/2025,31/10/2025,29/10/2025,3.23,9.13,33.0,0.0,53.0,3.3,14.0,6.76,263000.0,10000.0,
qc_202510.pdf,292,La Merced Don Jacinto,01/10/2025,31/10/2025,29/10/2025,3.16,9.23,33.8,0.0,53.7,3.34,14.0,6.75,263000.0,10000.0,
qc_202510.pdf,292,La Merced Don Jacinto,01/10/2025,31/10/2025,30/10/2025,3.15,9.01,34.2,0.0,53.5,3.37,14.0,6.75,263000.0,12000.0,
qc_202510.pdf,292,La Merced Don Jacinto,01/10/2025,31/10/2025,30/10/2025,3.14,8.96,34.0,0.0,53.1,3.35,14.0,6.74,263000.0,12000.0,
qc_202510.pdf,292,La Merced Don Jacinto,01/10/2025,31/10/2025,31/10/2025,3.15,9.15,33.5,0.0,53.2,3.31,14.0,6.7,,,
qc_202511.pdf,292,La Merced Don Jacinto,01/11/2025,30/11/2025,01/11/2025,3.05,9.21,33.8,0.0,53.6,3.33,14.0,6.76,,,
qc_202511.pdf,292,La Merced Don Jacinto,01/11/2025,30/11/2025,01/11/2025,3.06,9.01,34.3,0.0,53.5,3.37,14.0,6.75,,,
qc_202511.pdf,292,La Merced Don Jacinto,01/11/2025,30/11/2025,02/11/2025,3.15,9.08,33.2,0.0,52.7,3.28,14.0,6.71,,,
qc_202511.pdf,292,La Merced Don Jacinto,01/11/2025,30/11/2025,02/11/2025,3.04,9.0,34.3,0.0,53.4,3.37,14.0,6.75,,,
qc_202511.pdf,292,La Merced Don Jacinto,01/11/2025,30/11/2025,03/11/2025,3.0,9.9,33.4,0.0,52.9,3.29,14.0,6.66,,,
qc_202511.pdf,292,La Merced Don Jacinto,01/11/2025,30/11/2025,03/11/2025,3.16,8.92,33.8,0.0,52.9,3.34,14.0,6.7,,,
qc_202511.pdf,292,La Merced Don Jacinto,01/11/2025,30/11/2025,04/11/2025,2.99,8.76,33.3,0.0,51.2,3.28,14.0,6.67,,,
qc_202511.pdf,292,La Merced Don Jacinto,01/11/2025,30/11/2025,04/11/2025,3.28,9.04,32.9,0.0,52.4,3.27,14.0,6.66,,,
qc_202511.pdf,292,La Merced Don Jacinto,01/11/2025,30/11/2025,05/11/2025,3.21,8.86,33.5,0.0,52.5,3.32,14.0,6.69,298000.0,9000.0,
qc_202511.pdf,292,La Merced Don Jacinto,01/11/2025,30/11/2025,05/11/2025,3.49,9.07,33.1,0.0,52.6,3.28,14.0,6.67,298000.0,9000.0,
qc_202511.pdf,292,La Merced Don Jacinto,01/11/2025,30/11/2025,06/11/2025,3.32,9.12,33.2,0.0,52.9,3.3,14.0,6.66,192000.0,12000.0,
qc_202511.pdf,292,La Merced Don Jacinto,01/11/2025,30/11/2025,06/11/2025,3.24,8.86,33.5,0.0,52.5,3.32,14.0,6.66,192000.0,12000.0,
qc_202511.pdf,292,La Merced Don Jacinto,01/11/2025,30/11/2025,07/11/2025,3.39,8.98,33.8,0.0,53.0,3.36,14.0,6.67,,,
qc_202511.pdf,292,La Merced Don Jacinto,01/11/2025,30/11/2025,07/11/2025,3.22,8.62,32.2,0.0,52.0,3.26,14.0,6.74,,,
qc_202511.pdf,292,La Merced Don Jacinto,01/11/2025,30/11/2025,08/11/2025,3.19,8.9,32.0,0.0,52.0,3.26,14.0,6.74,,,
qc_202511.pdf,292,La Merced Don Jacinto,01/11/2025,30/11/2025,08/11/2025,3.08,8.8,33.4,0.0,52.1,3.29,14.0,6.69,,,
qc_202511.pdf,292,La Merced Don Jacinto,01/11/2025,30/11/2025,09/11/2025,3.27,9.38,34.3,0.0,54.6,3.4,14.0,6.66,,,
qc_202511.pdf,292,La Merced Don Jacinto,01/11/2025,30/11/2025,09/11/2025,3.34,9.31,33.9,0.0,54.1,3.37,14.0,6.77,,,
qc_202511.pdf,292,La Merced Don Jacinto,01/11/2025,30/11/2025,10/11/2025,3.47,9.05,32.8,0.0,52.4,3.28,14.0,6.79,,,
qc_202511.pdf,292,La Merced Don Jacinto,01/11/2025,30/11/2025,10/11/2025,3.31,9.06,34.3,0.0,53.7,3.39,14.0,6.8,,,
qc_202511.pdf,292,La Merced Don Jacinto,01/11/2025,30/11/2025,11/11/2025,3.34,9.08,33.0,0.0,52.6,3.28,14.0,6.77,,,
qc_202511.pdf,292,La Merced Don Jacinto,01/11/2025,30/11/2025,11/11/2025,3.13,9.08,33.2,0.0,52.7,3.28,14.0,6.77,,,
qc_202511.pdf,292,La Merced Don Jacinto,01/11/2025,30/11/2025,12/11/2025,3.26,8.83,33.4,0.0,52.3,3.31,14.0,6.79,401000.0,35000.0,
qc_202511.pdf,292,La Merced Don Jacinto,01/11/2025,30/11/2025,12/11/2025,3.2,9.46,34.7,0.0,55.2,3.42,14.0,6.75,401000.0,35000.0,
qc_202511.pdf,292,La Merced Don Jacinto,01/11/2025,30/11/2025,13/11/2025,3.27,9.39,35.3,0.0,55.3,3.48,14.0,6.77,425000.0,90000.0,
qc_202511.pdf,292,La Merced Don Jacinto,01/11/2025,30/11/2025,13/11/2025,3.12,9.15,33.5,0.0,53.2,3.31,14.0,6.74,425000.0,90000.0,
qc_202511.pdf,292,La Merced Don Jacinto,01/11/2025,30/11/2025,14/11/2025,3.19,9.49,34.8,0.0,55.4,3.44,14.0,6.79,,,
qc_202511.pdf,292,La Merced Don Jacinto,01/11/2025,30/11/2025,14/11/2025,3.0,8.83,33.5,0.0,52.3,3.3,14.0,6.75,,,
qc_202511.pdf,292,La Merced Don Jacinto,01/11/2025,30/11/2025,15/11/2025,3.03,8.83,33.6,0.0,52.3,3.3,14.0,6.78,,,
qc_202511.pdf,292,La Merced Don Jacinto,01/11/2025,30/11/2025,15/11/2025,3.02,8.94,32.7,0.0,51.9,3.23,14.0,6.79,,,
qc_202511.pdf,292,La Merced Don Jacinto,01/11/2025,30/11/2025,16/11/2025,3.18,8.81,38.4,0.0,52.1,3.33,14.0,6.69,,,
qc_202511.pdf,292,La Merced Don Jacinto,01/11/2025,30/11/2025,16/11/2025,3.0,8.67,33.0,0.0,51.3,3.25,14.0,6.8,,,
qc_202511.pdf,292,La Merced Don Jacinto,01/11/2025,30/11/2025,17/11/2025,3.25,9.16,33.4,0.0,53.2,3.31,14.0,6.66,,,
qc_202511.pdf,292,La Merced Don Jacinto,01/11/2025,30/11/2025,17/11/2025,3.42,8.9,33.5,0.0,52.6,3.33,14.0,6.69,,,
qc_202511.pdf,292,La Merced Don Jacinto,01/11/2025,30/11/2025,18/11/2025,3.33,9.15,33.0,0.0,53.1,3.31,14.0,6.66,,,
qc_202511.pdf,292,La Merced Don Jacinto,01/11/2025,30/11/2025,18/11/2025,3.32,9.18,33.4,0.0,53.3,3.32,14.0,6.8,,,
qc_202511.pdf,292,La Merced Don Jacinto,01/11/2025,30/11/2025,19/11/2025,3.24,8.96,33.5,0.0,52.5,3.32,14.0,6.79,336000.0,43000.0,
qc_202511.pdf,292,La Merced Don Jacinto,01/11/2025,30/11/2025,19/11/2025,3.29,9.24,33.7,0.0,53.7,3.34,14.0,6.74,336000.0,43000.0,
qc_202511.pdf,292,La Merced Don Jacinto,01/11/2025,30/11/2025,20/11/2025,3.25,8.88,33.6,0.0,52.6,3.32,14.0,6.76,379000.0,90000.0,
qc_202511.pdf,292,La Merced Don Jacinto,01/11/2025,30/11/2025,20/11/2025,3.25,9.17,33.5,0.0,53.3,3.32,14.0,6.76,379000.0,90000.0,
qc_202511.pdf,292,La Merced Don Jacinto,01/11/2025,30/11/2025,21/11/2025,3.23,8.88,33.6,0.0,52.6,3.32,14.0,6.75,,,
qc_202511.pdf,292,La Merced Don Jacinto,01/11/2025,30/11/2025,21/11/2025,3.08,9.03,33.0,0.0,52.4,3.26,14.0,6.8,,,
qc_202511.pdf,292,La Merced Don Jacinto,01/11/2025,30/11/2025,22/11/2025,3.32,8.91,33.6,0.0,52.7,3.34,14.0,6.76,,,
qc_202511.pdf,292,La Merced Don Jacinto,01/11/2025,30/11/2025,22/11/2025,3.18,8.85,33.5,0.0,52.4,3.31,14.0,6.78,,,
qc_202511.pdf,292,La Merced Don Jacinto,01/11/2025,30/11/2025,23/11/2025,3.34,9.18,33.4,0.0,53.3,3.32,14.0,6.78,,,
qc_202511.pdf,292,La Merced Don Jacinto,01/11/2025,30/11/2025,23/11/2025,3.17,8.78,33.3,0.0,52.0,3.29,14.0,6.74,,,
qc_202511.pdf,292,La Merced Don Jacinto,01/11/2025,30/11/2025,24/11/2025,3.23,9.07,33.1,0.0,52.6,3.28,14.0,6.73,,,
qc_202511.pdf,292,La Merced Don Jacinto,01/11/2025,30/11/2025,24/11/2025,3.9,9.16,32.18,0.0,52.9,3.32,14.0,6.77,,,
qc_202511.pdf,292,La Merced Don Jacinto,01/11/2025,30/11/2025,25/11/2025,3.22,9.13,33.3,0.0,53.0,3.3,14.0,6.8,,,
qc_202511.pdf,292,La Merced Don Jacinto,01/11/2025,30/11/2025,25/11/2025,3.68,8.82,33.0,0.0,52.0,3.31,14.0,6.78,,,
qc_202511.pdf,292,La Merced Don Jacinto,01/11/2025,30/11/2025,26/11/2025,3.17,8.84,33.5,0.0,52.3,3.31,14.0,6.77,421000.0,101000.0,
qc_202511.pdf,292,La Merced Don Jacinto,01/11/2025,30/11/2025,26/11/2025,3.06,9.55,35.2,0.0,55.9,3.46,14.0,6.75,421000.0,101000.0,
qc_202511.pdf,292,La Merced Don Jacinto,01/11/2025,30/11/2025,27/11/2025,3.24,9.05,34.3,0.0,53.7,3.39,14.0,6.74,324000.0,24000.0,
qc_202511.pdf,292,La Merced Don Jacinto,01/11/2025,30/11/2025,27/11/2025,3.2,9.1,33.2,0.0,52.8,3.29,14.0,6.76,324000.0,24000.0,
qc_202511.pdf,292,La Merced Don Jacinto,01/11/2025,30/11/2025,28/11/2025,3.38,8.85,33.3,0.0,52.3,3.31,14.0,6.76,,,
qc_202511.pdf,292,La Merced Don Jacinto,01/11/2025,30/11/2025,28/11/2025,3.16,8.84,33.5,0.0,52.3,3.31,14.0,6.79,,,
qc_202511.pdf,292,La Merced Don Jacinto,01/11/2025,30/11/2025,29/11/2025,3.39,9.15,33.3,0.0,53.1,3.31,14.0,6.75,,,
qc_202511.pdf,292,La Merced Don Jacinto,01/11/2025,30/11/2025,29/11/2025,3.33,8.74,33.0,0.0,51.6,3.27,14.0,6.77,,,
qc_202511.pdf,292,La Merced Don Jacinto,01/11/2025,30/11/2025,30/11/2025,3.38,9.03,32.8,0.0,52.3,3.27,14.0,6.78,,,
qc_202512.pdf,292,La Merced Don Jacinto,01/12/2025,31/12/2026,01/12/2025,3.23,8.78,1033.0,0.0,-0.519,3.29,14.0,6.67,,,
qc_202512.pdf,292,La Merced Don Jacinto,01/12/2025,31/12/2026,02/12/2025,3.29,9.07,1033.0,0.0,-0.526,3.28,14.0,6.66,,,
qc_202512.pdf,292,La Merced Don Jacinto,01/12/2025,31/12/2026,02/12/2025,2.77,8.74,1034.0,0.0,-0.518,3.27,14.0,6.67,,,
qc_202512.pdf,292,La Merced Don Jacinto,01/12/2025,31/12/2026,03/12/2025,3.22,8.85,1034.0,0.0,-0.526,3.22,14.0,6.67,,,
qc_202512.pdf,292,La Merced Don Jacinto,01/12/2025,31/12/2026,03/12/2025,3.35,9.14,1033.0,0.0,-0.531,3.31,14.0,6.66,,,
qc_202512.pdf,292,La Merced Don Jacinto,01/12/2025,31/12/2026,04/12/2025,3.14,9.11,1033.0,0.0,-0.529,3.29,14.0,6.66,319000.0,10000.0,
qc_202512.pdf,292,La Merced Don Jacinto,01/12/2025,31/12/2026,04/12/2025,3.24,9.18,1034.0,0.0,-0.533,3.32,14.0,6.75,319000.0,10000.0,
qc_202512.pdf,292,La Merced Don Jacinto,01/12/2025,31/12/2026,05/12/2025,3.18,9.02,1034.0,0.0,-0.535,3.38,14.0,6.74,294000.0,9000.0,
qc_202512.pdf,292,La Merced Don Jacinto,01/12/2025,31/12/2026,05/12/2025,3.12,8.72,1032.0,0.0,-0.516,3.26,14.0,6.67,294000.0,9000.0,
qc_202512.pdf,292,La Merced Don Jacinto,01/12/2025,31/12/2026,06/12/2025,3.16,9.03,1033.0,0.0,-0.524,3.26,14.0,6.69,,,
qc_202512.pdf,292,La Merced Don Jacinto,01/12/2025,31/12/2026,06/12/2025,3.26,9.28,1034.0,0.0,-0.54,3.36,14.0,6.74,,,
qc_202512.pdf,292,La Merced Don Jacinto,01/12/2025,31/12/2026,07/12/2025,3.21,8.89,1034.0,0.0,-0.527,3.33,14.0,6.75,,,
qc_202512.pdf,292,La Merced Don Jacinto,01/12/2025,31/12/2026,07/12/2025,3.26,9.21,1035.0,0.0,-0.547,3.45,14.0,6.74,,,
qc_202512.pdf,292,La Merced Don Jacinto,01/12/2025,31/12/2026,08/12/2025,3.2,9.16,1034.0,0.0,-0.532,3.31,14.0,6.75,,,
qc_202512.pdf,292,La Merced Don Jacinto,01/12/2025,31/12/2026,08/12/2025,3.24,8.75,1033.0,0.0,-0.517,3.28,14.0,6.74,,,
qc_202512.pdf,292,La Merced Don Jacinto,01/12/2025,31/12/2026,09/12/2025,3.1,9.1,1033.0,0.0,-0.529,3.29,14.0,6.74,,,
qc_202512.pdf,292,La Merced Don Jacinto,01/12/2025,31/12/2026,09/12/2025,3.22,9.04,1034.0,0.0,-0.536,3.38,14.0,6.76,,,
qc_202512.pdf,292,La Merced Don Jacinto,01/12/2025,31/12/2026,10/12/2025,3.18,9.14,1033.0,0.0,-0.531,3.31,14.0,6.76,,,(+) (+)
qc_202512.pdf,292,La Merced Don Jacinto,01/12/2025,31/12/2026,10/12/2025,3.48,9.13,1033.0,0.0,-0.529,3.3,14.0,6.7,,,
qc_202512.pdf,292,La Merced Don Jacinto,01/12/2025,31/12/2026,11/12/2025,3.37,9.54,1035.0,0.0,-0.556,3.46,14.0,6.74,364000.0,21000.0,
qc_202512.pdf,292,La Merced Don Jacinto,01/12/2025,31/12/2026,11/12/2025,,,,,,,14.0,6.69,364000.0,21000.0,
qc_202512.pdf,292,La Merced Don Jacinto,01/12/2025,31/12/2026,12/12/2025,3.3,9.34,1035.0,0.0,-0.555,3.5,14.0,6.75,324000.0,20000.0,
qc_202512.pdf,292,La Merced Don Jacinto,01/12/2025,31/12/2026,12/12/2025,3.53,8.63,1032.0,0.0,-0.509,3.24,14.0,6.67,324000.0,20000.0,
qc_202512.pdf,292,La Merced Don Jacinto,01/12/2025,31/12/2026,13/12/2025,3.22,9.0,1033.0,0.0,-0.522,3.25,14.0,6.67,,,
qc_202512.pdf,292,La Merced Don Jacinto,01/12/2025,31/12/2026,13/12/2025,3.13,9.01,1033.0,0.0,-0.523,3.26,14.0,6.69,,,
qc_202512.pdf,292,La Merced Don Jacinto,01/12/2025,31/12/2026,14/12/2025,3.36,9.19,1033.0,0.0,-0.533,3.32,14.0,6.66,,,
qc_202512.pdf,292,La Merced Don Jacinto,01/12/2025,31/12/2026,14/12/2025,3.35,8.81,1033.0,0.0,-0.521,3.3,14.0,6.69,,,
qc_202512.pdf,292,La Merced Don Jacinto,01/12/2025,31/12/2026,15/12/2025,3.17,8.75,1033.0,0.0,-0.518,3.28,14.0,6.66,,,
qc_202512.pdf,292,La Merced Don Jacinto,01/12/2025,31/12/2026,15/12/2025,3.04,8.96,1033.0,0.0,-0.52,3.24,14.0,6.77,,,
qc_202512.pdf,292,La Merced Don Jacinto,01/12/2025,31/12/2026,16/12/2025,3.41,9.07,1033.0,0.0,-0.526,3.28,14.0,6.66,,,
qc_202512.pdf,292,La Merced Don Jacinto,01/12/2025,31/12/2026,16/12/2025,3.22,8.89,1034.0,0.0,-0.527,3.33,14.0,6.76,,,
qc_202512.pdf,292,La Merced Don Jacinto,01/12/2025,31/12/2026,17/12/2025,3.17,8.73,1033.0,0.0,-0.516,3.27,14.0,6.69,391000.0,8000.0,
qc_202512.pdf,292,La Merced Don Jacinto,01/12/2025,31/12/2026,17/12/2025,3.22,8.79,1033.0,0.0,-0.525,3.29,14.0,6.69,391000.0,8000.0,
qc_202512.pdf,292,La Merced Don Jacinto,01/12/2025,31/12/2026,18/12/2025,3.45,9.05,1033.0,0.0,-0.525,3.37,14.0,6.68,384000.0,9000.0,
qc_202512.pdf,292,La Merced Don Jacinto,01/12/2025,31/12/2026,18/12/2025,3.34,8.91,1032.0,0.0,-0.521,3.22,14.0,6.66,384000.0,9000.0,
qc_202512.pdf,292,La Merced Don Jacinto,01/12/2025,31/12/2026,19/12/2025,2.97,8.74,1032.0,0.0,-0.508,3.16,14.0,6.66,,,
qc_202512.pdf,292,La Merced Don Jacinto,01/12/2025,31/12/2026,19/12/2025,3.11,8.51,1032.0,0.0,-0.502,3.19,14.0,6.68,,,
qc_202512.pdf,292,La Merced Don Jacinto,01/12/2025,31/12/2026,20/12/2025,2.95,8.53,1032.0,0.0,-0.504,3.19,14.0,6.67,,,
qc_202512.pdf,292,La Merced Don Jacinto,01/12/2025,31/12/2026,20/12/2025,3.33,9.16,1033.0,0.0,-0.532,3.31,14.0,6.76,,,
qc_202512.pdf,292,La Merced Don Jacinto,01/12/2025,31/12/2026,21/12/2025,3.19,8.76,1033.0,0.0,-0.518,3.28,14.0,6.74,,,
qc_202512.pdf,292,La Merced Don Jacinto,01/12/2025,31/12/2026,22/12/2025,3.75,9.15,1034.0,0.0,-0.541,3.43,14.0,6.74,,,
qc_202512.pdf,292,La Merced Don Jacinto,01/12/2025,31/12/2026,23/12/2025,3.79,9.05,1033.0,0.0,-0.522,3.28,14.0,6.74,,,
qc_202512.pdf,292,La Merced Don Jacinto,01/12/2025,31/12/2026,23/12/2025,3.16,8.91,1033.0,0.0,-0.515,3.22,14.0,6.74,,,(+) (+)
qc_202512.pdf,292,La Merced Don Jacinto,01/12/2025,31/12/2026,24/12/2025,3.1,8.63,1033.0,0.0,-0.51,3.23,14.0,6.75,313000.0,11000.0,(+) (+)
qc_202512.pdf,292,La Merced Don Jacinto,01/12/2025,31/12/2026,24/12/2025,3.56,9.0,1036.0,0.0,-0.564,3.52,14.0,6.66,313000.0,11000.0,
qc_202512.pdf,292,La Merced Don Jacinto,01/12/2025,31/12/2026,25/12/2025,3.18,8.74,1033.0,0.0,-0.517,3.27,14.0,6.68,288000.0,33000.0,
qc_202512.pdf,292,La Merced Don Jacinto,01/12/2025,31/12/2026,25/12/2025,3.14,9.06,1033.0,0.0,-0.526,3.3,14.0,6.76,288000.0,33000.0,
qc_202512.pdf,292,La Merced Don Jacinto,01/12/2025,31/12/2026,26/12/2025,3.07,8.78,1033.0,0.0,-0.52,3.3,14.0,6.77,,,
qc_202512.pdf,292,La Merced Don Jacinto,01/12/2025,31/12/2026,26/12/2025,3.02,9.05,1033.0,0.0,-0.526,3.27,14.0,6.72,,,
qc_202512.pdf,292,La Merced Don Jacinto,01/12/2025,31/12/2026,27/12/2025,2.98,8.81,1034.0,0.0,-0.522,3.3,14.0,6.73,,,
qc_202512.pdf,292,La Merced Don Jacinto,01/12/2025,31/12/2026,28/12/2025,3.12,9.21,1034.0,0.0,-0.536,3.33,14.0,6.77,,,
qc_202512.pdf,292,La Merced Don Jacinto,01/12/2025,31/12/2026,29/12/2025,3.0,8.56,1033.0,0.0,-0.506,3.2,14.0,6.79,,,
qc_202512.pdf,292,La Merced Don Jacinto,01/12/2025,31/12/2026,29/12/2025,3.52,8.73,1033.0,0.0,-0.515,3.27,14.0,6.78,,,
qc_202512.pdf,292,La Merced Don Jacinto,01/12/2025,31/12/2026,30/12/2025,,,,,,,14.0,6.74,,,
qc_202512.pdf,292,La Merced Don Jacinto,01/12/2025,31/12/2026,30/12/2025,3.0,9.8,1033.0,0.0,-0.528,3.28,14.0,6.75,,,
qc_202512.pdf,292,La Merced Don Jacinto,01/12/2025,31/12/2026,31/12/2025,3.14,8.75,1033.0,0.0,-0.518,3.28,14.0,6.76,,,
qc_202601.pdf,292,La Merced Don Jacinto,01/01/2026,31/01/2026,01/01/2026,3.18,8.68,1033.0,0.0,-0.51,3.24,14.0,6.76,,,
qc_202601.pdf,292,La Merced Don Jacinto,01/01/2026,31/01/2026,01/01/2026,2.94,9.08,1034.0,0.0,-0.529,3.28,14.0,6.75,,,
qc_202601.pdf,292,La Merced Don Jacinto,01/01/2026,31/01/2026,02/01/2026,2.99,9.09,1034.0,0.0,-0.53,3.28,14.0,6.72,,,
qc_202601.pdf,292,La Merced Don Jacinto,01/01/2026,31/01/2026,02/01/2026,2.98,8.76,1033.0,0.0,-0.519,3.28,14.0,6.76,,,
qc_202601.pdf,292,La Merced Don Jacinto,01/01/2026,31/01/2026,03/01/2026,3.08,9.11,1033.0,0.0,-0.53,3.29,14.0,6.75,,,
qc_202601.pdf,292,La Merced Don Jacinto,01/01/2026,31/01/2026,04/01/2026,2.98,9.1,1033.0,0.0,-0.529,3.29,14.0,6.78,,,
qc_202601.pdf,292,La Merced Don Jacinto,01/01/2026,31/01/2026,04/01/2026,2.97,9.1,1033.0,0.0,-0.529,3.29,14.0,6.76,,,
qc_202601.pdf,292,La Merced Don Jacinto,01/01/2026,31/01/2026,04/01/2026,2.88,8.67,1033.0,0.0,-0.513,3.24,14.0,6.77,,,
qc_202601.pdf,292,La Merced Don Jacinto,01/01/2026,31/01/2026,05/01/2026,3.66,9.44,1034.0,0.0,-0.548,3.42,14.0,6.76,,,
qc_202601.pdf,292,La Merced Don Jacinto,01/01/2026,31/01/2026,05/01/2026,2.8,8.7,1033.0,0.0,-0.515,3.25,14.0,6.79,,,
qc_202601.pdf,292,La Merced Don Jacinto,01/01/2026,31/01/2026,06/01/2026,4.12,8.87,1033.0,0.0,-0.522,3.33,14.0,6.79,,,
qc_202601.pdf,292,La Merced Don Jacinto,01/01/2026,31/01/2026,07/01/2026,3.04,9.11,1033.0,0.0,-0.53,3.29,14.0,6.79,,,
qc_202601.pdf,292,La Merced Don Jacinto,01/01/2026,31/01/2026,08/01/2026,2.95,9.01,1033.0,0.0,-0.524,3.26,14.0,6.76,,,
qc_202601.pdf,292,La Merced Don Jacinto,01/01/2026,31/01/2026,08/01/2026,2.96,9.08,1033.0,0.0,-0.528,3.28,14.0,6.76,,,
qc_202601.pdf,292,La Merced Don Jacinto,01/01/2026,31/01/2026,08/01/2026,2.97,8.81,1034.0,0.0,-0.522,3.3,14.0,6.77,,,
qc_202601.pdf,292,La Merced Don Jacinto,01/01/2026,31/01/2026,08/01/2026,3.31,8.61,1032.0,0.0,-0.508,3.23,14.0,6.76,,,
qc_202601.pdf,292,La Merced Don Jacinto,01/01/2026,31/01/2026,09/01/2026,3.05,8.83,1034.0,0.0,-0.523,3.3,14.0,6.75,,,
qc_202601.pdf,292,La Merced Don Jacinto,01/01/2026,31/01/2026,09/01/2026,3.12,9.08,1033.0,0.0,-0.527,3.28,14.0,6.76,,,
qc_202601.pdf,292,La Merced Don Jacinto,01/01/2026,31/01/2026,10/01/2026,3.09,8.88,1034.0,0.0,-0.526,3.32,14.0,6.75,,,
qc_202601.pdf,292,La Merced Don Jacinto,01/01/2026,31/01/2026,11/01/2026,3.05,9.09,1033.0,0.0,-0.528,3.29,14.0,6.75,,,
qc_202601.pdf,292,La Merced Don Jacinto,01/01/2026,31/01/2026,11/01/2026,3.04,8.8,1034.0,0.0,-0.521,3.29,14.0,6.75,,,
qc_202601.pdf,292,La Merced Don Jacinto,01/01/2026,31/01/2026,13/01/2026,3.06,9.05,1033.0,0.0,-0.526,3.27,14.0,6.74,,,
qc_202601.pdf,292,La Merced Don Jacinto,01/01/2026,31/01/2026,13/01/2026,3.08,8.72,1033.0,0.0,-0.516,3.26,14.0,6.75,,,
qc_202601.pdf,292,La Merced Don Jacinto,01/01/2026,31/01/2026,13/01/2026,3.02,8.91,1033.0,0.0,-0.517,3.22,14.0,6.74,,,
qc_202601.pdf,292,La Merced Don Jacinto,01/01/2026,31/01/2026,14/01/2026,3.17,8.96,1033.0,0.0,-0.519,3.24,14.0,6.74,,,
qc_202601.pdf,292,La Merced Don Jacinto,01/01/2026,31/01/2026,15/01/2026,2.98,8.64,1033.0,0.0,-0.511,3.23,14.0,6.79,,,
qc_202601.pdf,292,La Merced Don Jacinto,01/01/2026,31/01/2026,15/01/2026,3.15,9.08,1033.0,0.0,-0.527,3.28,14.0,6.77,,,
qc_202601.pdf,292,La Merced Don Jacinto,01/01/2026,31/01/2026,15/01/2026,3.06,9.02,1033.0,0.0,-0.524,3.26,14.0,6.79,,,
qc_202601.pdf,292,La Merced Don Jacinto,01/01/2026,31/01/2026,16/01/2026,3.11,8.7,1033.0,0.0,-0.514,3.26,14.0,6.78,,,
qc_202601.pdf,292,La Merced Don Jacinto,01/01/2026,31/01/2026,17/01/2026,3.15,9.17,1034.0,0.0,-0.533,3.32,14.0,6.76,,,
qc_202601.pdf,292,La Merced Don Jacinto,01/01/2026,31/01/2026,17/01/2026,3.09,8.99,1033.0,0.0,-0.522,3.25,14.0,6.77,,,
qc_202601.pdf,292,La Merced Don Jacinto,01/01/2026,31/01/2026,18/01/2026,3.16,9.22,1034.0,0.0,-0.536,3.33,14.0,6.77,,,
qc_202601.pdf,292,La Merced Don Jacinto,01/01/2026,31/01/2026,19/01/2026,3.04,8.93,1034.0,0.0,-0.53,3.34,14.0,6.78,,,
qc_202601.pdf,292,La Merced Don Jacinto,01/01/2026,31/01/2026,19/01/2026,3.2,9.24,1034.0,0.0,-0.538,3.34,14.0,6.77,,,
qc_202601.pdf,292,La Merced Don Jacinto,01/01/2026,31/01/2026,20/01/2026,3.3,8.77,1033.0,0.0,-0.518,3.28,14.0,6.79,,,
qc_202601.pdf,292,La Merced Don Jacinto,01/01/2026,31/01/2026,20/01/2026,3.25,9.25,1034.0,0.0,-0.538,3.35,14.0,6.77,,,
qc_202601.pdf,292,La Merced Don Jacinto,01/01/2026,31/01/2026,21/01/2026,,,,,,,14.0,6.75,,,
qc_202601.pdf,292,La Merced Don Jacinto,01/01/2026,31/01/2026,21/01/2026,,,,,,,14.0,6.8,,,
qc_202601.pdf,292,La Merced Don Jacinto,01/01/2026,31/01/2026,22/01/2026,3.21,9.51,1033.0,0.0,-0.55,3.43,14.0,6.78,398000.0,10000.0,
qc_202601.pdf,292,La Merced Don Jacinto,01/01/2026,31/01/2026,22/01/2026,3.01,9.17,1034.0,0.0,-0.534,3.32,14.0,6.69,398000.0,10000.0,
qc_202601.pdf,292,La Merced Don Jacinto,01/01/2026,31/01/2026,23/01/2026,3.19,8.96,1033.0,0.0,-0.519,3.24,14.0,6.77,,,
qc_202601.pdf,292,La Merced Don Jacinto,01/01/2026,31/01/2026,23/01/2026,3.0,9.3,1034.0,0.0,-0.542,3.36,14.0,6.7,,,
qc_202601.pdf,292,La Merced Don Jacinto,01/01/2026,31/01/2026,24/01/2026,3.26,9.07,1033.0,0.0,-0.526,3.28,14.0,6.76,,,
qc_202601.pdf,292,La Merced Don Jacinto,01/01/2026,31/01/2026,24/01/2026,3.24,9.16,1031.0,0.0,-0.526,3.3,14.0,6.76,,,
qc_202601.pdf,292,La Merced Don Jacinto,01/01/2026,31/01/2026,25/01/2026,3.28,9.21,1032.0,0.0,-0.533,3.34,14.0,6.78,,,
qc_202601.pdf,292,La Merced Don Jacinto,01/01/2026,31/01/2026,25/01/2026,3.05,9.07,1034.0,0.0,-0.528,3.28,14.0,6.8,,,
qc_202601.pdf,292,La Merced Don Jacinto,01/01/2026,31/01/2026,26/01/2026,3.02,9.07,1033.0,0.0,-0.528,3.28,14.0,6.79,,,
qc_202601.pdf,292,La Merced Don Jacinto,01/01/2026,31/01/2026,27/01/2026,3.48,8.99,1033.0,0.0,-0.52,3.25,14.0,6.78,,,
qc_202601.pdf,292,La Merced Don Jacinto,01/01/2026,31/01/2026,28/01/2026,3.28,9.0,1033.0,0.0,-0.521,3.25,14.0,6.76,370000.0,119000.0,
qc_202601.pdf,292,La Merced Don Jacinto,01/01/2026,31/01/2026,28/01/2026,3.27,8.96,1033.0,0.0,-0.519,3.24,14.0,6.8,370000.0,119000.0,
qc_202601.pdf,292,La Merced Don Jacinto,01/01/2026,31/01/2026,29/01/2026,3.05,9.03,1033.0,0.0,-0.525,3.26,14.0,6.77,323000.0,9000.0,
qc_202601.pdf,292,La Merced Don Jacinto,01/01/2026,31/01/2026,29/01/2026,3.26,8.97,1033.0,0.0,-0.52,3.24,14.0,6.74,323000.0,9000.0,
qc_202601.pdf,292,La Merced Don Jacinto,01/01/2026,31/01/2026,30/01/2026,,,,,,,14.0,6.75,,,
qc_202601.pdf,292,La Merced Don Jacinto,01/01/2026,31/01/2026,30/01/2026,3.22,8.98,1033.0,0.0,-0.52,3.25,14.0,6.67,,,
qc_202601.pdf,292,La Merced Don Jacinto,01/01/2026,31/01/2026,31/01/2026,3.14,8.97,1033.0,0.0,-0.52,3.24,14.0,6.69,,,
qc_202602.pdf,292,La Merced Don Jacinto,01/02/2026,28/02/2026,01/02/2026,3.1,8.98,1033.0,0.0,-0.521,3.25,14.0,6.8,,,
qc_202602.pdf,292,La Merced Don Jacinto,01/02/2026,28/02/2026,01/02/2026,3.7,9.12,1031.0,0.0,-0.526,3.28,14.0,6.67,,,
qc_202602.pdf,292,La Merced Don Jacinto,01/02/2026,28/02/2026,02/02/2026,3.29,9.14,1033.0,0.0,-0.531,3.31,14.0,6.72,,,
qc_202602.pdf,292,La Merced Don Jacinto,01/02/2026,28/02/2026,02/02/2026,3.05,9.07,1033.0,0.0,-0.527,3.28,14.0,6.8,,,
qc_202602.pdf,292,La Merced Don Jacinto,01/02/2026,28/02/2026,03/02/2026,3.19,9.22,1032.0,0.0,-0.53,3.32,14.0,6.75,,,
qc_202602.pdf,292,La Merced Don Jacinto,01/02/2026,28/02/2026,03/02/2026,3.24,9.32,1032.0,0.0,-0.537,3.36,14.0,6.73,,,
qc_202602.pdf,292,La Merced Don Jacinto,01/02/2026,28/02/2026,04/02/2026,3.25,9.21,1034.0,0.0,-0.535,3.33,14.0,6.76,355000.0,27000.0,
qc_202602.pdf,292,La Merced Don Jacinto,01/02/2026,28/02/2026,04/02/2026,3.19,8.95,1033.0,0.0,-0.519,3.32,14.0,6.76,355000.0,27000.0,
qc_202602.pdf,292,La Merced Don Jacinto,01/02/2026,28/02/2026,05/02/2026,3.21,9.3,1340.0,0.0,-0.541,3.37,14.0,6.74,337000.0,18000.0,
qc_202602.pdf,292,La Merced Don Jacinto,01/02/2026,28/02/2026,05/02/2026,3.31,9.33,1340.0,0.0,-0.543,3.38,14.0,6.75,337000.0,18000.0,
qc_202602.pdf,292,La Merced Don Jacinto,01/02/2026,28/02/2026,06/02/2026,3.25,9.24,1316.0,0.0,-0.532,3.33,14.0,6.77,,,
qc_202602.pdf,292,La Merced Don Jacinto,01/02/2026,28/02/2026,06/02/2026,3.43,9.43,1032.0,0.0,-0.546,3.4,14.0,6.78,,,
qc_202602.pdf,292,La Merced Don Jacinto,01/02/2026,28/02/2026,07/02/2026,3.36,9.5,1035.0,0.0,-0.553,3.44,14.0,6.77,,,
qc_202602.pdf,292,La Merced Don Jacinto,01/02/2026,28/02/2026,08/02/2026,3.47,8.92,1032.0,0.0,-0.516,3.22,14.0,6.69,,,
qc_202602.pdf,292,La Merced Don Jacinto,01/02/2026,28/02/2026,08/02/2026,3.56,9.16,1032.0,0.0,-0.529,3.3,14.0,6.69,,,
qc_202602.pdf,292,La Merced Don Jacinto,01/02/2026,28/02/2026,08/02/2026,3.41,9.21,1031.0,0.0,-0.53,3.32,14.0,6.66,,,
qc_202602.pdf,292,La Merced Don Jacinto,01/02/2026,28/02/2026,09/02/2026,3.3,9.3,1034.0,0.0,-0.541,3.37,14.0,6.76,,,
qc_202602.pdf,292,La Merced Don Jacinto,01/02/2026,28/02/2026,09/02/2026,3.96,9.24,1033.0,0.0,-0.534,3.35,14.0,6.67,,,
qc_202602.pdf,292,La Merced Don Jacinto,01/02/2026,28/02/2026,10/02/2026,3.32,9.35,1034.0,0.0,-0.544,3.38,14.0,6.74,,,
qc_202602.pdf,292,La Merced Don Jacinto,01/02/2026,28/02/2026,11/02/2026,3.47,9.21,1031.0,0.0,-0.531,3.32,14.0,6.69,628000.0,70000.0,
qc_202602.pdf,292,La Merced Don Jacinto,01/02/2026,28/02/2026,11/02/2026,3.79,9.01,1032.0,0.0,-0.52,3.26,14.0,6.67,628000.0,70000.0,
qc_202602.pdf,292,La Merced Don Jacinto,01/02/2026,28/02/2026,12/02/2026,3.95,8.94,1029.0,0.0,-0.514,3.17,14.0,6.69,619000.0,49000.0,
qc_202602.pdf,292,La Merced Don Jacinto,01/02/2026,28/02/2026,12/02/2026,3.73,8.95,1032.0,0.0,-0.516,3.24,14.0,6.66,619000.0,49000.0,
qc_202602.pdf,292,La Merced Don Jacinto,01/02/2026,28/02/2026,13/02/2026,3.53,9.03,1033.0,0.0,-0.522,3.27,14.0,6.67,,,
qc_202602.pdf,292,La Merced Don Jacinto,01/02/2026,28/02/2026,13/02/2026,3.73,9.1,1031.0,0.0,-0.501,3.28,14.0,6.69,,,
qc_202602.pdf,292,La Merced Don Jacinto,01/02/2026,28/02/2026,14/02/2026,3.46,9.13,1031.0,0.0,-0.525,3.29,14.0,6.66,,,
qc_202602.pdf,292,La Merced Don Jacinto,01/02/2026,28/02/2026,14/02/2026,3.43,8.89,1033.0,0.0,-0.518,3.26,14.0,6.66,,,
qc_202602.pdf,292,La Merced Don Jacinto,01/02/2026,28/02/2026,15/02/2026,3.46,9.16,1033.0,0.0,-0.531,3.32,14.0,6.79,,,
qc_202602.pdf,292,La Merced Don Jacinto,01/02/2026,28/02/2026,15/02/2026,3.45,9.03,1033.0,0.0,-0.523,3.27,14.0,6.79,,,
qc_202602.pdf,292,La Merced Don Jacinto,01/02/2026,28/02/2026,15/02/2026,3.69,9.68,1033.0,0.0,-0.576,3.45,14.0,6.81,,,
qc_202602.pdf,292,La Merced Don Jacinto,01/02/2026,28/02/2026,16/02/2026,3.24,8.95,1033.0,0.0,-0.515,3.23,14.0,6.66,,,
qc_202602.pdf,292,La Merced Don Jacinto,01/02/2026,28/02/2026,16/02/2026,3.46,9.16,1033.0,0.0,-0.531,3.32,14.0,6.8,,,
qc_202602.pdf,292,La Merced Don Jacinto,01/02/2026,28/02/2026,17/02/2026,3.27,9.13,1033.0,0.0,-0.53,3.3,14.0,6.74,,,
qc_202602.pdf,292,La Merced Don Jacinto,01/02/2026,28/02/2026,17/02/2026,3.81,9.43,1034.0,0.0,-0.546,3.42,14.0,6.67,,,
qc_202602.pdf,292,La Merced Don Jacinto,01/02/2026,28/02/2026,18/02/2026,3.25,9.13,1033.0,0.0,-0.53,3.3,14.0,6.74,713000.0,8000.0,
qc_202602.pdf,292,La Merced Don Jacinto,01/02/2026,28/02/2026,18/02/2026,3.18,9.05,1033.0,0.0,-0.525,3.27,14.0,6.77,713000.0,8000.0,
qc_202602.pdf,292,La Merced Don Jacinto,01/02/2026,28/02/2026,19/02/2026,3.33,9.1,1033.0,0.0,-0.528,3.29,14.0,6.8,313000.0,13000.0,
qc_202602.pdf,292,La Merced Don Jacinto,01/02/2026,28/02/2026,19/02/2026,3.19,9.11,1033.0,0.0,-0.529,3.29,14.0,6.79,313000.0,13000.0,
qc_202602.pdf,292,La Merced Don Jacinto,01/02/2026,28/02/2026,20/02/2026,3.24,9.05,1033.0,0.0,-0.525,3.27,14.0,6.81,,,
qc_202602.pdf,292,La Merced Don Jacinto,01/02/2026,28/02/2026,20/02/2026,3.35,9.14,1033.0,0.0,-0.53,3.31,14.0,6.79,,,
qc_202602.pdf,292,La Merced Don Jacinto,01/02/2026,28/02/2026,21/02/2026,,,,,,,14.0,6.81,,,
qc_202602.pdf,292,La Merced Don Jacinto,01/02/2026,28/02/2026,21/02/2026,3.44,9.32,1034.0,0.0,-0.541,3.37,14.0,6.73,,,
qc_202602.pdf,292,La Merced Don Jacinto,01/02/2026,28/02/2026,22/02/2026,3.4,9.28,1034.0,0.0,-0.539,3.36,14.0,6.75,,,
qc_202602.pdf,292,La Merced Don Jacinto,01/02/2026,28/02/2026,22/02/2026,3.35,9.17,1033.0,0.0,-0.532,3.32,14.0,6.69,,,
qc_202602.pdf,292,La Merced Don Jacinto,01/02/2026,28/02/2026,23/02/2026,3.35,9.12,1033.0,0.0,-0.529,3.33,14.0,6.67,,,
qc_202602.pdf,292,La Merced Don Jacinto,01/02/2026,28/02/2026,23/02/2026,3.16,9.04,1033.0,0.0,-0.525,3.27,14.0,6.74,,,
qc_202602.pdf,292,La Merced Don Jacinto,01/02/2026,28/02/2026,24/02/2026,3.27,9.23,1034.0,0.0,-0.536,3.34,14.0,6.69,,,
qc_202602.pdf,292,La Merced Don Jacinto,01/02/2026,28/02/2026,24/02/2026,3.16,9.1,1033.0,0.0,-0.529,3.29,14.0,6.75,,,
qc_202602.pdf,292,La Merced Don Jacinto,01/02/2026,28/02/2026,25/02/2026,3.27,9.19,1034.0,0.0,-0.534,3.32,14.0,6.69,349000.0,8000.0,
qc_202602.pdf,292,La Merced Don Jacinto,01/02/2026,28/02/2026,25/02/2026,3.29,9.23,1034.0,0.0,-0.536,3.34,14.0,6.73,349000.0,8000.0,
qc_202602.pdf,292,La Merced Don Jacinto,01/02/2026,28/02/2026,26/02/2026,3.28,9.26,1034.0,0.0,-0.538,3.35,14.0,6.75,344000.0,19000.0,
qc_202602.pdf,292,La Merced Don Jacinto,01/02/2026,28/02/2026,26/02/2026,1.42,8.98,1036.0,0.0,-0.546,3.36,14.0,6.66,344000.0,19000.0,
qc_202602.pdf,292,La Merced Don Jacinto,01/02/2026,28/02/2026,27/02/2026,3.44,9.15,1033.0,0.0,-0.53,3.31,14.0,6.67,,,
qc_202602.pdf,292,La Merced Don Jacinto,01/02/2026,28/02/2026,27/02/2026,3.41,9.15,1033.0,0.0,-0.531,3.31,14.0,6.66,,,
qc_202602.pdf,292,La Merced Don Jacinto,01/02/2026,28/02/2026,28/02/2026,3.44,8.85,1034.0,0.0,-0.531,3.34,14.0,6.68,,,
