"Fecha","Último","Apertura","Máximo","Mínimo","Vol.","% var."
"07.04.2026","1.395,24","1.386,39","1.396,83","1.385,94","","0,14%"
"06.04.2026","1.393,25","1.397,50","1.402,00","1.384,38","","0,49%"
"03.04.2026","1.386,50","1.386,50","1.386,50","1.386,45","","0,01%"
"02.04.2026","1.386,42","1.386,38","1.386,42","1.386,38","","-0,38%"
"01.04.2026","1.391,75","1.376,50","1.393,00","1.375,50","","0,67%"
"31.03.2026","1.382,50","1.400,00","1.401,00","1.380,00","","-1,13%"
"30.03.2026","1.398,25","1.385,00","1.398,50","1.374,00","","0,92%"
"27.03.2026","1.385,50","1.372,50","1.385,50","1.368,00","","1,28%"
"26.03.2026","1.368,00","1.380,00","1.385,00","1.367,00","","-0,64%"
"25.03.2026","1.376,75","1.397,45","1.398,53","1.375,00","","-1,48%"
"24.03.2026","1.397,45","1.397,05","1.397,45","1.397,05","","0,03%"
"23.03.2026","1.397,05","1.397,00","1.397,05","1.397,00","","0,40%"
"20.03.2026","1.391,50","1.400,00","1.403,38","1.390,75","","-0,25%"
"19.03.2026","1.395,00","1.401,00","1.405,00","1.393,25","","0,04%"
"18.03.2026","1.394,50","1.403,00","1.405,50","1.394,50","","-0,13%"
"17.03.2026","1.396,25","1.402,50","1.404,00","1.393,25","","-0,02%"
"16.03.2026","1.396,50","1.402,50","1.404,63","1.392,75","","-0,13%"
"13.03.2026","1.398,25","1.402,25","1.405,00","1.389,00","","0,20%"
"12.03.2026","1.395,50","1.400,00","1.403,50","1.394,25","","0,00%"
"11.03.2026","1.395,50","1.400,00","1.407,28","1.392,25","","-0,29%"
"10.03.2026","1.399,50","1.416,00","1.416,50","1.399,25","","-1,15%"
"09.03.2026","1.415,75","1.413,00","1.426,00","1.413,00","","0,02%"
"06.03.2026","1.415,50","1.410,00","1.417,50","1.405,05","","0,57%"
"05.03.2026","1.407,50","1.400,00","1.410,45","1.395,50","","0,43%"
"04.03.2026","1.401,50","1.417,00","1.417,00","1.399,00","","-0,95%"
"03.03.2026","1.415,00","1.405,50","1.415,50","1.401,50","","1,51%"
"02.03.2026","1.394,00","1.420,00","1.420,50","1.392,00","","-0,21%"
"27.02.2026","1.397,00","1.407,50","1.419,00","1.397,00","","-0,82%"
"26.02.2026","1.408,50","1.400,00","1.423,50","1.399,63","","0,79%"
"25.02.2026","1.397,50","1.379,00","1.397,50","1.375,00","","1,29%"
"24.02.2026","1.379,75","1.375,00","1.380,00","1.372,00","","0,77%"
"23.02.2026","1.369,25","1.376,00","1.376,00","1.362,00","","-0,47%"
"20.02.2026","1.375,75","1.388,00","1.393,24","1.373,00","","-1,06%"
"19.02.2026","1.390,50","1.397,50","1.400,00","1.389,00","","-0,47%"
"18.02.2026","1.397,00","1.402,00","1.406,00","1.393,50","","0,25%"
"17.02.2026","1.393,50","1.393,50","1.393,55","1.393,45","","-0,41%"
"16.02.2026","1.399,25","1.399,25","1.399,25","1.399,25","","0,00%"
"13.02.2026","1.399,25","1.401,00","1.403,00","1.391,75","","0,16%"
"12.02.2026","1.397,00","1.401,00","1.402,00","1.391,00","","-0,53%"
"11.02.2026","1.404,50","1.409,50","1.411,00","1.398,80","","0,04%"
"10.02.2026","1.404,00","1.417,00","1.418,50","1.400,50","","-0,88%"
"09.02.2026","1.416,50","1.431,50","1.434,74","1.416,50","","-1,07%"
"06.02.2026","1.431,79","1.442,28","1.443,50","1.426,00","","-0,73%"
"05.02.2026","1.442,28","1.447,75","1.450,50","1.442,28","","-0,38%"
"04.02.2026","1.447,75","1.448,00","1.450,50","1.445,25","","0,19%"
"03.02.2026","1.445,00","1.452,50","1.452,50","1.444,00","","-0,48%"
"02.02.2026","1.452,00","1.448,50","1.452,75","1.447,50","","0,35%"
"30.01.2026","1.447,00","1.444,04","1.448,50","1.441,55","","0,20%"
"29.01.2026","1.444,04","1.447,00","1.448,00","1.443,50","","-0,03%"
"28.01.2026","1.444,50","1.442,00","1.445,50","1.438,00","","0,12%"
"27.01.2026","1.442,75","1.438,00","1.443,75","1.436,50","","0,35%"
"26.01.2026","1.437,75","1.432,00","1.442,00","1.432,00","","0,23%"
"23.01.2026","1.434,50","1.430,00","1.434,50","1.428,00","","0,37%"
"22.01.2026","1.429,25","1.430,00","1.432,00","1.424,50","","-0,05%"
"21.01.2026","1.430,00","1.434,25","1.436,12","1.427,50","","-0,30%"
"20.01.2026","1.434,25","1.434,00","1.437,50","1.432,13","","-0,12%"
"19.01.2026","1.436,00","1.429,00","1.436,00","1.428,00","","0,45%"
"16.01.2026","1.429,50","1.439,00","1.440,50","1.426,50","","-0,87%"
"15.01.2026","1.442,00","1.451,00","1.453,00","1.441,75","","-0,79%"
"14.01.2026","1.453,50","1.455,00","1.459,25","1.451,25","","-0,34%"
"13.01.2026","1.458,50","1.465,00","1.469,00","1.456,50","","-0,61%"
"12.01.2026","1.467,50","1.461,50","1.468,75","1.461,50","","0,19%"
"09.01.2026","1.464,75","1.461,00","1.468,50","1.461,00","","0,09%"
"08.01.2026","1.463,50","1.462,00","1.463,50","1.457,25","","0,21%"
"07.01.2026","1.460,50","1.469,50","1.472,25","1.459,75","","-0,46%"
"06.01.2026","1.467,25","1.468,00","1.472,50","1.464,38","","-0,17%"
"05.01.2026","1.469,75","1.475,00","1.478,50","1.467,50","","-0,34%"
"02.01.2026","1.474,75","1.460,00","1.475,25","1.457,50","","1,60%"
"01.01.2026","1.451,50","1.451,50","1.451,50","1.451,50","","0,00%"
"31.12.2025","1.451,50","1.451,50","1.451,50","1.451,50","","0,00%"
"30.12.2025","1.451,50","1.456,00","1.461,50","1.451,00","","-0,38%"
"29.12.2025","1.457,00","1.448,00","1.457,25","1.443,76","","0,31%"
"26.12.2025","1.452,50","1.450,00","1.453,50","1.448,25","","0,14%"
"25.12.2025","1.450,50","1.450,50","1.450,50","1.450,50","","0,00%"
"24.12.2025","1.450,50","1.450,50","1.450,50","1.450,50","","0,00%"
"23.12.2025","1.450,50","1.451,00","1.452,00","1.449,25","","-0,09%"
"22.12.2025","1.451,75","1.448,00","1.453,00","1.446,00","","0,17%"
"19.12.2025","1.449,25","1.452,50","1.454,00","1.449,00","","-0,10%"
"18.12.2025","1.450,75","1.452,00","1.454,63","1.450,00","","0,00%"
"17.12.2025","1.450,75","1.452,50","1.455,50","1.447,00","","0,03%"
"16.12.2025","1.450,25","1.472,50","1.472,50","1.444,50","","0,83%"
"15.12.2025","1.438,25","1.440,00","1.443,00","1.436,75","","-0,17%"
"12.12.2025","1.440,75","1.436,00","1.441,25","1.434,00","","0,30%"
"11.12.2025","1.436,50","1.436,50","1.442,00","1.435,75","","-0,09%"
"10.12.2025","1.437,75","1.440,00","1.443,25","1.434,00","","-0,16%"
"09.12.2025","1.440,00","1.435,00","1.442,00","1.433,50","","0,38%"
"08.12.2025","1.434,50","1.434,50","1.434,50","1.434,50","","0,03%"
"05.12.2025","1.434,00","1.440,00","1.447,99","1.432,50","","-0,83%"
"04.12.2025","1.446,00","1.452,50","1.456,50","1.443,00","","-0,48%"
"03.12.2025","1.453,00","1.455,00","1.457,37","1.451,75","","-0,24%"
"02.12.2025","1.456,50","1.455,00","1.458,00","1.451,50","","0,36%"
"01.12.2025","1.451,25","1.450,00","1.453,25","1.447,00","","0,07%"
"28.11.2025","1.450,25","1.452,50","1.456,25","1.447,50","","-0,02%"
"27.11.2025","1.450,50","1.456,00","1.456,00","1.442,00","","-0,15%"
"26.11.2025","1.452,75","1.447,50","1.457,49","1.442,25","","0,36%"
"25.11.2025","1.447,50","1.424,40","1.452,75","1.420,75","","1,62%"
"24.11.2025","1.424,40","1.424,50","1.424,50","1.424,40","","-0,01%"
"21.11.2025","1.424,50","1.424,50","1.424,50","1.424,50","","0,00%"
"20.11.2025","1.424,50","1.410,00","1.425,50","1.406,00","","1,24%"
"19.11.2025","1.407,00","1.400,00","1.408,00","1.394,50","","0,46%"
"18.11.2025","1.400,50","1.390,00","1.401,00","1.384,50","","0,97%"
"17.11.2025","1.387,00","1.395,00","1.407,00","1.383,00","","-1,18%"
"14.11.2025","1.403,50","1.405,00","1.413,50","1.396,50","","-0,32%"
"13.11.2025","1.408,00","1.407,50","1.418,00","1.396,50","","-0,04%"
"12.11.2025","1.408,50","1.412,50","1.417,00","1.390,00","","-0,11%"
"11.11.2025","1.410,00","1.419,99","1.431,00","1.407,50","","-0,70%"
"10.11.2025","1.419,99","1.425,00","1.436,75","1.408,00","","0,21%"
"07.11.2025","1.417,00","1.450,00","1.460,00","1.417,00","","-2,33%"
"06.11.2025","1.450,75","1.450,75","1.450,99","1.449,51","","0,00%"
"05.11.2025","1.450,75","1.455,00","1.457,50","1.442,50","","-0,48%"
"04.11.2025","1.457,75","1.482,50","1.487,75","1.455,25","","-1,52%"
"03.11.2025","1.480,25","1.445,00","1.480,75","1.436,50","","2,35%"
"31.10.2025","1.446,25","1.454,00","1.460,00","1.427,26","","0,47%"
"30.10.2025","1.439,50","1.440,00","1.452,50","1.424,76","","0,14%"
"29.10.2025","1.437,50","1.465,00","1.470,00","1.436,50","","-2,44%"
"28.10.2025","1.473,50","1.435,00","1.486,50","1.430,00","","2,86%"
"27.10.2025","1.432,50","1.345,00","1.432,50","1.332,50","","-3,97%"
"24.10.2025","1.491,75","1.481,25","1.492,25","1.475,00","","0,59%"
"23.10.2025","1.483,00","1.489,50","1.490,00","1.477,50","","-0,37%"
"22.10.2025","1.488,50","1.490,75","1.490,75","1.476,75","","-0,12%"
"21.10.2025","1.490,25","1.482,50","1.490,50","1.475,88","","0,86%"
"20.10.2025","1.477,50","1.465,00","1.478,37","1.455,00","","1,37%"
"17.10.2025","1.457,50","1.415,00","1.471,50","1.407,50","","3,70%"
"16.10.2025","1.405,50","1.380,00","1.413,00","1.365,00","","3,23%"
"15.10.2025","1.361,50","1.375,00","1.395,00","1.356,00","","0,29%"
"14.10.2025","1.357,50","1.355,00","1.374,50","1.347,00","","0,67%"
"13.10.2025","1.348,50","1.427,50","1.427,50","1.335,50","","-5,14%"
"10.10.2025","1.421,50","1.421,50","1.421,50","1.421,50","","0,00%"
"09.10.2025","1.421,50","1.450,00","1.469,00","1.417,00","","-0,58%"
"08.10.2025","1.429,75","1.429,75","1.429,75","1.429,75","","0,00%"
"07.10.2025","1.429,75","1.429,75","1.429,75","1.429,75","","0,00%"
"06.10.2025","1.429,75","1.427,25","1.429,87","1.427,13","","0,35%"
"03.10.2025","1.424,75","1.420,00","1.424,87","1.419,88","","0,02%"
"02.10.2025","1.424,50","1.420,00","1.424,87","1.419,75","","0,07%"
"01.10.2025","1.423,50","1.405,00","1.427,25","1.401,00","","3,17%"
"30.09.2025","1.379,75","1.342,50","1.379,75","1.339,00","","1,60%"
"29.09.2025","1.358,00","1.350,00","1.365,50","1.328,50","","2,14%"
"26.09.2025","1.329,50","1.335,00","1.345,00","1.320,00","","-0,75%"
"25.09.2025","1.339,50","1.330,00","1.344,00","1.312,50","","0,15%"
"24.09.2025","1.337,50","1.347,50","1.368,50","1.328,25","","-2,19%"
"23.09.2025","1.367,50","1.397,50","1.397,50","1.348,50","","-3,03%"
"22.09.2025","1.410,25","1.475,25","1.475,25","1.407,50","","-4,37%"
"19.09.2025","1.474,75","1.474,75","1.475,00","1.474,75","","0,03%"
"18.09.2025","1.474,25","1.472,25","1.474,37","1.472,13","","0,03%"
"17.09.2025","1.473,75","1.465,00","1.474,37","1.465,00","","0,29%"
"16.09.2025","1.469,50","1.464,50","1.471,50","1.459,00","","0,24%"
"15.09.2025","1.466,00","1.460,00","1.471,75","1.453,50","","0,81%"
"12.09.2025","1.454,25","1.437,50","1.458,80","1.435,00","","1,50%"
"11.09.2025","1.432,75","1.430,00","1.436,25","1.423,00","","0,61%"
"10.09.2025","1.424,00","1.415,00","1.426,75","1.408,00","","0,56%"
"09.09.2025","1.416,00","1.406,00","1.423,00","1.405,50","","-0,49%"
"08.09.2025","1.423,00","1.420,00","1.442,50","1.409,50","","4,25%"
"05.09.2025","1.365,00","1.365,00","1.371,37","1.360,00","","0,18%"
"04.09.2025","1.362,50","1.353,50","1.362,88","1.353,50","","0,09%"
"03.09.2025","1.361,25","1.352,00","1.362,00","1.351,00","","0,13%"
"02.09.2025","1.359,50","1.380,00","1.384,00","1.358,00","","-1,25%"
"01.09.2025","1.376,75","1.341,00","1.384,50","1.341,00","","2,21%"
"29.08.2025","1.347,00","1.320,00","1.348,00","1.312,50","","0,97%"
"28.08.2025","1.334,00","1.350,00","1.353,00","1.332,50","","-1,26%"
"27.08.2025","1.351,00","1.360,00","1.367,50","1.350,00","","-0,37%"
"26.08.2025","1.356,00","1.362,50","1.367,50","1.349,25","","-0,22%"
"25.08.2025","1.359,00","1.322,50","1.359,00","1.322,50","","2,88%"
"22.08.2025","1.321,00","1.317,50","1.326,50","1.312,26","","0,49%"
"21.08.2025","1.314,50","1.302,50","1.315,00","1.296,76","","1,08%"
"20.08.2025","1.300,50","1.300,00","1.306,00","1.293,50","","0,70%"
"19.08.2025","1.291,50","1.297,50","1.304,24","1.288,50","","-0,10%"
"18.08.2025","1.292,75","1.302,00","1.308,50","1.291,50","","-0,44%"
"15.08.2025","1.298,50","1.298,50","1.298,50","1.298,50","","0,00%"
"14.08.2025","1.298,50","1.317,50","1.321,50","1.288,50","","-1,16%"
"13.08.2025","1.313,75","1.317,50","1.326,75","1.311,00","","-0,23%"
"12.08.2025","1.316,75","1.322,50","1.326,50","1.316,00","","-0,34%"
"11.08.2025","1.321,25","1.330,00","1.336,25","1.321,00","","-0,32%"
"08.08.2025","1.325,50","1.330,00","1.333,00","1.321,25","","-0,06%"
"07.08.2025","1.326,25","1.337,50","1.341,25","1.325,75","","-0,39%"
"06.08.2025","1.331,50","1.337,50","1.340,00","1.331,00","","-0,58%"
"05.08.2025","1.339,25","1.357,00","1.358,00","1.334,50","","-1,34%"
"04.08.2025","1.357,50","1.357,50","1.365,00","1.352,25","","-0,44%"
"01.08.2025","1.363,50","1.348,50","1.369,99","1.346,00","","-0,58%"
"31.07.2025","1.371,50","1.315,00","1.374,00","1.315,00","","3,90%"
"30.07.2025","1.320,00","1.289,50","1.320,00","1.287,00","","2,21%"
"29.07.2025","1.291,50","1.290,00","1.301,25","1.285,00","","-0,19%"
"28.07.2025","1.294,00","1.273,50","1.294,50","1.273,50","","1,03%"
"25.07.2025","1.280,75","1.272,50","1.286,00","1.267,50","","0,61%"
"24.07.2025","1.273,00","1.257,50","1.274,00","1.254,50","","1,15%"
"23.07.2025","1.258,50","1.257,50","1.263,00","1.254,00","","0,24%"
"22.07.2025","1.255,50","1.275,00","1.280,00","1.252,51","","-1,45%"
"21.07.2025","1.274,00","1.285,00","1.294,00","1.274,00","","-0,89%"
"18.07.2025","1.285,50","1.270,00","1.286,00","1.270,00","","0,92%"
"17.07.2025","1.273,75","1.261,00","1.277,00","1.251,50","","0,97%"
"16.07.2025","1.261,50","1.264,50","1.270,88","1.247,50","","0,12%"
"15.07.2025","1.260,00","1.277,50","1.292,25","1.260,00","","-1,49%"
"14.07.2025","1.279,00","1.260,00","1.279,00","1.255,60","","1,45%"
"11.07.2025","1.260,75","1.255,00","1.265,50","1.250,51","","0,40%"
"10.07.2025","1.255,75","1.252,55","1.267,00","1.251,28","","0,26%"
"09.07.2025","1.252,55","1.252,55","1.252,57","1.252,53","","-0,16%"
"08.07.2025","1.254,50","1.265,00","1.270,00","1.251,00","","-0,59%"
"07.07.2025","1.262,00","1.240,00","1.270,50","1.240,00","","1,65%"
"04.07.2025","1.241,50","1.239,00","1.244,50","1.234,00","","0,81%"
"03.07.2025","1.231,50","1.227,50","1.233,00","1.222,25","","0,18%"
"02.07.2025","1.229,25","1.220,00","1.242,00","1.218,50","","0,68%"
"01.07.2025","1.221,00","1.195,00","1.224,50","1.189,51","","1,37%"
"30.06.2025","1.204,50","1.190,00","1.204,50","1.187,50","","1,37%"
"27.06.2025","1.188,25","1.190,00","1.197,74","1.182,50","","-0,02%"
"26.06.2025","1.188,50","1.186,50","1.198,50","1.182,75","","-0,13%"
"25.06.2025","1.190,00","1.173,00","1.190,00","1.170,13","","1,36%"
"24.06.2025","1.174,00","1.172,50","1.187,01","1.168,63","","0,21%"
"23.06.2025","1.171,50","1.167,00","1.173,62","1.159,50","","0,60%"
"20.06.2025","1.164,50","1.164,50","1.164,51","1.164,49","","0,00%"
"19.06.2025","1.164,50","1.150,00","1.164,50","1.150,00","","1,95%"
"18.06.2025","1.142,25","1.163,50","1.166,50","1.140,75","","-1,74%"
"17.06.2025","1.162,50","1.183,50","1.185,00","1.162,50","","-1,67%"
"16.06.2025","1.182,25","1.182,25","1.182,25","1.182,25","","0,00%"
"13.06.2025","1.182,25","1.188,50","1.193,00","1.182,00","","-0,19%"
"12.06.2025","1.184,50","1.182,00","1.191,50","1.180,25","","0,25%"
"11.06.2025","1.181,50","1.189,00","1.189,00","1.178,50","","-0,53%"
"10.06.2025","1.187,75","1.187,50","1.192,00","1.180,00","","0,21%"
"09.06.2025","1.185,25","1.185,00","1.191,74","1.180,25","","0,02%"
"06.06.2025","1.185,00","1.190,00","1.195,00","1.182,50","","-0,21%"
"05.06.2025","1.187,50","1.187,50","1.194,00","1.183,00","","0,19%"
"04.06.2025","1.185,25","1.180,00","1.185,50","1.179,00","","0,08%"
"03.06.2025","1.184,25","1.180,00","1.190,00","1.179,00","","0,30%"
"02.06.2025","1.180,75","1.187,50","1.191,00","1.176,00","","-0,69%"
"30.05.2025","1.189,00","1.185,00","1.201,50","1.183,00","","0,42%"
"29.05.2025","1.184,00","1.152,50","1.191,50","1.152,50","","2,05%"
"28.05.2025","1.160,25","1.153,50","1.165,75","1.153,00","","0,32%"
"27.05.2025","1.156,50","1.137,50","1.157,50","1.137,50","","1,14%"
"26.05.2025","1.143,50","1.135,50","1.145,00","1.133,50","","1,02%"
"23.05.2025","1.132,00","1.135,00","1.142,50","1.129,00","","-0,37%"
"22.05.2025","1.136,25","1.147,50","1.151,50","1.136,00","","-0,87%"
"21.05.2025","1.146,25","1.153,75","1.155,50","1.141,25","","0,28%"
"20.05.2025","1.143,00","1.142,00","1.146,25","1.130,88","","0,40%"
"19.05.2025","1.138,50","1.132,50","1.145,01","1.127,50","","-0,35%"
"16.05.2025","1.142,50","1.146,50","1.151,50","1.135,00","","0,40%"
"15.05.2025","1.138,00","1.130,00","1.139,00","1.124,51","","0,57%"
"14.05.2025","1.131,50","1.125,00","1.134,50","1.119,50","","0,58%"
"13.05.2025","1.125,00","1.137,00","1.137,00","1.123,00","","-0,49%"
"12.05.2025","1.130,50","1.130,00","1.133,50","1.119,00","","0,27%"
"09.05.2025","1.127,50","1.117,50","1.130,50","1.103,00","","1,35%"
"08.05.2025","1.112,50","1.121,00","1.133,50","1.097,50","","-2,84%"
"07.05.2025","1.145,00","1.197,00","1.204,50","1.145,00","","-4,18%"
"06.05.2025","1.195,00","1.205,00","1.207,50","1.190,50","","-0,58%"
"05.05.2025","1.202,00","1.177,75","1.202,00","1.168,00","","2,49%"
"02.05.2025","1.172,75","1.172,75","1.172,75","1.172,75","","0,00%"
"01.05.2025","1.172,75","1.172,75","1.172,75","1.172,75","","0,00%"
"30.04.2025","1.172,75","1.174,50","1.179,50","1.160,50","","0,67%"
"29.04.2025","1.165,00","1.174,00","1.184,00","1.163,50","","-1,10%"
"28.04.2025","1.178,00","1.165,50","1.184,50","1.154,00","","0,79%"
"25.04.2025","1.168,75","1.169,50","1.182,50","1.162,50","","-0,49%"
"24.04.2025","1.174,50","1.160,00","1.184,50","1.156,00","","0,95%"
"23.04.2025","1.163,50","1.095,00","1.163,50","1.092,50","","5,49%"
"22.04.2025","1.103,00","1.077,50","1.103,50","1.074,00","","0,96%"
"21.04.2025","1.092,50","1.110,00","1.110,00","1.059,50","","-4,00%"
"18.04.2025","1.138,00","1.138,00","1.138,00","1.138,00","","0,00%"
"17.04.2025","1.138,00","1.138,00","1.138,00","1.138,00","","0,00%"
"16.04.2025","1.138,00","1.203,50","1.203,50","1.137,50","","-5,03%"
"15.04.2025","1.198,25","1.197,50","1.201,00","1.194,00","","0,17%"
"14.04.2025","1.196,25","1.182,50","1.206,00","1.160,00","","11,28%"
"11.04.2025","1.075,00","1.076,25","1.076,25","1.074,13","","-0,13%"
"10.04.2025","1.076,38","1.076,38","1.076,63","1.076,38","","0,00%"
"09.04.2025","1.076,38","1.076,50","1.076,75","1.076,25","","0,06%"
"08.04.2025","1.075,75","1.075,50","1.075,88","1.075,50","","0,05%"
"07.04.2025","1.075,25","1.075,25","1.076,13","1.074,88","","0,16%"
"04.04.2025","1.073,50","1.074,38","1.074,38","1.073,00","","-0,08%"
"03.04.2025","1.074,38","1.073,38","1.074,38","1.072,70","","0,14%"
"02.04.2025","1.072,85","1.072,85","1.072,85","1.072,85","","0,00%"
"01.04.2025","1.072,85","1.073,00","1.073,13","1.072,38","","-0,03%"
"31.03.2025","1.073,13","1.072,88","1.073,13","1.072,88","","0,22%"
"28.03.2025","1.070,75","1.071,25","1.071,35","1.070,50","","-0,08%"
"27.03.2025","1.071,63","1.071,25","1.071,75","1.071,15","","0,05%"
"26.03.2025","1.071,13","1.071,50","1.071,63","1.071,13","","0,05%"
"25.03.2025","1.070,63","1.070,75","1.070,88","1.070,63","","0,19%"
"24.03.2025","1.068,55","1.068,55","1.068,55","1.068,55","","0,00%"
"21.03.2025","1.068,60","1.068,75","1.069,10","1.068,13","","-0,01%"
"20.03.2025","1.068,75","1.069,13","1.069,25","1.068,65","","-0,01%"
"19.03.2025","1.068,88","1.068,50","1.069,13","1.068,25","","0,07%"
"18.03.2025","1.068,13","1.068,25","1.068,50","1.067,88","","0,05%"
"17.03.2025","1.067,63","1.068,25","1.068,75","1.067,63","","0,14%"
"14.03.2025","1.066,13","1.066,38","1.067,00","1.066,13","","-0,02%"
"13.03.2025","1.066,38","1.066,13","1.066,38","1.066,00","","0,05%"
"12.03.2025","1.065,88","1.065,88","1.066,20","1.065,75","","0,02%"
"11.03.2025","1.065,63","1.065,75","1.066,00","1.065,50","","0,02%"
"10.03.2025","1.065,38","1.065,75","1.065,88","1.065,38","","0,04%"
"07.03.2025","1.065,00","1.064,00","1.065,13","1.063,75","","0,13%"
"06.03.2025","1.063,63","1.063,75","1.063,88","1.063,63","","0,00%"
"05.03.2025","1.063,63","1.063,75","1.063,75","1.063,25","","-0,01%"
"04.03.2025","1.063,75","1.063,70","1.063,75","1.063,70","","0,00%"
"03.03.2025","1.063,70","1.063,70","1.063,70","1.063,70","","0,00%"
"28.02.2025","1.063,75","1.061,75","1.063,88","1.061,38","","0,16%"
"27.02.2025","1.062,00","1.061,38","1.062,00","1.061,38","","0,08%"
"26.02.2025","1.061,13","1.061,13","1.061,25","1.061,00","","0,05%"
"25.02.2025","1.060,63","1.060,88","1.060,88","1.060,63","","0,05%"
"24.02.2025","1.060,13","1.060,38","1.060,38","1.060,13","","0,17%"
"21.02.2025","1.058,38","1.058,63","1.058,63","1.058,38","","-0,05%"
"20.02.2025","1.058,88","1.059,00","1.059,25","1.058,75","","0,02%"
"19.02.2025","1.058,63","1.058,50","1.058,75","1.058,25","","0,05%"
"18.02.2025","1.058,13","1.058,75","1.058,88","1.058,13","","-0,12%"
"17.02.2025","1.059,38","1.059,00","1.059,38","1.058,88","","0,30%"
"14.02.2025","1.056,25","1.056,50","1.056,75","1.056,13","","-0,06%"
"13.02.2025","1.056,90","1.056,50","1.056,90","1.056,50","","0,05%"
"12.02.2025","1.056,38","1.056,25","1.056,50","1.056,00","","0,07%"
"11.02.2025","1.055,63","1.056,00","1.056,00","1.055,63","","-0,04%"
"10.02.2025","1.056,00","1.055,63","1.056,00","1.055,38","","0,25%"
"07.02.2025","1.053,38","1.054,13","1.054,25","1.053,25","","-0,05%"
"06.02.2025","1.053,88","1.054,25","1.054,25","1.053,88","","0,00%"
"05.02.2025","1.053,88","1.054,25","1.054,25","1.053,88","","0,02%"
"04.02.2025","1.053,63","1.053,38","1.053,63","1.053,25","","0,02%"
"03.02.2025","1.053,38","1.053,50","1.053,50","1.053,13","","0,23%"
"31.01.2025","1.051,00","1.051,25","1.051,25","1.050,75","","-0,02%"
"30.01.2025","1.051,25","1.051,75","1.052,00","1.051,25","","0,00%"
"29.01.2025","1.051,25","1.050,75","1.051,25","1.050,50","","0,10%"
"28.01.2025","1.050,25","1.050,50","1.050,60","1.050,15","","0,05%"
"27.01.2025","1.049,75","1.050,00","1.050,50","1.049,75","","0,33%"
"24.01.2025","1.046,25","1.047,25","1.047,25","1.046,25","","-0,07%"
"23.01.2025","1.047,00","1.046,75","1.047,00","1.046,50","","-0,02%"
"22.01.2025","1.047,25","1.046,00","1.047,25","1.046,00","","0,10%"
"21.01.2025","1.046,25","1.044,75","1.046,25","1.044,75","","0,05%"
"20.01.2025","1.045,75","1.045,25","1.045,75","1.045,25","","0,38%"
"17.01.2025","1.041,75","1.041,75","1.042,10","1.041,40","","0,05%"
"16.01.2025","1.041,25","1.041,25","1.041,35","1.041,15","","0,05%"
"15.01.2025","1.040,75","1.040,75","1.040,85","1.040,65","","0,05%"
"14.01.2025","1.040,25","1.040,50","1.040,60","1.040,15","","0,07%"
"13.01.2025","1.039,50","1.039,50","1.039,60","1.039,15","","0,27%"
"10.01.2025","1.036,75","1.036,75","1.037,00","1.036,75","","0,00%"
"09.01.2025","1.036,75","1.036,75","1.036,85","1.036,65","","0,10%"
"08.01.2025","1.035,75","1.035,75","1.035,85","1.035,65","","0,05%"
"07.01.2025","1.035,25","1.035,25","1.035,35","1.035,15","","0,05%"
"06.01.2025","1.034,75","1.034,75","1.034,75","1.034,75","","0,22%"
"03.01.2025","1.032,50","1.032,00","1.032,75","1.032,00","","0,07%"
"02.01.2025","1.031,75","1.032,00","1.032,10","1.031,65","","0,07%"
"01.01.2025","1.031,00","1.031,00","1.031,00","1.031,00","","0,00%"
"31.12.2024","1.031,00","1.031,00","1.031,00","1.031,00","","0,00%"
"30.12.2024","1.031,00","1.030,25","1.031,25","1.030,00","","0,22%"
"27.12.2024","1.028,75","1.029,25","1.029,25","1.027,50","","0,00%"
"26.12.2024","1.028,75","1.028,00","1.028,75","1.027,75","","0,29%"
"25.12.2024","1.025,75","1.025,75","1.025,75","1.025,75","","0,00%"
"24.12.2024","1.025,75","1.025,75","1.025,75","1.025,75","","0,00%"
"23.12.2024","1.025,75","1.025,00","1.025,75","1.024,50","","0,34%"
"20.12.2024","1.022,25","1.022,25","1.022,75","1.022,00","","0,02%"
"19.12.2024","1.022,00","1.022,50","1.022,50","1.022,00","","-0,02%"
"18.12.2024","1.022,25","1.022,00","1.022,25","1.021,75","","0,17%"
"17.12.2024","1.020,50","1.021,00","1.021,25","1.020,25","","-0,07%"
"16.12.2024","1.021,25","1.020,75","1.021,25","1.020,25","","0,32%"
"13.12.2024","1.018,00","1.018,25","1.018,25","1.017,75","","-0,02%"
"12.12.2024","1.018,25","1.018,00","1.018,25","1.017,75","","0,12%"
"11.12.2024","1.017,00","1.016,75","1.017,10","1.016,25","","0,07%"
"10.12.2024","1.016,25","1.016,50","1.016,75","1.016,15","","0,05%"
"09.12.2024","1.015,75","1.015,75","1.015,85","1.015,65","","0,30%"
"06.12.2024","1.012,75","1.013,00","1.013,35","1.012,75","","0,05%"
"05.12.2024","1.012,25","1.013,50","1.013,75","1.012,25","","0,00%"
"04.12.2024","1.012,25","1.012,75","1.013,00","1.011,75","","0,05%"
"03.12.2024","1.011,75","1.011,75","1.012,35","1.011,50","","0,02%"
"02.12.2024","1.011,50","1.010,50","1.011,75","1.010,50","","0,10%"
"29.11.2024","1.010,50","1.009,25","1.010,50","1.008,90","","0,10%"
"28.11.2024","1.009,50","1.009,50","1.009,50","1.009,25","","0,15%"
"27.11.2024","1.008,00","1.007,75","1.008,25","1.007,40","","0,07%"
"26.11.2024","1.007,25","1.007,00","1.007,35","1.006,75","","0,07%"
"25.11.2024","1.006,50","1.006,50","1.006,50","1.006,25","","0,22%"
"22.11.2024","1.004,25","1.003,50","1.004,25","1.003,40","","0,02%"
"21.11.2024","1.004,00","1.004,00","1.004,25","1.003,65","","0,12%"
"20.11.2024","1.002,75","1.002,25","1.002,85","1.002,15","","0,10%"
"19.11.2024","1.001,75","1.002,25","1.002,35","1.001,75","","0,33%"
"18.11.2024","998,49","998,49","998,49","998,49","","0,00%"
"15.11.2024","998,50","999,25","999,25","998,13","","-0,03%"
"14.11.2024","998,75","998,75","998,87","998,63","","0,05%"
"13.11.2024","998,25","998,25","998,37","997,75","","0,05%"
"12.11.2024","997,75","998,00","998,24","997,75","","-0,08%"
"11.11.2024","998,50","998,00","998,50","997,75","","0,48%"
"08.11.2024","993,75","994,00","994,25","993,63","","0,00%"
"07.11.2024","993,75","994,00","994,37","993,75","","0,10%"
"06.11.2024","992,75","992,75","992,75","992,75","","0,00%"
"05.11.2024","992,75","993,00","993,12","992,63","","0,00%"
"04.11.2024","992,75","992,50","992,75","992,13","","0,25%"
"01.11.2024","990,25","990,00","990,25","989,75","","0,00%"
"31.10.2024","990,25","989,75","990,25","989,38","","0,15%"
"30.10.2024","988,75","989,25","989,62","988,75","","0,10%"
"29.10.2024","987,75","988,00","988,12","987,63","","0,03%"
"28.10.2024","987,50","988,00","988,12","987,25","","0,25%"
"25.10.2024","985,00","985,50","985,75","984,75","","-0,03%"
"24.10.2024","985,25","985,25","985,62","984,88","","0,05%"
"23.10.2024","984,75","984,50","985,37","984,25","","0,10%"
"22.10.2024","983,75","984,00","984,25","983,25","","0,05%"
"21.10.2024","983,25","983,25","983,74","983,00","","0,25%"
"18.10.2024","980,75","980,75","981,12","980,38","","0,00%"
"17.10.2024","980,75","981,00","981,00","980,25","","0,05%"
"16.10.2024","980,25","980,25","980,87","980,00","","0,08%"
"15.10.2024","979,50","979,50","979,87","979,25","","-0,05%"
"14.10.2024","980,00","980,00","980,00","980,00","","0,54%"
"11.10.2024","974,75","974,75","974,75","974,75","","0,00%"
"10.10.2024","974,75","975,25","976,25","974,75","","0,00%"
"09.10.2024","974,75","975,50","975,62","974,75","","0,05%"
"08.10.2024","974,25","975,00","975,37","974,25","","-0,05%"
"07.10.2024","974,75","974,50","974,87","974,25","","0,36%"
"04.10.2024","971,25","971,75","971,87","971,25","","-0,05%"
"03.10.2024","971,75","971,75","972,12","971,38","","0,15%"
"02.10.2024","970,25","970,50","970,87","970,25","","0,05%"
"01.10.2024","969,75","970,50","970,50","969,75","","0,10%"
"30.09.2024","968,75","970,00","970,49","968,75","","0,23%"
"27.09.2024","966,50","968,00","968,49","966,50","","-0,08%"
"26.09.2024","967,25","968,50","968,75","967,25","","-0,13%"
"25.09.2024","968,50","967,25","968,50","966,25","","0,34%"
"24.09.2024","965,25","966,50","966,75","965,25","","0,00%"
"23.09.2024","965,25","966,00","966,24","965,25","","0,29%"
"20.09.2024","962,50","963,75","963,75","962,50","","-0,03%"
"19.09.2024","962,75","963,00","963,12","962,25","","0,05%"
"18.09.2024","962,25","962,50","962,62","962,13","","0,10%"
"17.09.2024","961,25","961,75","961,88","960,89","","0,08%"
"16.09.2024","960,50","961,00","961,37","960,50","","0,13%"
"13.09.2024","959,25","959,00","959,75","958,88","","-0,08%"
"12.09.2024","960,00","958,25","960,00","958,13","","0,23%"
"11.09.2024","957,75","958,25","958,74","957,75","","0,03%"
"10.09.2024","957,50","958,00","958,12","957,25","","-0,03%"
"09.09.2024","957,75","957,00","957,75","956,51","","0,16%"
"06.09.2024","956,25","953,75","956,25","953,63","","0,26%"
"05.09.2024","953,75","954,25","954,37","953,63","","0,05%"
"04.09.2024","953,25","953,50","954,37","953,25","","-0,03%"
"03.09.2024","953,50","953,25","953,75","952,88","","0,08%"
"02.09.2024","952,75","953,00","953,00","952,75","","0,16%"
"30.08.2024","951,25","950,25","951,62","949,25","","0,11%"
"29.08.2024","950,25","949,75","950,25","949,25","","0,18%"
"28.08.2024","948,50","949,25","949,62","948,50","","-0,03%"
"27.08.2024","948,75","949,25","949,50","948,63","","-0,08%"
"26.08.2024","949,50","948,25","949,50","948,13","","0,37%"
"23.08.2024","946,00","945,75","946,00","944,75","","0,08%"
"22.08.2024","945,25","945,50","945,50","944,76","","0,13%"
"21.08.2024","944,00","944,50","944,62","943,75","","0,03%"
"20.08.2024","943,75","944,50","944,50","943,63","","0,05%"
"19.08.2024","943,25","943,75","944,12","943,25","","0,19%"
"16.08.2024","941,50","941,25","941,50","941,00","","0,08%"
"15.08.2024","940,75","940,75","941,25","940,38","","0,05%"
"14.08.2024","940,25","940,25","941,25","940,00","","0,05%"
"13.08.2024","939,75","939,50","940,00","939,00","","0,11%"
"12.08.2024","938,75","939,25","939,62","938,75","","0,21%"
"09.08.2024","936,75","936,75","937,24","936,50","","0,05%"
"08.08.2024","936,25","936,75","937,12","936,25","","0,05%"
"07.08.2024","935,75","936,50","936,75","935,75","","0,03%"
"06.08.2024","935,50","935,75","936,12","935,25","","0,08%"
"05.08.2024","934,75","934,75","935,50","934,50","","0,16%"
"02.08.2024","933,25","933,25","933,25","932,25","","0,16%"
"01.08.2024","931,75","932,75","932,99","931,75","","0,11%"
"31.07.2024","930,75","931,75","932,25","930,75","","-0,16%"
"30.07.2024","932,25","931,25","932,25","931,00","","0,05%"
"29.07.2024","931,75","930,75","931,75","930,38","","0,30%"
"26.07.2024","929,00","929,25","929,30","928,75","","-0,05%"
"25.07.2024","929,50","928,00","929,50","928,00","","0,16%"
"24.07.2024","928,00","927,75","928,12","927,38","","0,22%"
"23.07.2024","926,00","926,50","926,87","925,88","","0,03%"
"22.07.2024","925,75","926,25","926,62","925,75","","0,14%"
"19.07.2024","924,50","925,75","925,75","923,50","","-0,03%"
"18.07.2024","924,75","923,25","924,75","922,63","","0,19%"
"17.07.2024","923,00","923,00","923,25","921,99","","0,03%"
"16.07.2024","922,75","922,50","923,25","922,25","","0,05%"
"15.07.2024","922,25","922,00","922,25","921,75","","0,33%"
"12.07.2024","919,25","919,50","919,62","918,88","","0,00%"
"11.07.2024","919,25","919,75","920,25","919,13","","0,05%"
"10.07.2024","918,75","919,25","919,62","918,75","","0,16%"
"09.07.2024","917,25","917,25","917,25","917,25","","0,00%"
"08.07.2024","917,25","917,50","918,00","916,75","","0,19%"
"05.07.2024","915,50","916,75","916,75","915,08","","0,19%"
"04.07.2024","913,75","913,75","913,75","913,75","","0,00%"
"03.07.2024","913,75","914,75","915,62","913,50","","-0,05%"
"02.07.2024","914,25","914,00","914,75","913,63","","0,08%"
"01.07.2024","913,50","913,75","914,00","912,00","","0,22%"
"28.06.2024","911,50","911,25","912,24","911,00","","0,05%"
"27.06.2024","911,00","911,75","911,87","911,00","","0,00%"
"26.06.2024","911,00","910,75","911,00","909,49","","0,19%"
"25.06.2024","909,25","909,50","909,75","909,25","","0,06%"
"24.06.2024","908,75","909,00","909,25","908,75","","0,35%"
"21.06.2024","905,55","905,75","905,75","905,55","","-0,02%"
"20.06.2024","905,75","905,75","905,75","905,74","","0,00%"
"19.06.2024","905,75","905,75","905,75","905,75","","0,00%"
"18.06.2024","905,75","905,50","906,25","905,25","","0,36%"
"17.06.2024","902,50","902,50","902,50","902,50","","-0,08%"
"14.06.2024","903,25","902,00","903,25","902,00","","0,11%"
"13.06.2024","902,25","902,50","903,12","902,00","","0,06%"
"12.06.2024","901,75","902,00","902,37","901,75","","-0,03%"
"11.06.2024","902,00","902,00","902,62","901,26","","0,03%"
"10.06.2024","901,75","901,25","901,75","901,25","","0,28%"
"07.06.2024","899,25","899,50","899,50","898,50","","0,08%"
"06.06.2024","898,50","897,75","898,75","897,75","","0,00%"
"05.06.2024","898,50","898,00","898,50","897,63","","0,17%"
"04.06.2024","897,00","897,25","897,50","895,24","","0,06%"
"03.06.2024","896,50","897,00","897,00","895,24","","0,08%"
"31.05.2024","895,75","895,25","895,75","895,13","","0,17%"
"30.05.2024","894,25","894,00","894,75","893,88","","0,06%"
"29.05.2024","893,75","893,50","893,87","893,39","","0,03%"
"28.05.2024","893,50","893,25","893,62","893,13","","0,00%"
"27.05.2024","893,50","892,75","893,50","892,75","","0,31%"
"24.05.2024","890,75","890,75","890,87","890,63","","0,06%"
"23.05.2024","890,25","890,00","890,37","889,88","","0,03%"
"22.05.2024","890,00","889,75","890,12","889,63","","0,08%"
"21.05.2024","889,25","889,25","889,37","889,13","","0,06%"
"20.05.2024","888,75","888,75","888,87","888,63","","0,23%"
"17.05.2024","886,75","886,50","886,87","886,38","","0,06%"
"16.05.2024","886,25","886,25","886,25","886,25","","0,06%"
"15.05.2024","885,75","885,75","885,87","885,63","","0,06%"
"14.05.2024","885,25","885,25","885,37","885,13","","0,11%"
"13.05.2024","884,25","884,25","884,37","884,13","","0,14%"
"10.05.2024","883,00","882,75","883,00","882,75","","0,06%"
"09.05.2024","882,50","882,00","882,62","881,89","","0,09%"
"08.05.2024","881,75","881,75","881,87","881,63","","0,11%"
"07.05.2024","880,75","880,75","880,75","880,22","","0,06%"
"06.05.2024","880,25","879,50","880,37","879,38","","0,17%"
"03.05.2024","878,75","878,50","878,87","878,38","","0,06%"
"02.05.2024","878,25","878,25","878,25","877,63","","0,23%"
"01.05.2024","876,22","876,22","876,22","876,22","","-0,06%"
"30.04.2024","876,75","876,75","876,87","876,63","","0,00%"
"29.04.2024","876,75","876,25","876,75","876,13","","0,23%"
"26.04.2024","874,75","874,25","874,75","874,25","","0,11%"
"25.04.2024","873,75","873,50","873,87","873,38","","0,06%"
"24.04.2024","873,25","873,25","873,37","873,13","","0,06%"
"23.04.2024","872,75","872,50","872,87","872,38","","0,06%"
"22.04.2024","872,25","872,25","872,37","872,13","","0,11%"
"19.04.2024","871,25","870,75","871,25","870,63","","0,17%"
"18.04.2024","869,75","869,75","869,87","869,63","","0,06%"
"17.04.2024","869,25","869,25","869,37","869,13","","0,06%"
"16.04.2024","868,75","868,50","868,87","868,38","","0,06%"
"15.04.2024","868,25","868,25","868,37","868,13","","0,17%"
"12.04.2024","866,75","866,25","866,75","866,25","","0,12%"
"11.04.2024","865,75","865,50","865,75","865,50","","0,06%"
"10.04.2024","865,25","865,25","865,37","864,75","","0,06%"
"09.04.2024","864,75","864,75","864,87","864,26","","0,06%"
"08.04.2024","864,25","863,50","864,37","863,39","","0,17%"
"05.04.2024","862,75","862,25","862,87","862,13","","0,12%"
"04.04.2024","861,75","861,75","861,87","861,63","","0,49%"
"03.04.2024","857,51","857,51","857,51","857,51","","0,00%"
"02.04.2024","857,51","857,51","857,51","857,51","","0,00%"
"01.04.2024","857,51","857,51","857,51","857,51","","0,00%"
"29.03.2024","857,51","857,51","857,51","857,51","","0,00%"
"28.03.2024","857,51","857,50","857,51","857,50","","-0,03%"
"27.03.2024","857,75","857,25","857,75","856,63","","0,12%"
"26.03.2024","856,75","856,25","856,87","856,25","","0,06%"
"25.03.2024","856,25","856,25","856,37","856,13","","0,18%"
"22.03.2024","854,75","854,75","854,87","854,63","","0,06%"
"21.03.2024","854,25","853,75","854,25","853,75","","0,12%"
"20.03.2024","853,25","853,25","853,50","852,24","","0,00%"
"19.03.2024","853,25","852,50","853,25","852,13","","0,12%"
"18.03.2024","852,25","851,50","852,37","851,38","","0,18%"
"15.03.2024","850,75","850,75","850,75","849,74","","0,06%"
"14.03.2024","850,25","850,25","850,37","849,74","","0,06%"
"13.03.2024","849,75","849,25","849,87","848,63","","0,32%"
"12.03.2024","847,01","848,75","848,88","847,03","","-0,15%"
"11.03.2024","848,25","848,25","848,25","848,25","","0,18%"
"08.03.2024","846,75","846,75","846,87","845,74","","0,06%"
"07.03.2024","846,25","846,00","846,25","845,63","","0,06%"
"06.03.2024","845,75","845,50","845,87","845,38","","0,06%"
"05.03.2024","845,25","844,75","845,37","844,63","","0,12%"
"04.03.2024","844,25","844,25","844,37","844,13","","0,12%"
"01.03.2024","843,25","842,65","843,25","842,58","","0,11%"
"29.02.2024","842,35","842,00","842,37","842,00","","0,07%"
"28.02.2024","841,75","841,45","841,75","840,65","","0,07%"
"27.02.2024","841,15","841,15","841,15","840,65","","0,06%"
"26.02.2024","840,65","839,80","840,67","839,78","","0,20%"
"23.02.2024","838,95","838,95","838,97","838,35","","0,07%"
"22.02.2024","838,35","838,40","838,42","837,85","","0,06%"
"21.02.2024","837,85","837,85","837,87","837,83","","0,07%"
"20.02.2024","837,25","837,05","837,32","836,97","","0,06%"
"19.02.2024","836,75","836,75","836,75","836,75","","0,20%"
"16.02.2024","835,05","835,05","835,07","835,03","","0,06%"
"15.02.2024","834,55","834,55","834,57","834,53","","0,07%"
"14.02.2024","833,95","833,95","833,97","833,92","","0,32%"
"13.02.2024","831,30","831,30","831,30","831,30","","0,00%"
"12.02.2024","831,30","831,30","831,30","831,30","","0,00%"
"09.02.2024","831,30","831,00","831,32","830,92","","0,08%"
"08.02.2024","830,65","830,70","830,72","830,63","","0,06%"
"07.02.2024","830,15","830,15","830,17","830,13","","0,07%"
"06.02.2024","829,55","829,30","829,57","829,28","","0,06%"
"05.02.2024","829,05","829,05","829,32","829,05","","0,21%"
"02.02.2024","827,35","826,85","827,37","826,83","","0,06%"
"01.02.2024","826,85","826,60","826,87","826,58","","0,06%"
"31.01.2024","826,35","826,25","826,35","826,23","","0,07%"
"30.01.2024","825,75","825,50","825,77","825,48","","0,06%"
"29.01.2024","825,25","825,25","825,27","825,22","","0,21%"
"26.01.2024","823,55","823,60","823,62","823,53","","0,06%"
"25.01.2024","823,05","822,75","823,07","822,73","","0,07%"
"24.01.2024","822,45","822,45","822,47","822,43","","0,06%"
"23.01.2024","821,95","821,70","821,97","821,42","","0,06%"
"22.01.2024","821,45","821,45","821,47","821,42","","0,21%"
"19.01.2024","819,75","819,50","819,77","819,48","","0,06%"
"18.01.2024","819,25","818,95","819,25","818,95","","0,07%"
"17.01.2024","818,65","818,70","818,72","818,63","","0,06%"
"16.01.2024","818,15","818,20","818,30","818,15","","0,06%"
"15.01.2024","817,70","816,90","817,70","816,90","","0,20%"
"12.01.2024","816,05","816,05","816,07","815,45","","0,07%"
"11.01.2024","815,45","815,50","815,52","815,43","","0,06%"
"10.01.2024","814,95","814,95","814,97","813,85","","0,07%"
"09.01.2024","814,35","814,35","814,37","813,85","","0,06%"
"08.01.2024","813,85","813,05","813,92","813,03","","0,20%"
"05.01.2024","812,25","812,25","812,25","811,76","","0,06%"
"04.01.2024","811,75","811,75","811,80","810,65","","0,14%"
"03.01.2024","810,65","811,15","811,15","810,65","","0,00%"
"02.01.2024","810,65","810,65","810,75","810,63","","0,27%"
"01.01.2024","808,47","808,47","808,47","808,47","","0,00%"
"29.12.2023","808,47","807,98","808,50","807,97","","0,06%"
"28.12.2023","807,97","807,97","807,97","807,42","","0,07%"
"27.12.2023","807,42","807,17","807,46","807,14","","0,07%"
"26.12.2023","806,88","805,90","807,00","805,83","","0,26%"
"25.12.2023","804,80","804,80","804,80","804,80","","0,00%"
"22.12.2023","804,80","804,80","804,81","804,22","","0,07%"
"21.12.2023","804,22","803,73","804,28","803,73","","0,06%"
"20.12.2023","803,72","803,75","803,76","803,72","","0,07%"
"19.12.2023","803,17","802,92","803,21","802,61","","0,07%"
"18.12.2023","802,63","802,67","802,68","802,61","","0,19%"
"15.12.2023","801,08","801,25","801,28","800,53","","0,07%"
"14.12.2023","800,53","800,75","800,76","799,97","","0,07%"
"13.12.2023","799,97","800,47","800,47","799,97","","118,27%"
"12.12.2023","366,50","366,50","366,52","366,48","","0,18%"
"11.12.2023","365,85","366,00","366,04","365,82","","0,53%"
"08.12.2023","363,90","363,92","364,02","363,81","","0,00%"
"07.12.2023","363,92","364,05","364,10","363,58","","0,09%"
"06.12.2023","363,58","363,30","363,58","363,03","","0,14%"
"05.12.2023","363,05","363,05","363,08","362,98","","0,14%"
"04.12.2023","362,52","362,55","362,58","361,02","","0,45%"
"01.12.2023","360,90","360,58","361,09","360,58","","0,12%"
"30.11.2023","360,48","360,55","360,58","359,52","","0,14%"
"29.11.2023","359,98","359,54","360,08","359,52","","0,13%"
"28.11.2023","359,52","359,01","359,57","358,98","","0,15%"
"27.11.2023","358,98","358,33","359,07","358,27","","0,39%"
"24.11.2023","357,58","357,52","357,59","357,35","","0,15%"
"23.11.2023","357,02","357,02","357,02","357,02","","0,15%"
"22.11.2023","356,48","356,52","356,58","356,48","","0,14%"
"21.11.2023","355,98","356,05","356,10","355,83","","0,60%"
"20.11.2023","353,83","353,32","353,96","353,32","","-0,04%"
"17.11.2023","353,98","353,48","354,25","352,83","","0,14%"
"16.11.2023","353,48","354,23","354,23","352,98","","0,18%"
"15.11.2023","352,83","353,00","353,08","352,79","","0,79%"
"14.11.2023","350,08","350,02","350,29","349,96","","0,03%"
"13.11.2023","349,98","350,05","350,05","349,96","","0,04%"
"10.11.2023","349,82","350,00","350,02","349,80","","-0,04%"
"09.11.2023","349,98","350,05","350,05","349,98","","0,00%"
"08.11.2023","349,98","350,05","350,06","349,83","","0,03%"
"07.11.2023","349,88","350,00","350,05","349,85","","-0,04%"
"06.11.2023","350,02","350,02","350,04","350,02","","0,00%"
"03.11.2023","350,02","350,00","350,06","349,83","","-0,01%"
"02.11.2023","350,05","350,00","350,05","349,98","","0,02%"
"01.11.2023","349,98","350,02","350,06","349,98","","0,00%"
"31.10.2023","349,98","350,00","350,05","349,80","","0,00%"
"30.10.2023","349,98","350,05","350,07","349,98","","-0,01%"
"27.10.2023","350,02","350,02","350,07","349,98","","0,06%"
"26.10.2023","349,82","350,05","350,06","349,80","","-0,06%"
"25.10.2023","350,02","349,83","350,08","349,80","","0,01%"
"24.10.2023","349,98","349,83","350,06","349,80","","-0,01%"
"23.10.2023","350,02","349,82","350,06","349,80","","0,06%"
"20.10.2023","349,82","350,00","350,05","349,80","","-0,04%"
"19.10.2023","349,98","350,08","350,08","349,83","","-0,03%"
"18.10.2023","350,08","349,98","350,08","349,92","","0,05%"
"17.10.2023","349,92","350,08","350,10","349,88","","-0,04%"
"16.10.2023","350,07","350,07","350,07","350,07","","0,00%"
"13.10.2023","350,08","350,08","350,08","350,08","","0,00%"
"12.10.2023","350,08","350,08","350,08","350,00","","0,00%"
"11.10.2023","350,08","350,08","350,10","349,88","","0,00%"
"10.10.2023","350,08","349,92","350,09","349,85","","0,01%"
"09.10.2023","350,02","350,02","350,02","350,00","","0,03%"
"06.10.2023","349,92","350,02","350,09","349,83","","-0,03%"
"05.10.2023","350,02","350,05","350,06","349,99","","0,00%"
"04.10.2023","350,02","350,02","350,06","350,02","","0,00%"
"03.10.2023","350,02","350,02","350,05","349,99","","0,01%"
"02.10.2023","350,00","350,02","350,08","349,99","","-0,01%"
"29.09.2023","350,02","350,02","350,05","349,98","","0,00%"
"28.09.2023","350,02","350,00","350,03","349,99","","0,01%"
"27.09.2023","350,00","350,02","350,08","349,98","","-0,01%"
"26.09.2023","350,02","350,05","350,05","350,00","","0,00%"
"25.09.2023","350,02","350,00","350,04","349,98","","0,00%"
"22.09.2023","350,02","350,00","350,05","350,00","","0,00%"
"21.09.2023","350,02","349,98","350,07","349,86","","0,01%"
"20.09.2023","349,98","350,00","350,08","349,81","","0,00%"
"19.09.2023","349,98","349,98","350,02","349,97","","0,00%"
"18.09.2023","349,98","350,00","350,04","349,80","","0,03%"
"15.09.2023","349,86","349,82","350,04","349,80","","-0,03%"
"14.09.2023","349,98","349,98","350,02","349,96","","-0,01%"
"13.09.2023","350,02","350,00","350,02","349,98","","0,01%"
"12.09.2023","349,98","350,00","350,01","349,80","","0,00%"
"11.09.2023","349,98","350,02","350,05","349,96","","-0,01%"
"08.09.2023","350,00","350,02","350,05","349,71","","0,00%"
"07.09.2023","350,00","350,00","350,05","349,80","","0,01%"
"06.09.2023","349,98","349,98","350,02","349,97","","0,00%"
"05.09.2023","349,98","349,89","350,08","349,82","","-0,01%"
"04.09.2023","350,02","350,02","350,02","350,02","","0,03%"
"01.09.2023","349,92","350,02","350,09","349,85","","-0,02%"
"31.08.2023","349,98","350,00","350,02","349,98","","0,03%"
"30.08.2023","349,86","349,98","350,04","349,80","","-0,03%"
"29.08.2023","349,98","349,98","349,99","349,80","","0,00%"
"28.08.2023","349,98","350,02","350,04","349,83","","-0,01%"
"25.08.2023","350,02","350,00","350,02","349,80","","0,01%"
"24.08.2023","349,98","350,00","350,01","349,96","","0,00%"
"23.08.2023","349,98","350,00","350,05","349,75","","0,00%"
"22.08.2023","349,98","349,86","350,05","349,75","","0,03%"
"21.08.2023","349,86","350,02","350,04","349,85","","-0,03%"
"18.08.2023","349,98","350,00","350,04","349,96","","0,00%"
"17.08.2023","349,98","350,00","350,01","349,79","","0,00%"
"16.08.2023","349,98","350,00","350,02","349,96","","0,00%"
"15.08.2023","349,98","349,92","350,04","349,78","","0,00%"
"14.08.2023","349,98","318,67","350,01","349,96","","21,80%"
"11.08.2023","287,33","287,23","287,35","287,14","","0,40%"
"10.08.2023","286,17","285,05","286,23","285,05","","0,35%"
"09.08.2023","285,17","285,25","285,33","285,15","","0,37%"
"08.08.2023","284,13","284,42","284,42","284,05","","0,34%"
"07.08.2023","283,17","282,90","283,23","282,90","","1,39%"
"04.08.2023","279,30","279,23","279,42","279,18","","0,44%"
"03.08.2023","278,08","278,23","278,38","278,08","","0,25%"
"02.08.2023","277,38","276,07","277,38","276,05","","0,43%"
"01.08.2023","276,17","275,95","276,21","275,27","","0,33%"
"31.07.2023","275,27","275,27","275,29","275,27","","0,59%"
"28.07.2023","273,65","273,70","273,80","273,55","","0,23%"
"27.07.2023","273,02","273,05","273,43","272,83","","0,20%"
"26.07.2023","272,48","271,69","272,50","271,48","","0,31%"
"25.07.2023","271,63","270,95","271,85","270,95","","0,22%"
"24.07.2023","271,02","271,17","271,32","270,92","","0,59%"
"21.07.2023","269,42","268,95","269,48","268,95","","0,30%"
"20.07.2023","268,63","268,70","268,83","268,60","","0,19%"
"19.07.2023","268,13","267,52","268,60","267,45","","0,23%"
"18.07.2023","267,51","266,64","267,67","266,64","","0,28%"
"17.07.2023","266,75","266,83","266,90","266,57","","0,65%"
"14.07.2023","265,02","264,27","265,22","264,23","","0,25%"
"13.07.2023","264,38","263,89","264,63","263,85","","0,15%"
"12.07.2023","263,98","263,14","264,02","263,11","","0,28%"
"11.07.2023","263,25","262,60","263,38","262,41","","0,27%"
"10.07.2023","262,55","260,86","262,83","260,86","","0,60%"
"07.07.2023","260,98","260,27","261,04","260,24","","0,23%"
"06.07.2023","260,38","259,46","260,48","259,45","","0,31%"
"05.07.2023","259,58","259,14","260,04","259,14","","0,15%"
"04.07.2023","259,20","259,02","259,20","259,00","","0,48%"
"03.07.2023","257,95","258,50","258,50","257,88","","0,48%"
"30.06.2023","256,73","256,75","256,76","256,23","","0,20%"
"29.06.2023","256,23","255,76","256,58","255,73","","0,14%"
"28.06.2023","255,88","255,11","255,88","255,11","","0,25%"
"27.06.2023","255,23","254,29","255,35","254,27","","0,32%"
"26.06.2023","254,40","254,65","254,68","254,38","","0,54%"
"23.06.2023","253,02","252,93","253,20","252,57","","0,18%"
"22.06.2023","252,57","252,50","252,59","251,88","","0,28%"
"21.06.2023","251,88","249,25","252,23","249,24","","1,03%"
"20.06.2023","249,32","249,32","249,38","249,20","","0,00%"
"19.06.2023","249,32","249,32","249,32","249,32","","0,02%"
"16.06.2023","249,28","248,38","249,40","248,35","","0,32%"
"15.06.2023","248,48","247,84","249,14","247,84","","0,21%"
"14.06.2023","247,95","247,13","247,97","246,99","","0,33%"
"13.06.2023","247,13","246,65","247,45","246,59","","0,16%"
"12.06.2023","246,73","244,87","246,84","244,87","","0,71%"
"09.06.2023","244,98","244,40","245,04","244,27","","0,24%"
"08.06.2023","244,40","243,82","244,43","243,70","","0,35%"
"07.06.2023","243,55","243,10","243,88","243,07","","0,14%"
"06.06.2023","243,20","242,40","243,23","242,40","","0,30%"
"05.06.2023","242,48","242,48","242,62","242,43","","0,69%"
"02.06.2023","240,82","240,68","240,84","240,07","","0,26%"
"01.06.2023","240,20","239,37","240,21","239,35","","0,30%"
"31.05.2023","239,48","238,85","239,49","238,73","","0,26%"
"30.05.2023","238,85","238,16","238,93","238,16","","0,25%"
"29.05.2023","238,25","238,25","238,25","238,25","","1,07%"
"26.05.2023","235,74","235,63","235,76","235,61","","0,00%"
"25.05.2023","235,73","235,63","235,76","235,61","","0,00%"
"24.05.2023","235,73","234,84","235,74","234,84","","0,34%"
"23.05.2023","234,93","234,30","234,95","234,23","","0,26%"
"22.05.2023","234,33","232,74","234,57","232,74","","0,65%"
"19.05.2023","232,82","232,02","232,88","232,02","","0,30%"
"18.05.2023","232,13","231,51","232,32","231,49","","0,22%"
"17.05.2023","231,63","231,01","231,88","230,99","","0,22%"
"16.05.2023","231,13","230,54","231,27","230,54","","0,21%"
"15.05.2023","230,65","230,68","230,70","230,60","","0,61%"
"12.05.2023","229,25","228,88","229,48","228,88","","0,12%"
"11.05.2023","228,98","228,95","229,02","228,52","","0,20%"
"10.05.2023","228,52","228,10","228,65","227,99","","0,19%"
"09.05.2023","228,10","227,52","228,18","227,49","","0,21%"
"08.05.2023","227,63","226,13","227,80","226,13","","0,62%"
"05.05.2023","226,23","225,68","226,68","225,57","","0,24%"
"04.05.2023","225,68","225,18","225,73","225,07","","0,22%"
"03.05.2023","225,18","224,54","225,20","224,54","","0,24%"
"02.05.2023","224,63","222,58","224,86","222,58","","0,87%"
"01.05.2023","222,68","222,54","222,68","222,53","","0,02%"
"28.04.2023","222,65","221,90","222,65","221,90","","0,29%"
"27.04.2023","222,01","221,45","222,05","221,43","","0,21%"
"26.04.2023","221,54","220,78","221,59","220,77","","0,30%"
"25.04.2023","220,88","220,13","220,90","220,12","","0,30%"
"24.04.2023","220,23","218,40","220,27","218,40","","0,79%"
"21.04.2023","218,51","217,90","218,58","217,90","","0,23%"
"20.04.2023","217,99","217,78","218,07","217,73","","0,24%"
"19.04.2023","217,47","216,84","217,52","216,84","","0,25%"
"18.04.2023","216,93","216,28","216,93","216,25","","0,26%"
"17.04.2023","216,38","215,01","216,38","215,01","","0,59%"
"14.04.2023","215,10","214,57","215,18","214,57","","0,20%"
"13.04.2023","214,68","214,14","214,72","214,14","","0,21%"
"12.04.2023","214,24","213,68","214,29","213,68","","0,22%"
"11.04.2023","213,76","213,28","213,84","213,15","","0,18%"
"10.04.2023","213,38","211,13","213,41","211,13","","1,02%"
"07.04.2023","211,23","211,24","211,24","211,23","","-0,01%"
"06.04.2023","211,24","211,13","211,24","211,13","","0,01%"
"05.04.2023","211,23","210,68","211,27","210,68","","0,21%"
"04.04.2023","210,77","210,26","210,84","210,23","","0,20%"
"03.04.2023","210,35","208,90","210,37","208,90","","0,65%"
"31.03.2023","208,99","208,48","209,01","208,48","","0,20%"
"30.03.2023","208,57","208,59","208,62","208,24","","0,13%"
"29.03.2023","208,29","207,74","208,37","207,73","","0,22%"
"28.03.2023","207,83","207,33","207,88","207,30","","0,20%"
"27.03.2023","207,43","205,67","207,43","205,67","","0,85%"
"24.03.2023","205,67","205,67","205,67","205,67","","-0,05%"
"23.03.2023","205,76","205,28","205,80","205,28","","0,19%"
"22.03.2023","205,37","204,93","205,46","204,93","","0,17%"
"21.03.2023","205,01","204,43","205,01","204,43","","0,24%"
"20.03.2023","204,52","203,26","204,54","203,26","","0,58%"
"17.03.2023","203,35","202,93","203,36","202,93","","0,20%"
"16.03.2023","202,94","202,95","202,98","202,52","","0,19%"
"15.03.2023","202,57","202,01","202,57","202,01","","0,23%"
"14.03.2023","202,10","202,16","202,19","202,09","","0,72%"
"13.03.2023","200,65","200,65","200,71","200,59","","-0,05%"
"10.03.2023","200,74","200,26","200,74","200,25","","0,19%"
"09.03.2023","200,35","199,98","200,40","199,88","","0,19%"
"08.03.2023","199,98","199,67","200,07","199,57","","0,15%"
"07.03.2023","199,67","199,25","199,74","199,24","","0,16%"
"06.03.2023","199,35","198,18","199,40","198,18","","0,54%"
"03.03.2023","198,28","197,88","198,31","197,76","","0,21%"
"02.03.2023","197,87","197,57","197,93","197,56","","0,15%"
"01.03.2023","197,56","197,56","197,60","197,15","","0,21%"
"28.02.2023","197,15","196,80","197,21","196,80","","0,18%"
"27.02.2023","196,80","195,62","196,86","195,62","","0,56%"
"24.02.2023","195,71","195,31","195,76","195,21","","0,20%"
"23.02.2023","195,32","194,96","195,38","194,85","","0,18%"
"22.02.2023","194,96","193,11","195,01","193,11","","0,96%"
"21.02.2023","193,10","193,11","193,21","193,09","","0,00%"
"20.02.2023","193,11","193,11","193,11","193,11","","0,00%"
"17.02.2023","193,11","192,82","193,21","192,82","","0,15%"
"16.02.2023","192,82","192,40","192,82","192,40","","0,23%"
"15.02.2023","192,38","191,90","192,46","191,90","","0,20%"
"14.02.2023","191,99","191,56","192,04","191,55","","0,18%"
"13.02.2023","191,65","190,46","191,68","190,44","","0,60%"
"10.02.2023","190,52","190,10","190,57","190,10","","0,17%"
"09.02.2023","190,20","190,20","190,24","189,85","","0,19%"
"08.02.2023","189,85","189,43","189,91","189,42","","0,17%"
"07.02.2023","189,51","189,11","189,51","189,01","","0,21%"
"06.02.2023","189,11","187,87","189,13","187,87","","0,59%"
"03.02.2023","188,01","187,49","188,01","187,48","","0,23%"
"02.02.2023","187,57","187,29","187,66","187,26","","0,17%"
"01.02.2023","187,26","186,90","187,34","186,90","","0,15%"
"31.01.2023","186,99","186,48","186,99","186,48","","0,23%"
"30.01.2023","186,57","185,53","186,62","185,53","","0,51%"
"27.01.2023","185,62","185,23","185,68","185,23","","0,16%"
"26.01.2023","185,32","184,99","185,36","184,98","","0,19%"
"25.01.2023","184,98","184,89","185,07","184,85","","0,20%"
"24.01.2023","184,60","184,28","184,73","184,27","0,06K","0,13%"
"23.01.2023","184,37","183,36","184,39","183,36","0,04K","0,50%"
"20.01.2023","183,45","183,43","183,45","183,42","0,04K","0,19%"
"19.01.2023","183,10","182,98","183,15","182,66","0,06K","0,16%"
"18.01.2023","182,81","182,49","182,81","182,40","0,06K","0,17%"
"17.01.2023","182,49","182,09","182,51","182,09","0,07K","0,18%"
"16.01.2023","182,18","181,73","182,18","181,73","0,07K","0,50%"
"13.01.2023","181,26","180,88","181,32","180,88","0,06K","0,16%"
"12.01.2023","180,98","180,83","180,98","180,67","0,07K","0,17%"
"11.01.2023","180,68","180,29","180,71","180,29","0,06K","0,16%"
"10.01.2023","180,38","180,26","180,42","180,10","0,06K","0,16%"
"09.01.2023","180,10","179,16","180,18","179,16","0,07K","0,48%"
"06.01.2023","179,25","179,24","179,26","178,87","0,07K","0,18%"
"05.01.2023","178,93","178,61","178,99","178,58","0,07K","0,20%"
"04.01.2023","178,58","178,29","178,73","178,28","0,07K","0,12%"
"03.01.2023","178,37","178,45","178,48","178,37","0,06K","0,12%"
"02.01.2023","178,15","177,65","178,15","177,65","0,07K","0,79%"
"30.12.2022","176,74","176,71","177,14","176,68","0,06K","-0,03%"
"29.12.2022","176,79","176,72","176,79","176,38","0,06K","0,23%"
"28.12.2022","176,38","175,98","176,41","175,98","0,08K","0,19%"
"27.12.2022","176,05","175,67","176,10","175,67","0,07K","0,18%"
"26.12.2022","175,74","175,30","175,77","175,29","0,06K","0,53%"
"23.12.2022","174,82","174,85","174,88","174,18","0,05K","0,16%"
"22.12.2022","174,54","174,18","174,63","174,18","0,05K","0,15%"
"21.12.2022","174,27","173,93","174,28","173,53","0,06K","0,20%"
"20.12.2022","173,92","173,63","173,96","173,52","0,04K","0,18%"
"19.12.2022","173,62","172,33","173,73","172,33","0,07K","0,53%"
"16.12.2022","172,70","172,33","172,77","172,32","0,05K","0,17%"
"15.12.2022","172,41","172,06","172,46","171,71","0,05K","0,20%"
"14.12.2022","172,06","171,71","172,16","171,70","0,07K","0,16%"
"13.12.2022","171,79","171,29","171,79","171,29","0,06K","0,29%"
"12.12.2022","171,29","169,81","171,46","169,81","0,05K","0,84%"
"09.12.2022","169,85","169,85","169,86","169,85","0,00K","0,03%"
"08.12.2022","169,81","169,85","169,88","169,79","0,00K","0,00%"
"07.12.2022","169,81","169,47","169,90","169,41","0,05K","0,19%"
"06.12.2022","169,49","169,55","169,57","169,41","0,06K","0,20%"
"05.12.2022","169,15","168,01","169,17","167,97","0,06K","0,63%"
"02.12.2022","168,09","167,96","168,15","167,73","0,08K","0,26%"
"01.12.2022","167,65","167,22","167,74","167,18","0,07K","0,21%"
"30.11.2022","167,30","166,88","167,35","166,88","0,08K","0,20%"
"29.11.2022","166,96","166,54","167,01","166,51","0,09K","0,21%"
"28.11.2022","166,61","166,12","166,65","166,10","0,08K","0,62%"
"25.11.2022","165,59","165,15","165,62","165,15","0,06K","0,22%"
"24.11.2022","165,22","165,05","165,22","165,05","","0,28%"
"23.11.2022","164,76","164,85","164,87","164,50","0,05K","0,16%"
"22.11.2022","164,50","163,18","164,61","163,10","0,05K","0,81%"
"21.11.2022","163,18","163,10","163,18","163,09","0,00K","0,00%"
"18.11.2022","163,18","162,71","163,18","162,70","0,03K","0,24%"
"17.11.2022","162,79","162,80","162,83","162,46","0,06K","0,20%"
"16.11.2022","162,46","162,04","162,49","162,04","0,06K","0,21%"
"15.11.2022","162,13","161,77","162,16","161,77","0,05K","0,22%"
"14.11.2022","161,77","161,76","161,79","161,65","0,06K","0,66%"
"11.11.2022","160,71","160,73","160,76","160,41","0,05K","0,24%"
"10.11.2022","160,33","160,06","160,41","160,05","0,07K","0,19%"
"09.11.2022","160,02","159,65","160,10","159,65","0,06K","0,19%"
"08.11.2022","159,72","159,35","159,73","159,35","0,06K","0,23%"
"07.11.2022","159,35","158,23","159,35","158,23","0,08K","0,66%"
"04.11.2022","158,30","158,11","158,32","157,54","0,08K","0,28%"
"03.11.2022","157,85","157,49","157,96","157,49","0,08K","0,16%"
"02.11.2022","157,60","157,29","157,63","157,29","0,10K","0,20%"
"01.11.2022","157,27","156,82","157,29","156,82","0,08K","0,24%"
"31.10.2022","156,90","155,93","156,90","155,93","0,06K","0,57%"
"28.10.2022","156,01","155,00","156,04","155,00","0,06K","0,20%"
"27.10.2022","155,70","155,72","155,73","155,40","0,06K","0,19%"
"26.10.2022","155,40","155,07","155,44","154,99","0,07K","0,21%"
"25.10.2022","155,07","154,91","155,09","154,73","0,08K","0,27%"
"24.10.2022","154,66","154,76","154,77","154,65","0,07K","0,56%"
"21.10.2022","153,80","153,85","153,86","153,51","0,06K","0,21%"
"20.10.2022","153,49","153,10","153,52","153,10","0,06K","0,21%"
"19.10.2022","153,18","152,83","153,19","152,82","0,06K","0,23%"
"18.10.2022","152,82","152,44","152,87","152,43","0,05K","0,21%"
"17.10.2022","152,51","151,61","152,60","151,60","0,05K","0,55%"
"14.10.2022","151,68","151,23","151,68","151,23","0,05K","0,25%"
"13.10.2022","151,29","150,95","151,34","150,95","0,06K","0,19%"
"12.10.2022","151,01","150,63","151,09","150,62","0,06K","0,21%"
"11.10.2022","150,70","149,12","150,87","149,12","0,06K","1,01%"
"10.10.2022","149,18","149,19","149,19","149,18","0,00K","0,00%"
"07.10.2022","149,19","149,19","149,20","149,18","0,01K","0,00%"
"06.10.2022","149,19","149,21","149,23","148,91","0,07K","0,20%"
"05.10.2022","148,89","148,59","148,93","148,59","0,08K","0,21%"
"04.10.2022","148,59","148,20","148,60","148,18","0,08K","0,24%"
"03.10.2022","148,24","147,25","148,31","147,25","0,07K","0,62%"
"30.09.2022","147,32","147,02","147,34","147,02","0,07K","0,17%"
"29.09.2022","147,07","146,79","147,16","146,77","0,06K","0,14%"
"28.09.2022","146,87","146,21","146,87","146,18","0,06K","0,20%"
"27.09.2022","146,57","146,43","146,58","146,26","0,06K","0,20%"
"26.09.2022","146,27","145,87","146,29","144,82","0,10K","0,56%"
"23.09.2022","145,45","145,11","145,47","145,10","0,05K","0,19%"
"22.09.2022","145,18","144,84","145,18","144,80","0,06K","0,19%"
"21.09.2022","144,90","144,57","144,93","144,36","0,07K","0,18%"
"20.09.2022","144,63","144,29","144,68","144,29","0,05K","0,19%"
"19.09.2022","144,36","144,41","144,41","144,27","0,05K","0,59%"
"16.09.2022","143,52","143,13","143,52","143,12","0,05K","0,23%"
"15.09.2022","143,19","142,88","143,19","142,88","0,06K","0,22%"
"14.09.2022","142,88","142,21","142,91","142,21","0,06K","0,20%"
"13.09.2022","142,59","142,24","142,60","142,21","0,07K","0,22%"
"12.09.2022","142,27","141,88","142,34","141,82","0,06K","0,63%"
"09.09.2022","141,38","140,74","141,52","140,74","0,07K","0,18%"
"08.09.2022","141,13","140,75","141,24","140,74","0,06K","0,27%"
"07.09.2022","140,74","140,52","140,86","140,16","0,07K","0,12%"
"06.09.2022","140,58","140,16","140,63","140,12","0,05K","0,30%"
"05.09.2022","140,16","139,16","140,21","139,16","0,05K","0,72%"
"02.09.2022","139,16","138,66","139,24","138,66","0,01K","0,00%"
"01.09.2022","139,16","138,66","139,16","138,66","0,07K","0,31%"
"31.08.2022","138,73","138,61","138,76","138,54","0,08K","0,09%"
"30.08.2022","138,60","138,57","138,61","138,30","0,06K","0,22%"
"29.08.2022","138,30","137,33","138,37","137,33","0,10K","0,43%"
"26.08.2022","137,71","137,38","137,71","137,32","0,05K","0,23%"
"25.08.2022","137,39","136,89","137,43","136,89","0,07K","0,18%"
"24.08.2022","137,14","136,95","137,23","136,88","0,07K","0,14%"
"23.08.2022","136,95","136,66","136,95","136,57","0,07K","0,22%"
"22.08.2022","136,65","136,10","136,84","136,09","0,06K","0,36%"
"19.08.2022","136,16","135,74","136,16","135,73","0,06K","0,26%"
"18.08.2022","135,80","135,47","135,82","135,46","0,08K","0,20%"
"17.08.2022","135,54","135,28","135,60","135,24","0,08K","0,15%"
"16.08.2022","135,34","134,48","135,49","134,48","0,08K","0,59%"
"15.08.2022","134,54","134,53","134,60","134,49","0,01K","-0,04%"
"12.08.2022","134,59","134,51","134,59","134,26","0,05K","0,25%"
"11.08.2022","134,26","134,02","134,29","133,94","0,08K","0,19%"
"10.08.2022","134,01","133,78","134,08","133,76","0,09K","0,12%"
"09.08.2022","133,84","133,57","133,84","133,50","0,05K","0,21%"
"08.08.2022","133,57","133,23","133,57","132,85","0,06K","0,53%"
"05.08.2022","132,86","132,65","132,96","132,40","0,06K","0,16%"
"04.08.2022","132,65","132,14","132,68","132,14","0,05K","0,17%"
"03.08.2022","132,41","132,13","132,41","132,13","0,05K","0,17%"
"02.08.2022","132,20","132,04","132,20","132,02","0,09K","0,23%"
"01.08.2022","131,90","131,20","131,96","131,20","0,07K","0,48%"
"29.07.2022","131,27","131,22","131,29","131,13","0,07K","0,11%"
"28.07.2022","131,13","130,85","131,13","130,84","0,08K","0,17%"
"27.07.2022","130,90","130,63","130,90","130,63","0,07K","0,22%"
"26.07.2022","130,62","130,34","130,68","130,34","0,07K","0,17%"
"25.07.2022","130,40","129,54","130,41","129,54","0,06K","0,50%"
"22.07.2022","129,74","129,54","129,80","129,54","0,06K","0,12%"
"21.07.2022","129,60","129,63","129,63","129,60","0,07K","0,16%"
"20.07.2022","129,39","129,37","129,40","129,37","0,06K","0,19%"
"19.07.2022","129,15","129,01","129,15","129,01","0,06K","0,24%"
"18.07.2022","128,84","128,57","128,93","128,55","0,08K","0,47%"
"15.07.2022","128,23","128,13","128,24","128,12","0,06K","0,18%"
"14.07.2022","128,01","127,93","128,02","127,91","0,07K","0,14%"
"13.07.2022","127,82","127,53","127,82","127,53","0,05K","0,19%"
"12.07.2022","127,58","127,57","127,58","127,57","0,05K","0,18%"
"11.07.2022","127,36","126,74","127,39","126,74","0,06K","0,49%"
"08.07.2022","126,74","126,14","126,83","126,14","0,06K","0,19%"
"07.07.2022","126,50","126,58","126,58","126,49","0,07K","0,10%"
"06.07.2022","126,38","126,14","126,40","126,14","0,06K","0,15%"
"05.07.2022","126,19","125,90","126,21","125,90","0,06K","0,18%"
"04.07.2022","125,96","126,06","126,06","125,95","0,06K","0,40%"
"01.07.2022","125,46","125,40","125,46","125,39","0,05K","0,20%"
"30.06.2022","125,22","125,14","125,23","125,13","0,06K","0,14%"
"29.06.2022","125,04","125,05","125,05","124,98","0,05K","0,14%"
"28.06.2022","124,88","124,67","124,89","124,66","0,05K","0,17%"
"27.06.2022","124,67","123,86","124,74","123,86","0,06K","0,33%"
"24.06.2022","124,25","124,19","124,28","124,16","0,06K","0,13%"
"23.06.2022","124,09","123,81","124,10","123,81","0,06K","0,19%"
"22.06.2022","123,86","123,63","123,89","123,63","0,06K","0,15%"
"21.06.2022","123,68","122,86","123,76","122,86","0,05K","0,66%"
"20.06.2022","122,86","122,86","122,86","122,86","","0,00%"
"17.06.2022","122,86","122,86","122,89","122,83","0,00K","-0,04%"
"16.06.2022","122,92","122,79","122,95","122,79","0,04K","0,18%"
"15.06.2022","122,69","122,46","122,74","122,46","0,09K","0,15%"
"14.06.2022","122,51","122,24","122,51","122,24","0,07K","0,17%"
"13.06.2022","122,30","122,29","122,31","121,57","0,06K","0,41%"
"10.06.2022","121,79","121,79","121,79","121,79","0,05K","0,18%"
"09.06.2022","121,57","121,55","121,64","121,54","0,06K","0,10%"
"08.06.2022","121,46","121,46","121,46","121,46","0,04K","0,14%"
"07.06.2022","121,28","121,20","121,29","121,19","0,06K","0,19%"
"06.06.2022","121,06","120,63","121,14","120,63","0,06K","0,32%"
"03.06.2022","120,67","120,47","120,68","120,41","0,06K","0,17%"
"02.06.2022","120,46","120,32","120,49","120,14","0,08K","0,12%"
"01.06.2022","120,32","120,14","120,35","120,14","0,07K","0,11%"
"31.05.2022","120,19","119,95","120,19","119,95","0,06K","0,16%"
"30.05.2022","120,00","119,79","120,01","119,78","0,07K","0,38%"
"27.05.2022","119,56","119,36","119,57","119,36","0,06K","0,12%"
"26.05.2022","119,41","119,26","119,43","119,06","0,09K","0,29%"
"25.05.2022","119,06","119,06","119,10","119,03","0,00K","0,00%"
"24.05.2022","119,06","119,03","119,11","119,02","0,07K","0,13%"
"23.05.2022","118,89","118,29","118,96","118,29","0,05K","0,35%"
"20.05.2022","118,49","118,29","118,50","118,29","0,06K","0,12%"
"19.05.2022","118,35","118,01","118,38","118,01","0,07K","0,28%"
"18.05.2022","118,01","118,02","118,06","117,97","0,00K","-0,05%"
"17.05.2022","118,07","117,86","118,07","117,81","0,07K","0,18%"
"16.05.2022","117,86","117,37","117,92","117,37","0,04K","0,37%"
"13.05.2022","117,43","117,21","117,44","117,21","0,17K","0,14%"
"12.05.2022","117,25","117,08","117,28","117,02","0,12K","0,14%"
"11.05.2022","117,09","117,10","117,12","117,01","0,12K","0,13%"
"10.05.2022","116,93","116,92","116,95","116,83","0,10K","0,15%"
"09.05.2022","116,75","116,31","116,78","116,31","0,13K","0,43%"
"06.05.2022","116,25","115,96","116,32","115,96","0,11K","0,08%"
"05.05.2022","116,15","115,96","116,18","115,96","0,09K","0,12%"
"04.05.2022","116,01","115,88","116,05","115,83","0,12K","0,12%"
"03.05.2022","115,88","115,74","115,89","115,68","0,08K","0,13%"
"02.05.2022","115,74","115,26","115,82","115,26","0,06K","0,36%"
"29.04.2022","115,32","115,14","115,33","115,14","0,07K","0,11%"
"28.04.2022","115,19","114,98","115,19","114,96","0,09K","0,13%"
"27.04.2022","115,04","114,64","115,05","114,64","0,07K","0,17%"
"26.04.2022","114,85","114,69","114,85","114,64","0,05K","0,14%"
"25.04.2022","114,68","114,18","114,72","114,18","0,06K","0,44%"
"22.04.2022","114,18","114,04","114,25","114,04","0,05K","0,09%"
"21.04.2022","114,08","113,93","114,13","113,90","0,07K","0,11%"
"20.04.2022","113,96","113,74","113,97","113,74","0,07K","0,16%"
"19.04.2022","113,79","113,69","113,79","113,69","0,06K","0,09%"
"18.04.2022","113,68","113,33","113,72","113,29","0,07K","0,68%"
"15.04.2022","112,92","112,92","112,92","112,92","","0,03%"
"14.04.2022","112,89","112,91","112,94","112,86","0,01K","-0,07%"
"13.04.2022","112,96","112,72","112,96","112,72","0,05K","0,22%"
"12.04.2022","112,71","112,54","112,77","112,54","0,05K","0,16%"
"11.04.2022","112,54","112,11","112,61","112,11","0,04K","0,34%"
"08.04.2022","112,15","111,98","112,17","111,93","0,05K","0,16%"
"07.04.2022","111,98","111,83","111,99","111,68","0,05K","0,13%"
"06.04.2022","111,83","111,69","111,88","111,65","0,05K","0,12%"
"05.04.2022","111,70","111,50","111,74","111,50","0,06K","0,11%"
"04.04.2022","111,58","111,07","111,61","111,07","0,05K","0,41%"
"01.04.2022","111,13","110,96","111,14","110,96","0,04K","0,11%"
"31.03.2022","111,00","111,00","111,01","110,97","0,05K","0,11%"
"30.03.2022","110,89","110,88","110,94","110,85","0,07K","0,07%"
"29.03.2022","110,81","110,79","110,82","110,79","0,06K","0,11%"
"28.03.2022","110,68","110,13","110,71","110,13","0,05K","0,27%"
"25.03.2022","110,39","110,13","110,76","110,12","0,05K","-0,22%"
"24.03.2022","110,63","110,13","110,63","110,10","0,01K","0,41%"
"23.03.2022","110,18","110,07","110,19","110,07","0,04K","0,10%"
"22.03.2022","110,07","109,97","110,08","109,97","0,03K","0,09%"
"21.03.2022","109,96","109,88","110,05","109,82","0,07K","0,26%"
"18.03.2022","109,68","109,60","109,68","109,57","0,05K","0,15%"
"17.03.2022","109,51","109,36","109,54","109,36","0,03K","0,09%"
"16.03.2022","109,42","109,27","109,44","109,27","0,04K","0,13%"
"15.03.2022","109,27","109,26","109,32","109,25","0,06K","0,07%"
"14.03.2022","109,19","108,85","109,27","108,85","0,06K","0,33%"
"11.03.2022","108,84","108,90","108,90","108,77","0,05K","0,06%"
"10.03.2022","108,78","108,69","108,82","108,69","0,05K","0,07%"
"09.03.2022","108,69","108,68","108,69","108,44","0,05K","0,13%"
"08.03.2022","108,56","108,52","109,06","108,44","0,06K","0,10%"
"07.03.2022","108,44","108,47","108,48","108,44","0,05K","0,33%"
"04.03.2022","108,09","107,89","108,18","107,89","0,06K","0,05%"
"03.03.2022","108,04","107,91","108,07","107,89","0,06K","0,14%"
"02.03.2022","107,89","107,77","108,03","107,69","0,08K","0,46%"
"01.03.2022","107,39","107,40","107,43","107,36","","0,00%"
"28.02.2022","107,39","107,33","107,43","107,33","0,01K","-0,05%"
"25.02.2022","107,45","107,33","107,46","107,33","0,07K","0,07%"
"24.02.2022","107,38","107,25","107,45","107,25","0,08K","0,08%"
"23.02.2022","107,29","107,14","107,32","107,14","0,05K","0,08%"
"22.02.2022","107,19","107,18","107,20","107,09","0,05K","0,11%"
"21.02.2022","107,08","106,94","107,08","106,94","0,06K","0,28%"
"18.02.2022","106,79","106,63","106,79","106,63","0,05K","0,10%"
"17.02.2022","106,68","106,53","106,69","106,52","0,06K","0,15%"
"16.02.2022","106,53","106,47","106,59","106,47","0,05K","0,10%"
"15.02.2022","106,42","106,32","106,49","106,32","0,07K","0,10%"
"14.02.2022","106,32","106,07","106,46","106,07","0,06K","0,15%"
"11.02.2022","106,15","106,01","106,15","105,76","0,05K","0,13%"
"10.02.2022","106,01","106,01","106,03","106,00","0,03K","0,12%"
"09.02.2022","105,89","105,76","105,93","105,76","0,06K","0,07%"
"08.02.2022","105,81","105,79","105,82","105,72","0,13K","0,17%"
"07.02.2022","105,64","105,75","105,76","105,63","0,12K","0,25%"
"04.02.2022","105,38","105,43","105,44","105,36","0,08K","0,09%"
"03.02.2022","105,28","105,07","105,36","105,07","0,16K","0,11%"
"02.02.2022","105,16","104,98","105,24","104,98","0,14K","0,04%"
"01.02.2022","105,11","105,07","105,23","105,07","0,24K","0,10%"
"31.01.2022","105,01","104,93","105,04","104,79","0,18K","0,17%"
"28.01.2022","104,83","104,85","104,88","104,78","0,15K","0,07%"
"27.01.2022","104,76","104,71","104,82","104,65","0,18K","0,05%"
"26.01.2022","104,71","104,62","104,72","104,47","0,07K","0,09%"
"25.01.2022","104,61","104,50","104,63","104,30","0,08K","0,13%"
"24.01.2022","104,48","104,30","104,57","104,30","0,06K","0,13%"
"21.01.2022","104,35","104,28","104,38","104,25","0,05K","0,07%"
"20.01.2022","104,27","104,18","104,33","104,18","0,05K","0,06%"
"19.01.2022","104,21","104,25","104,30","104,19","0,08K","0,07%"
"18.01.2022","104,13","104,03","104,21","104,03","0,07K","0,07%"
"17.01.2022","104,06","104,06","104,06","104,06","","0,20%"
"14.01.2022","103,85","103,85","103,89","103,82","0,06K","0,08%"
"13.01.2022","103,76","103,67","103,88","103,58","0,07K","0,10%"
"12.01.2022","103,67","103,54","103,67","103,49","0,06K","0,14%"
"11.01.2022","103,52","103,58","103,60","103,51","0,06K","0,06%"
"10.01.2022","103,46","103,25","103,56","103,25","0,08K","0,16%"
"07.01.2022","103,29","103,10","103,31","103,10","0,05K","0,05%"
"06.01.2022","103,23","103,14","103,26","103,07","0,05K","0,13%"
"05.01.2022","103,10","103,05","103,17","103,04","0,06K","0,00%"
"04.01.2022","103,10","102,98","103,11","102,93","0,06K","0,14%"
"03.01.2022","102,96","103,05","103,07","102,69","0,06K","0,26%"
"31.12.2021","102,69","102,69","102,71","102,67","","0,00%"
"30.12.2021","102,69","102,64","102,76","102,64","0,05K","0,05%"
"29.12.2021","102,64","102,61","102,69","102,56","0,04K","0,03%"
"28.12.2021","102,61","102,56","102,65","102,53","0,04K","0,06%"
"27.12.2021","102,54","102,26","102,61","102,26","0,03K","0,28%"
"24.12.2021","102,26","102,30","102,30","102,24","0,00K","-0,01%"
"23.12.2021","102,28","102,23","102,37","102,22","0,07K","0,00%"
"22.12.2021","102,28","102,18","102,30","102,18","0,05K","0,09%"
"21.12.2021","102,18","102,09","102,25","102,09","0,05K","0,05%"
"20.12.2021","102,14","101,92","102,20","101,92","0,07K","0,21%"
"17.12.2021","101,92","101,86","101,97","101,86","0,06K","0,05%"
"16.12.2021","101,87","101,78","101,93","101,74","0,08K","0,04%"
"15.12.2021","101,82","101,74","101,86","101,74","0,06K","0,09%"
"14.12.2021","101,73","101,67","101,82","101,67","0,08K","0,07%"
"13.12.2021","101,66","101,50","101,75","101,50","0,07K","0,16%"
"10.12.2021","101,50","101,47","101,63","101,46","0,06K","-0,03%"
"09.12.2021","101,53","101,53","101,57","101,44","0,07K","0,15%"
"08.12.2021","101,38","101,38","101,40","101,36","0,00K","-0,04%"
"07.12.2021","101,42","101,38","101,42","101,25","0,05K","0,17%"
"06.12.2021","101,25","101,12","101,38","101,12","0,05K","0,13%"
"03.12.2021","101,11","101,14","101,19","101,01","0,06K","0,06%"
"02.12.2021","101,05","100,98","101,10","100,96","0,04K","0,08%"
"01.12.2021","100,96","100,94","101,04","100,89","0,06K","0,03%"
"30.11.2021","100,93","100,96","100,96","100,88","0,06K","0,04%"
"29.11.2021","100,89","100,64","100,96","100,64","0,06K","0,13%"
"26.11.2021","100,75","100,42","100,81","100,42","0,07K","0,07%"
"25.11.2021","100,68","100,68","100,68","100,68","","0,10%"
"24.11.2021","100,58","100,62","100,64","100,57","0,09K","0,00%"
"23.11.2021","100,57","100,41","100,65","100,41","0,08K","0,16%"
"22.11.2021","100,41","100,42","100,44","100,38","0,01K","-0,04%"
"19.11.2021","100,46","100,36","100,49","100,36","0,04K","0,09%"
"18.11.2021","100,36","100,34","100,42","100,29","0,07K","0,05%"
"17.11.2021","100,31","100,24","100,39","100,24","0,06K","0,01%"
"16.11.2021","100,30","100,28","100,34","100,22","0,06K","0,02%"
"15.11.2021","100,28","100,28","100,32","100,26","0,06K","0,10%"
"12.11.2021","100,18","100,09","100,28","100,09","0,07K","-0,02%"
"11.11.2021","100,19","100,17","100,19","100,16","0,05K","0,05%"
"10.11.2021","100,14","100,14","100,15","100,08","0,06K","0,07%"
"09.11.2021","100,07","100,01","100,12","99,98","0,07K","0,05%"
"08.11.2021","100,02","99,90","100,08","99,90","0,05K","0,12%"
"05.11.2021","99,90","99,92","99,96","99,89","0,04K","-0,01%"
"04.11.2021","99,92","99,87","99,97","99,87","0,06K","0,05%"
"03.11.2021","99,87","99,83","99,92","99,82","0,07K","0,04%"
"02.11.2021","99,83","99,79","99,88","99,75","0,06K","0,05%"
"01.11.2021","99,77","99,64","99,86","99,64","0,05K","0,09%"
"29.10.2021","99,68","99,61","99,74","99,60","0,06K","0,00%"
"28.10.2021","99,68","99,61","99,72","99,61","0,07K","0,04%"
"27.10.2021","99,65","99,51","99,65","99,51","0,06K","0,10%"
"26.10.2021","99,55","99,45","99,56","99,45","0,06K","0,11%"
"25.10.2021","99,44","99,37","99,51","99,37","0,04K","0,08%"
"22.10.2021","99,36","99,35","99,42","99,30","0,04K","0,03%"
"21.10.2021","99,33","99,31","99,38","99,28","0,06K","-0,02%"
"20.10.2021","99,36","99,31","99,36","99,26","0,05K","0,05%"
"19.10.2021","99,31","99,23","99,32","99,15","0,06K","0,03%"
"18.10.2021","99,28","99,15","99,31","99,14","0,08K","0,13%"
"15.10.2021","99,14","99,11","99,21","99,01","0,03K","0,08%"
"14.10.2021","99,07","99,08","99,17","98,98","0,05K","0,03%"
"13.10.2021","99,04","99,05","99,14","98,97","0,05K","0,03%"
"12.10.2021","99,01","98,86","99,13","98,86","0,05K","0,15%"
"11.10.2021","98,86","98,86","98,86","98,86","","0,00%"
"08.10.2021","98,86","98,86","98,86","98,86","0,00K","0,00%"
"07.10.2021","98,86","98,91","98,96","98,78","0,06K","-0,06%"
"06.10.2021","98,92","98,81","98,94","98,80","0,05K","0,02%"
"05.10.2021","98,90","98,81","98,93","98,80","0,10K","0,00%"
"04.10.2021","98,90","98,72","98,93","98,72","0,05K","0,20%"
"01.10.2021","98,71","98,65","98,81","98,65","0,05K","-0,03%"
"30.09.2021","98,74","98,67","98,76","98,57","0,06K","0,11%"
"29.09.2021","98,63","98,57","98,74","98,57","0,05K","0,05%"
"28.09.2021","98,58","98,57","98,70","98,51","0,05K","0,02%"
"27.09.2021","98,56","98,48","98,70","98,48","0,06K","-0,02%"
"24.09.2021","98,57","98,49","98,58","98,40","0,07K","0,13%"
"23.09.2021","98,45","98,49","98,56","98,39","0,07K","-0,04%"
"22.09.2021","98,49","98,40","98,56","98,38","0,08K","0,10%"
"21.09.2021","98,39","98,43","98,51","98,33","0,05K","0,00%"
"20.09.2021","98,39","98,29","98,51","98,29","0,07K","0,11%"
"17.09.2021","98,28","98,23","98,39","98,22","0,06K","-0,03%"
"16.09.2021","98,31","98,21","98,33","98,11","0,07K","0,15%"
"15.09.2021","98,17","98,17","98,27","98,08","0,16K","0,04%"
"14.09.2021","98,13","98,10","98,27","98,10","0,13K","-0,06%"
"13.09.2021","98,18","98,02","98,29","98,02","0,13K","0,17%"
"10.09.2021","98,02","97,98","98,13","97,95","0,15K","0,05%"
"09.09.2021","97,97","98,03","98,08","97,95","0,13K","-0,04%"
"08.09.2021","98,01","97,91","98,06","97,90","0,22K","0,11%"
"07.09.2021","97,90","97,86","98,03","97,86","0,07K","-0,05%"
"06.09.2021","97,95","97,94","97,99","97,91","0,05K","0,08%"
"03.09.2021","97,87","97,88","97,89","97,86","0,05K","0,04%"
"02.09.2021","97,83","97,72","97,86","97,71","0,04K","0,12%"
"01.09.2021","97,71","97,66","97,83","97,66","0,07K","-0,03%"
"31.08.2021","97,75","97,63","97,76","97,63","0,06K","0,13%"
"30.08.2021","97,62","97,50","97,76","97,50","0,06K","0,14%"
"27.08.2021","97,49","97,45","97,59","97,45","0,06K","0,05%"
"26.08.2021","97,44","97,44","97,57","97,36","0,05K","0,04%"
"25.08.2021","97,40","97,35","97,53","97,35","0,05K","0,04%"
"24.08.2021","97,36","97,32","97,46","97,27","0,06K","-0,05%"
"23.08.2021","97,40","97,43","97,43","97,40","0,07K","0,18%"
"20.08.2021","97,23","97,28","97,33","97,16","0,05K","-0,06%"
"19.08.2021","97,29","97,16","97,29","97,16","0,07K","0,02%"
"18.08.2021","97,26","97,19","97,31","97,16","0,05K","0,11%"
"17.08.2021","97,16","97,02","97,28","97,02","0,09K","0,14%"
"16.08.2021","97,03","96,99","97,09","96,95","0,01K","-0,08%"
"13.08.2021","97,11","97,04","97,11","96,94","0,04K","0,11%"
"12.08.2021","97,00","97,00","97,10","96,91","0,07K","0,03%"
"11.08.2021","96,97","96,94","97,07","96,94","0,06K","-0,06%"
"10.08.2021","97,03","96,91","97,05","96,89","0,13K","0,03%"
"09.08.2021","97,00","96,80","97,18","96,80","0,15K","0,09%"
"06.08.2021","96,90","96,81","96,95","96,80","0,16K","0,11%"
"05.08.2021","96,80","96,83","96,90","96,74","0,23K","-0,03%"
"04.08.2021","96,83","96,88","96,91","96,82","0,17K","0,03%"
"03.08.2021","96,81","96,80","96,87","96,79","0,17K","0,01%"
"02.08.2021","96,79","96,57","96,82","96,57","0,18K","0,11%"
"30.07.2021","96,69","96,64","96,72","96,56","0,22K","0,13%"
"29.07.2021","96,57","96,53","96,69","96,53","0,08K","-0,05%"
"28.07.2021","96,61","96,59","96,65","96,35","0,09K","0,04%"
"27.07.2021","96,57","96,57","96,60","96,57","0,05K","0,04%"
"26.07.2021","96,54","96,47","96,54","96,47","0,05K","0,19%"
"23.07.2021","96,35","96,32","96,46","96,31","0,11K","-0,06%"
"22.07.2021","96,40","96,39","96,42","96,30","0,11K","0,04%"
"21.07.2021","96,36","96,36","96,39","96,35","0,12K","0,03%"
"20.07.2021","96,33","96,32","96,35","96,32","0,12K","0,03%"
"19.07.2021","96,31","96,31","96,32","96,26","0,10K","0,09%"
"16.07.2021","96,21","96,21","96,21","96,21","","0,03%"
"15.07.2021","96,18","96,18","96,18","96,18","","0,03%"
"14.07.2021","96,15","96,14","96,18","96,13","0,12K","0,03%"
"13.07.2021","96,13","96,12","96,15","96,10","0,11K","0,03%"
"12.07.2021","96,10","95,90","96,11","95,83","0,10K","0,12%"
"09.07.2021","95,98","95,90","95,98","95,83","0,01K","0,00%"
"08.07.2021","95,99","95,94","96,01","95,85","0,23K","0,04%"
"07.07.2021","95,94","95,84","95,98","95,83","0,17K","0,03%"
"06.07.2021","95,92","95,80","95,94","95,80","0,14K","0,03%"
"05.07.2021","95,89","95,71","95,90","95,71","0,05K","0,10%"
"02.07.2021","95,79","95,68","95,82","95,68","0,11K","0,03%"
"01.07.2021","95,76","95,64","95,79","95,62","0,12K","0,06%"
"30.06.2021","95,71","95,62","95,75","95,61","0,06K","0,01%"
"29.06.2021","95,70","95,53","95,71","95,51","0,07K","0,10%"
"28.06.2021","95,60","95,52","95,70","95,47","0,05K","0,09%"
"25.06.2021","95,52","95,48","95,61","95,45","0,04K","0,05%"
"24.06.2021","95,47","95,47","95,58","95,43","0,08K","0,02%"
"23.06.2021","95,46","95,46","95,55","95,36","0,07K","0,04%"
"22.06.2021","95,42","95,29","95,51","95,29","0,11K","0,13%"
"21.06.2021","95,29","95,38","95,38","95,25","0,00K","-0,10%"
"18.06.2021","95,39","95,28","95,39","95,27","0,07K","0,03%"
"17.06.2021","95,36","95,24","95,36","95,24","0,06K","0,05%"
"16.06.2021","95,32","95,32","95,33","95,22","0,05K","0,12%"
"15.06.2021","95,20","95,28","95,30","95,17","0,07K","-0,06%"
"14.06.2021","95,25","95,06","95,27","95,05","0,12K","0,12%"
"11.06.2021","95,14","95,02","95,16","95,00","0,14K","0,05%"
"10.06.2021","95,10","95,08","95,11","95,07","0,16K","0,04%"
"09.06.2021","95,06","94,93","95,08","94,93","0,14K","0,13%"
"08.06.2021","94,93","94,90","95,02","94,90","0,06K","0,03%"
"07.06.2021","94,90","94,78","95,01","94,78","0,05K","0,12%"
"04.06.2021","94,79","94,73","94,88","94,71","0,18K","0,06%"
"03.06.2021","94,73","94,65","94,83","94,65","0,11K","-0,05%"
"02.06.2021","94,78","94,65","94,78","94,65","0,06K","0,14%"
"01.06.2021","94,65","94,62","94,75","94,57","0,06K","0,04%"
"31.05.2021","94,61","94,46","94,70","94,46","0,05K","0,05%"
"28.05.2021","94,57","94,45","94,57","94,40","0,07K","0,12%"
"27.05.2021","94,45","94,51","94,55","94,40","0,05K","-0,04%"
"26.05.2021","94,49","94,21","94,49","94,15","0,08K","0,29%"
"25.05.2021","94,21","94,21","94,29","94,15","0,01K","0,01%"
"24.05.2021","94,20","94,20","94,28","94,16","0,01K","0,00%"
"21.05.2021","94,20","94,16","94,29","94,11","0,06K","-0,05%"
"20.05.2021","94,25","94,20","94,26","94,08","0,05K","0,04%"
"19.05.2021","94,21","94,12","94,23","94,03","0,19K","0,13%"
"18.05.2021","94,08","94,06","94,18","94,06","0,11K","0,03%"
"17.05.2021","94,06","93,97","94,15","93,97","0,11K","0,10%"
"14.05.2021","93,96","93,94","94,07","93,92","0,15K","-0,06%"
"13.05.2021","94,01","93,90","94,04","93,90","0,12K","0,03%"
"12.05.2021","93,99","93,86","94,00","93,86","0,07K","0,13%"
"11.05.2021","93,86","93,88","93,97","93,28","0,06K","0,03%"
"10.05.2021","93,84","93,72","93,98","93,28","0,07K","0,00%"
"07.05.2021","93,84","93,28","93,85","93,28","0,05K","0,05%"
"06.05.2021","93,79","93,72","93,81","93,27","0,08K","0,13%"
"05.05.2021","93,67","93,63","93,76","93,28","0,05K","-0,05%"
"04.05.2021","93,71","93,59","93,72","93,28","0,02K","0,04%"
"03.05.2021","93,68","93,48","93,81","93,28","0,06K","0,21%"
"30.04.2021","93,48","93,35","93,63","93,35","0,09K","-0,02%"
"29.04.2021","93,50","93,44","93,54","93,26","0,07K","0,06%"
"28.04.2021","93,43","93,19","93,43","93,18","0,07K","0,11%"
"27.04.2021","93,33","93,19","93,34","93,18","0,05K","0,06%"
"26.04.2021","93,28","93,04","93,29","93,03","0,08K","0,16%"
"23.04.2021","93,13","92,99","93,14","92,96","0,07K","0,05%"
"22.04.2021","93,07","92,96","93,09","92,93","0,07K","0,13%"
"21.04.2021","92,95","92,85","93,04","92,85","0,05K","-0,03%"
"20.04.2021","92,97","92,84","92,99","92,83","0,04K","0,05%"
"19.04.2021","92,93","92,71","92,99","92,71","0,05K","0,14%"
"16.04.2021","92,79","92,59","92,80","92,59","0,05K","0,08%"
"15.04.2021","92,72","92,59","92,74","92,59","0,07K","0,06%"
"14.04.2021","92,67","92,68","92,68","92,67","0,05K","0,05%"
"13.04.2021","92,63","92,49","92,64","92,48","0,06K","0,05%"
"12.04.2021","92,57","92,35","92,60","92,30","0,06K","0,24%"
"09.04.2021","92,35","92,31","92,45","92,31","0,06K","0,06%"
"08.04.2021","92,30","92,26","92,41","92,26","0,06K","0,05%"
"07.04.2021","92,25","92,36","92,36","92,24","0,05K","-0,04%"
"06.04.2021","92,29","92,28","92,30","92,19","0,08K","0,13%"
"05.04.2021","92,17","91,60","92,37","91,60","0,07K","0,61%"
"02.04.2021","91,60","91,63","91,73","91,43","0,01K","-0,07%"
"01.04.2021","91,67","91,89","91,92","91,58","0,01K","-0,35%"
"31.03.2021","91,99","91,95","92,01","91,86","0,09K","0,03%"
"30.03.2021","91,96","91,92","91,98","91,83","0,07K","0,04%"
"29.03.2021","91,92","91,72","92,08","91,72","0,06K","0,08%"
"26.03.2021","91,85","91,71","91,86","91,68","0,05K","0,16%"
"25.03.2021","91,70","91,45","91,80","91,44","0,04K","0,28%"
"24.03.2021","91,44","91,57","91,58","91,44","0,01K","-0,13%"
"23.03.2021","91,56","91,57","91,66","91,47","0,05K","0,00%"
"22.03.2021","91,57","91,29","91,58","91,26","0,06K","0,31%"
"19.03.2021","91,28","91,21","91,37","91,21","0,05K","0,00%"
"18.03.2021","91,29","91,13","91,29","91,07","0,05K","0,09%"
"17.03.2021","91,21","91,14","91,21","91,14","0,04K","0,08%"
"16.03.2021","91,14","91,07","91,15","91,07","0,05K","0,08%"
"15.03.2021","91,07","90,78","91,10","90,78","0,06K","0,31%"
"12.03.2021","90,79","90,79","90,88","90,70","0,11K","0,00%"
"11.03.2021","90,79","90,76","90,80","90,70","0,11K","0,08%"
"10.03.2021","90,71","90,69","90,74","90,62","0,07K","0,16%"
"09.03.2021","90,57","90,49","90,67","90,44","0,08K","0,09%"
"08.03.2021","90,50","90,28","90,63","90,15","0,08K","0,23%"
"05.03.2021","90,28","90,38","90,38","90,01","0,05K","-0,01%"
"04.03.2021","90,29","90,28","90,30","90,22","0,05K","0,08%"
"03.03.2021","90,22","90,16","90,25","90,01","0,06K","0,08%"
"02.03.2021","90,15","90,00","90,18","89,82","0,05K","0,08%"
"01.03.2021","90,08","89,74","90,11","89,73","0,05K","0,29%"
"26.02.2021","89,82","89,82","89,83","89,65","0,04K","0,08%"
"25.02.2021","89,75","89,75","89,75","89,75","0,03K","0,09%"
"24.02.2021","89,67","89,46","89,67","89,24","0,04K","0,24%"
"23.02.2021","89,46","89,31","89,56","89,30","0,07K","0,02%"
"22.02.2021","89,43","89,07","89,45","89,02","0,07K","0,41%"
"19.02.2021","89,07","89,14","89,16","89,02","0,06K","0,02%"
"18.02.2021","89,06","88,95","89,06","88,81","0,07K","0,12%"
"17.02.2021","88,94","88,45","88,95","88,45","0,06K","0,55%"
"16.02.2021","88,46","88,46","88,52","88,40","0,01K","0,00%"
"15.02.2021","88,45","88,45","88,45","88,45","","0,00%"
"12.02.2021","88,46","88,53","88,55","88,40","0,07K","0,01%"
"11.02.2021","88,44","88,37","88,46","88,19","0,07K","0,09%"
"10.02.2021","88,36","88,27","88,37","88,27","0,05K","0,11%"
"09.02.2021","88,26","88,17","88,28","88,08","0,07K","0,11%"
"08.02.2021","88,17","87,93","88,17","87,88","0,07K","0,28%"
"05.02.2021","87,93","87,92","88,01","87,72","0,07K","0,01%"
"04.02.2021","87,92","87,73","87,92","87,66","0,06K","0,13%"
"03.02.2021","87,81","87,63","87,83","87,62","0,15K","0,11%"
"02.02.2021","87,71","87,65","87,72","87,57","0,22K","0,12%"
"01.02.2021","87,61","87,45","87,63","87,26","0,13K","0,34%"
"29.01.2021","87,31","87,15","87,33","87,12","0,11K","0,19%"
"28.01.2021","87,14","87,04","87,23","87,04","0,18K","0,03%"
"27.01.2021","87,11","86,94","87,15","86,89","0,22K","0,21%"
"26.01.2021","86,93","86,88","87,06","86,78","0,17K","0,11%"
"25.01.2021","86,84","86,89","86,94","86,50","0,08K","0,40%"
"22.01.2021","86,50","86,43","86,58","86,14","0,06K","0,08%"
"21.01.2021","86,43","86,41","86,46","86,41","0,06K","0,10%"
"20.01.2021","86,35","86,21","86,35","86,12","0,06K","0,16%"
"19.01.2021","86,21","85,57","86,22","85,38","0,06K","0,16%"
"18.01.2021","86,07","86,07","86,07","86,07","","0,39%"
"15.01.2021","85,74","85,65","85,74","85,38","0,02K","0,11%"
"14.01.2021","85,64","85,60","85,66","85,38","0,07K","0,11%"
"13.01.2021","85,56","85,97","86,02","85,34","0,06K","0,11%"
"12.01.2021","85,46","85,32","85,97","85,29","0,05K","0,18%"
"11.01.2021","85,31","84,93","85,40","84,89","0,06K","0,22%"
"08.01.2021","85,13","84,93","85,13","84,89","0,05K","0,23%"
"07.01.2021","84,93","84,90","85,03","84,72","0,05K","0,02%"
"06.01.2021","84,91","84,80","84,91","84,80","0,05K","0,14%"
"05.01.2021","84,79","84,65","84,80","84,58","0,05K","0,21%"
"04.01.2021","84,62","84,09","84,79","84,07","0,06K","0,64%"
"01.01.2021","84,08","84,08","84,08","84,08","","0,00%"
"31.12.2020","84,08","83,96","84,14","83,96","0,01K","-0,07%"
"30.12.2020","84,14","84,03","84,15","83,84","0,04K","0,14%"
"29.12.2020","84,03","83,88","84,03","83,79","0,05K","0,23%"
"28.12.2020","83,84","83,90","83,92","83,82","0,06K","0,68%"
"25.12.2020","83,28","83,28","83,28","83,28","","0,00%"
"24.12.2020","83,28","83,28","83,32","83,24","0,00K","-0,09%"
"23.12.2020","83,36","83,25","83,36","83,11","0,05K","0,13%"
"22.12.2020","83,25","83,11","83,27","83,03","0,06K","0,20%"
"21.12.2020","83,08","82,77","83,17","82,77","0,09K","0,39%"
"18.12.2020","82,76","82,83","82,85","82,56","0,05K","0,05%"
"17.12.2020","82,72","82,60","82,72","82,51","0,05K","0,20%"
"16.12.2020","82,56","82,46","82,64","82,46","0,06K","0,10%"
"15.12.2020","82,47","82,38","82,56","82,34","0,05K","0,12%"
"14.12.2020","82,38","82,14","82,46","82,10","0,13K","0,28%"
"11.12.2020","82,14","82,07","82,23","82,02","0,07K","0,00%"
"10.12.2020","82,14","81,98","82,15","81,92","0,07K","0,11%"
"09.12.2020","82,05","81,58","82,05","81,58","0,12K","0,56%"
"08.12.2020","81,59","81,58","81,64","81,54","0,01K","0,12%"
"07.12.2020","81,49","81,57","81,60","81,48","0,01K","-0,21%"
"04.12.2020","81,67","81,50","81,67","81,50","0,10K","0,20%"
"03.12.2020","81,50","81,42","81,58","81,39","0,11K","0,01%"
"02.12.2020","81,49","81,33","81,50","81,33","0,07K","0,07%"
"01.12.2020","81,43","81,31","81,44","81,22","0,08K","0,15%"
"30.11.2020","81,31","81,00","81,31","81,00","0,10K","0,30%"
"27.11.2020","81,07","80,82","81,46","80,82","0,07K","0,23%"
"26.11.2020","80,89","80,79","80,89","80,79","0,12K","0,11%"
"25.11.2020","80,79","80,68","80,80","80,61","0,12K","0,13%"
"24.11.2020","80,69","80,29","80,70","80,29","0,14K","0,49%"
"23.11.2020","80,30","80,29","80,35","80,25","0,01K","-0,07%"
"20.11.2020","80,36","80,28","80,37","80,20","0,05K","0,09%"
"19.11.2020","80,28","80,10","80,29","80,05","0,08K","0,23%"
"18.11.2020","80,09","80,04","80,18","79,95","0,07K","0,07%"
"17.11.2020","80,04","79,96","80,04","79,88","0,08K","0,10%"
"16.11.2020","79,96","79,60","79,96","79,60","0,06K","0,27%"
"13.11.2020","79,75","79,50","79,76","79,50","0,07K","0,30%"
"12.11.2020","79,51","79,43","79,60","79,41","0,08K","0,10%"
"11.11.2020","79,43","79,36","79,51","79,34","0,06K","0,06%"
"10.11.2020","79,38","79,26","79,45","79,25","0,06K","0,14%"
"09.11.2020","79,27","79,03","79,37","79,03","0,07K","0,29%"
"06.11.2020","79,04","79,08","79,11","78,99","0,01K","-0,06%"
"05.11.2020","79,09","79,00","79,11","78,86","0,06K","0,15%"
"04.11.2020","78,97","78,61","79,06","78,61","0,08K","0,05%"
"03.11.2020","78,93","78,69","78,93","78,69","0,05K","0,31%"
"02.11.2020","78,68","78,21","78,70","78,19","0,05K","0,45%"
"30.10.2020","78,33","78,29","78,34","78,19","0,07K","0,04%"
"29.10.2020","78,30","78,23","78,32","78,21","0,04K","0,00%"
"28.10.2020","78,31","78,31","78,35","78,21","0,07K","0,00%"
"27.10.2020","78,31","78,20","78,32","78,14","0,06K","0,16%"
"26.10.2020","78,18","78,06","78,26","78,05","0,05K","0,06%"
"23.10.2020","78,13","77,99","78,14","77,99","0,06K","0,17%"
"22.10.2020","78,00","77,67","78,08","77,62","0,06K","0,41%"
"21.10.2020","77,68","77,65","77,77","77,56","0,05K","0,06%"
"20.10.2020","77,63","77,50","77,72","77,50","0,06K","0,07%"
"19.10.2020","77,57","77,46","77,61","77,46","0,06K","0,15%"
"16.10.2020","77,46","77,41","77,56","77,39","0,04K","-0,02%"
"15.10.2020","77,47","77,41","77,51","77,33","0,06K","0,09%"
"14.10.2020","77,40","77,36","77,50","77,33","0,04K","0,06%"
"13.10.2020","77,36","77,00","77,44","77,00","0,03K","0,27%"
"12.10.2020","77,14","77,14","77,14","77,14","","0,00%"
"09.10.2020","77,14","77,05","77,16","76,96","0,14K","0,03%"
"08.10.2020","77,12","77,10","77,12","77,00","0,06K","0,02%"
"07.10.2020","77,11","77,08","77,12","76,95","0,10K","0,05%"
"06.10.2020","77,07","77,05","77,12","76,95","0,10K","0,16%"
"05.10.2020","76,94","76,89","77,08","76,87","0,08K","0,09%"
"02.10.2020","76,88","76,18","76,96","76,18","0,07K","0,91%"
"01.10.2020","76,18","76,18","76,26","76,07","0,09K","0,01%"
"30.09.2020","76,18","76,12","76,18","76,11","0,09K","0,08%"
"29.09.2020","76,11","75,99","76,12","75,99","0,10K","0,08%"
"28.09.2020","76,06","75,78","76,06","75,78","3,37K","0,36%"
"25.09.2020","75,78","75,78","75,86","75,64","0,12K","0,01%"
"24.09.2020","75,78","75,68","75,78","75,65","0,09K","0,17%"
"23.09.2020","75,65","75,58","75,74","75,57","0,12K","0,09%"
"22.09.2020","75,58","75,52","75,65","75,51","0,15K","0,08%"
"21.09.2020","75,52","75,58","75,60","75,31","0,11K","0,28%"
"18.09.2020","75,31","75,18","75,39","75,18","0,13K","-0,01%"
"17.09.2020","75,32","75,21","75,32","75,18","0,09K","0,18%"
"16.09.2020","75,18","75,12","75,26","75,12","0,13K","0,06%"
"15.09.2020","75,14","75,06","75,21","75,05","0,08K","0,11%"
"14.09.2020","75,06","75,01","75,13","74,97","0,11K","0,29%"
"11.09.2020","74,84","74,78","74,91","74,74","0,06K","0,08%"
"10.09.2020","74,78","74,72","74,86","74,67","0,10K","0,11%"
"09.09.2020","74,70","74,64","74,77","74,64","0,05K","0,08%"
"08.09.2020","74,64","74,37","74,71","74,37","0,07K","0,00%"
"07.09.2020","74,64","74,64","74,64","74,64","","0,29%"
"04.09.2020","74,43","74,31","74,44","74,30","0,06K","0,12%"
"03.09.2020","74,34","74,18","74,39","74,18","0,11K","0,03%"
"02.09.2020","74,32","74,32","74,32","74,24","0,00K","0,09%"
"01.09.2020","74,25","74,13","74,25","74,13","0,05K","0,16%"
"31.08.2020","74,12","73,93","74,20","73,93","0,06K","0,26%"
"28.08.2020","73,93","73,88","74,01","73,88","0,09K","0,07%"
"27.08.2020","73,88","73,80","73,95","73,80","0,06K","0,11%"
"26.08.2020","73,80","73,75","73,88","73,75","0,05K","0,07%"
"25.08.2020","73,75","73,67","73,82","73,67","0,06K","0,11%"
"24.08.2020","73,67","73,50","73,74","73,50","0,05K","0,13%"
"21.08.2020","73,57","73,47","73,60","73,47","0,08K","0,15%"
"20.08.2020","73,46","73,34","73,54","73,34","0,06K","-0,01%"
"19.08.2020","73,47","73,34","73,47","73,33","0,09K","0,11%"
"18.08.2020","73,39","73,10","73,41","73,06","0,04K","0,40%"
"17.08.2020","73,11","73,04","73,16","73,03","0,02K","-0,07%"
"14.08.2020","73,15","73,13","73,15","73,13","","0,16%"
"13.08.2020","73,04","72,98","73,11","72,98","0,05K","-0,01%"
"12.08.2020","73,05","72,94","73,05","72,92","0,04K","0,16%"
"11.08.2020","72,93","72,89","73,01","72,89","0,05K","0,06%"
"10.08.2020","72,89","72,64","72,96","72,62","0,10K","0,16%"
"07.08.2020","72,77","72,64","72,77","72,63","0,05K","0,10%"
"06.08.2020","72,69","72,57","72,71","72,56","0,09K","0,19%"
"05.08.2020","72,56","72,45","72,63","72,45","0,06K","-0,01%"
"04.08.2020","72,57","72,49","72,57","72,41","0,08K","0,15%"
"03.08.2020","72,46","72,25","72,53","72,19","0,06K","0,19%"
"31.07.2020","72,32","72,19","72,32","72,19","0,05K","0,08%"
"30.07.2020","72,26","72,13","72,26","72,13","0,05K","0,09%"
"29.07.2020","72,19","72,07","72,20","72,03","0,06K","0,08%"
"28.07.2020","72,14","72,04","72,14","71,97","0,08K","0,17%"
"27.07.2020","72,01","71,99","72,08","71,99","0,10K","0,24%"
"24.07.2020","71,84","71,77","71,91","71,76","0,06K","0,10%"
"23.07.2020","71,77","71,65","71,84","71,65","0,09K","-0,01%"
"22.07.2020","71,78","71,75","71,78","71,75","0,06K","0,09%"
"21.07.2020","71,71","71,63","71,72","71,56","0,10K","0,15%"
"20.07.2020","71,61","71,42","71,68","71,42","0,08K","0,19%"
"17.07.2020","71,47","71,36","71,48","71,36","0,10K","0,17%"
"16.07.2020","71,35","71,32","71,42","71,25","0,09K","0,08%"
"15.07.2020","71,29","71,17","71,36","71,17","0,08K","0,08%"
"14.07.2020","71,23","71,21","71,31","71,13","0,07K","0,08%"
"13.07.2020","71,17","70,88","71,24","70,88","0,06K","0,42%"
"10.07.2020","70,87","70,88","70,93","70,83","0,01K","0,00%"
"09.07.2020","70,87","70,89","70,96","70,84","0,01K","-0,01%"
"08.07.2020","70,88","70,86","70,95","70,80","0,08K","0,00%"
"07.07.2020","70,88","70,75","70,88","70,71","0,05K","0,09%"
"06.07.2020","70,81","70,39","70,83","70,39","0,09K","0,25%"
"03.07.2020","70,64","70,64","70,65","70,61","0,10K","0,08%"
"02.07.2020","70,58","70,57","70,59","70,54","0,10K","0,09%"
"01.07.2020","70,51","70,46","70,53","70,46","0,12K","0,18%"
"30.06.2020","70,39","70,35","70,47","70,35","0,06K","0,06%"
"29.06.2020","70,35","70,15","70,42","70,13","0,08K","0,28%"
"26.06.2020","70,15","70,09","70,22","70,09","0,06K","0,00%"
"25.06.2020","70,15","70,03","70,17","70,00","0,09K","0,10%"
"24.06.2020","70,08","70,10","70,10","69,97","0,05K","0,07%"
"23.06.2020","70,04","69,93","70,05","69,88","0,08K","0,16%"
"22.06.2020","69,93","69,75","70,00","69,73","0,10K","0,26%"
"19.06.2020","69,75","69,68","69,82","69,67","0,09K","0,10%"
"18.06.2020","69,67","69,62","69,75","69,58","0,09K","0,06%"
"17.06.2020","69,63","69,62","69,70","69,53","0,09K","0,03%"
"16.06.2020","69,61","69,34","69,66","69,29","0,13K","0,40%"
"15.06.2020","69,33","69,25","69,39","69,25","0,02K","-0,07%"
"12.06.2020","69,38","69,35","69,39","69,18","0,09K","0,09%"
"11.06.2020","69,32","69,10","69,33","69,02","0,16K","0,10%"
"10.06.2020","69,25","69,13","69,28","69,09","0,11K","0,20%"
"09.06.2020","69,10","69,05","69,18","68,98","0,08K","0,08%"
"08.06.2020","69,05","68,92","69,12","68,91","0,13K","0,15%"
"05.06.2020","68,94","68,83","69,01","68,79","0,09K","0,16%"
"04.06.2020","68,83","68,74","68,91","68,73","0,07K","0,05%"
"03.06.2020","68,80","68,68","68,86","68,61","0,07K","0,21%"
"02.06.2020","68,65","68,56","68,73","68,56","0,08K","0,12%"
"01.06.2020","68,57","68,48","68,65","68,43","0,05K","0,14%"
"29.05.2020","68,47","68,41","68,55","68,00","0,06K","0,13%"
"28.05.2020","68,38","68,33","68,46","68,00","0,04K","0,12%"
"27.05.2020","68,30","68,24","68,37","68,00","0,06K","0,12%"
"26.05.2020","68,22","68,11","68,32","67,95","0,07K","0,07%"
"25.05.2020","68,18","68,18","68,18","68,18","","0,00%"
"22.05.2020","68,18","68,03","68,19","67,94","0,14K","0,22%"
"21.05.2020","68,02","67,93","68,12","67,90","0,08K","0,13%"
"20.05.2020","67,93","67,95","68,01","67,67","0,04K","0,04%"
"19.05.2020","67,91","67,82","67,91","67,67","0,08K","0,13%"
"18.05.2020","67,82","67,77","67,82","67,77","0,04K","0,22%"
"15.05.2020","67,67","67,57","67,74","67,57","0,11K","0,12%"
"14.05.2020","67,59","67,50","67,66","67,45","0,08K","0,15%"
"13.05.2020","67,49","67,43","67,57","67,36","0,11K","0,14%"
"12.05.2020","67,40","67,38","67,48","67,30","0,10K","0,05%"
"11.05.2020","67,36","67,04","67,40","67,04","0,13K","0,13%"
"08.05.2020","67,28","67,04","67,30","67,04","0,11K","0,16%"
"07.05.2020","67,17","67,05","67,21","66,99","0,12K","0,18%"
"06.05.2020","67,05","66,94","67,11","66,91","0,10K","0,14%"
"05.05.2020","66,95","66,89","67,03","66,83","0,13K","0,10%"
"04.05.2020","66,88","66,77","66,96","66,77","0,07K","0,40%"
"01.05.2020","66,62","66,77","66,79","66,03","0,01K","-0,24%"
"30.04.2020","66,78","66,79","66,85","66,68","0,07K","0,15%"
"29.04.2020","66,68","66,57","66,76","66,54","0,06K","0,17%"
"28.04.2020","66,57","66,46","66,64","66,42","0,05K","0,17%"
"27.04.2020","66,46","66,25","66,54","66,03","0,07K","0,14%"
"24.04.2020","66,36","66,26","66,44","66,03","0,09K","0,17%"
"23.04.2020","66,25","66,17","66,34","66,02","0,13K","0,07%"
"22.04.2020","66,21","66,05","66,28","66,00","0,12K","0,26%"
"21.04.2020","66,04","65,92","66,11","65,87","0,08K","0,17%"
"20.04.2020","65,93","65,80","66,00","65,80","0,07K","0,19%"
"17.04.2020","65,81","65,71","65,88","65,65","0,08K","0,18%"
"16.04.2020","65,69","65,57","65,76","65,53","0,06K","0,20%"
"15.04.2020","65,56","65,42","65,63","65,42","0,07K","0,21%"
"14.04.2020","65,42","65,31","65,51","64,45","0,08K","0,17%"
"13.04.2020","65,31","64,45","65,41","64,36","0,08K","1,19%"
"10.04.2020","64,54","64,57","64,57","64,54","0,00K","-0,82%"
"09.04.2020","65,07","65,12","65,12","65,02","0,00K","-0,01%"
"08.04.2020","65,08","64,99","65,18","64,99","0,06K","0,14%"
"07.04.2020","64,99","64,92","65,09","64,92","0,05K","0,11%"
"06.04.2020","64,91","64,82","65,01","64,82","0,08K","0,00%"
"03.04.2020","64,91","64,45","64,93","64,44","0,13K","0,30%"
"02.04.2020","64,72","64,45","64,74","64,28","0,17K","0,42%"
"01.04.2020","64,45","64,35","64,55","64,26","0,09K","0,21%"
"31.03.2020","64,31","64,38","64,45","64,30","0,01K","-0,13%"
"30.03.2020","64,39","64,41","64,56","64,24","0,16K","0,08%"
"27.03.2020","64,34","64,15","64,53","64,15","0,16K","0,31%"
"26.03.2020","64,14","64,01","64,25","63,66","0,18K","0,27%"
"25.03.2020","63,97","63,68","64,07","63,64","0,23K","0,45%"
"24.03.2020","63,68","63,69","63,77","63,63","0,01K","0,00%"
"23.03.2020","63,68","63,69","63,78","63,63","0,02K","-0,14%"
"20.03.2020","63,77","63,47","63,79","63,47","0,05K","0,48%"
"19.03.2020","63,46","63,24","63,57","63,24","0,08K","0,35%"
"18.03.2020","63,24","63,09","63,40","63,03","0,07K","0,22%"
"17.03.2020","63,10","62,96","63,18","62,96","0,05K","0,24%"
"16.03.2020","62,95","62,80","63,04","62,80","0,08K","0,08%"
"13.03.2020","62,90","62,76","62,91","62,62","0,10K","0,33%"
"12.03.2020","62,69","62,74","62,83","62,58","0,10K","0,19%"
"11.03.2020","62,58","62,24","62,68","62,24","0,05K","0,06%"
"10.03.2020","62,54","62,45","62,64","62,43","0,09K","0,15%"
"09.03.2020","62,44","62,24","62,64","62,24","0,11K","0,02%"
"06.03.2020","62,43","62,24","62,53","62,23","0,08K","0,16%"
"05.03.2020","62,33","62,36","62,43","62,13","0,09K","-0,05%"
"04.03.2020","62,36","62,23","62,40","62,19","0,07K","0,22%"
"03.03.2020","62,22","62,17","62,32","62,14","0,09K","0,09%"
"02.03.2020","62,17","62,13","62,27","62,10","0,09K","0,06%"
"28.02.2020","62,13","62,06","62,23","62,01","0,21K","0,11%"
"27.02.2020","62,06","62,02","62,31","61,98","0,19K","0,07%"
"26.02.2020","62,02","61,81","62,11","61,71","0,19K","0,40%"
"25.02.2020","61,77","61,73","61,86","61,69","0,01K","0,04%"
"24.02.2020","61,74","61,78","61,85","61,70","0,01K","-0,05%"
"21.02.2020","61,77","61,77","61,89","61,68","0,38K","0,00%"
"20.02.2020","61,77","61,66","61,86","61,66","0,25K","0,18%"
"19.02.2020","61,65","61,58","61,75","61,56","0,24K","0,12%"
"18.02.2020","61,58","61,51","61,69","61,32","0,23K","0,04%"
"17.02.2020","61,56","61,46","61,65","61,46","0,08K","0,30%"
"14.02.2020","61,37","61,30","61,46","61,29","0,07K","0,09%"
"13.02.2020","61,31","61,15","61,41","61,15","0,06K","0,27%"
"12.02.2020","61,15","61,06","61,25","61,00","0,06K","0,14%"
"11.02.2020","61,06","60,44","61,15","60,91","0,08K","0,26%"
"10.02.2020","60,90","60,69","61,00","60,69","0,14K","0,33%"
"07.02.2020","60,70","60,61","60,79","60,60","0,10K","0,16%"
"06.02.2020","60,61","60,54","60,70","60,52","0,10K","0,11%"
"05.02.2020","60,54","60,50","60,63","60,47","0,19K","0,05%"
"04.02.2020","60,51","60,43","60,61","60,16","0,22K","0,15%"
"03.02.2020","60,42","59,99","60,56","59,99","0,20K","0,24%"
"31.01.2020","60,28","60,17","60,37","60,16","0,12K","0,18%"
"30.01.2020","60,17","60,17","60,28","60,09","0,07K","0,00%"
"29.01.2020","60,16","60,10","60,26","59,93","0,08K","0,10%"
"28.01.2020","60,10","60,09","60,20","59,94","0,08K","0,02%"
"27.01.2020","60,08","59,99","60,18","59,97","0,08K","0,12%"
"24.01.2020","60,01","60,00","60,14","59,95","0,31K","-0,02%"
"23.01.2020","60,02","60,02","60,13","59,96","0,31K","0,05%"
"22.01.2020","59,99","60,10","60,19","59,85","0,31K","-0,18%"
"21.01.2020","60,10","60,01","60,12","59,94","0,32K","0,17%"
"20.01.2020","60,00","60,00","60,08","59,97","0,04K","-0,01%"
"17.01.2020","60,01","59,90","60,04","59,89","0,18K","0,18%"
"16.01.2020","59,90","59,88","60,05","59,84","0,10K","0,04%"
"15.01.2020","59,88","59,73","60,07","59,73","0,07K","-0,19%"
"14.01.2020","59,99","59,73","60,09","59,73","0,08K","0,08%"
"13.01.2020","59,94","59,90","59,99","59,74","0,13K","0,34%"
"10.01.2020","59,74","59,74","59,97","59,65","0,25K","0,00%"
"09.01.2020","59,74","59,74","59,92","59,69","0,19K","-0,13%"
"08.01.2020","59,82","59,76","59,88","59,71","0,16K","0,11%"
"07.01.2020","59,75","59,82","59,91","59,68","0,11K","0,03%"
"06.01.2020","59,73","59,73","59,86","59,72","0,10K","-0,01%"
"03.01.2020","59,74","59,82","59,92","59,65","0,08K","-0,12%"
"02.01.2020","59,81","59,82","59,94","59,66","0,06K","-0,10%"
"01.01.2020","59,87","59,87","59,87","59,87","","0,00%"
"31.12.2019","59,87","59,87","59,87","59,87","0,00K","-0,02%"
"30.12.2019","59,88","59,90","59,97","59,82","0,25K","0,10%"
"27.12.2019","59,82","59,90","59,96","59,81","0,14K","0,03%"
"26.12.2019","59,80","59,82","60,03","59,68","0,13K","0,19%"
"25.12.2019","59,69","59,69","59,69","59,69","","0,00%"
"24.12.2019","59,69","59,94","60,03","59,61","0,02K","-0,40%"
"23.12.2019","59,93","59,73","60,02","59,73","0,15K","0,33%"
"20.12.2019","59,73","59,85","59,92","59,68","0,23K","-0,02%"
"19.12.2019","59,74","59,76","59,97","59,68","0,16K","-0,02%"
"18.12.2019","59,75","59,75","59,96","59,72","0,20K","0,02%"
"17.12.2019","59,74","59,73","59,96","59,69","0,10K","0,00%"
"16.12.2019","59,74","59,77","59,92","59,67","0,11K","-0,05%"
"13.12.2019","59,77","59,74","59,97","59,69","0,22K","0,05%"
"12.12.2019","59,74","59,74","59,88","59,66","0,08K","0,00%"
"11.12.2019","59,74","59,74","59,90","59,69","0,07K","0,00%"
"10.12.2019","59,74","60,22","60,24","59,60","0,09K","-0,30%"
"09.12.2019","59,92","59,60","60,01","59,60","0,12K","0,06%"
"06.12.2019","59,88","59,90","59,99","59,85","0,11K","-0,14%"
"05.12.2019","59,97","59,83","59,99","59,76","0,20K","0,24%"
"04.12.2019","59,82","59,84","59,96","59,77","0,09K","-0,01%"
"03.12.2019","59,83","59,84","59,97","59,60","0,08K","-0,10%"
"02.12.2019","59,89","59,84","60,00","59,79","0,10K","-0,05%"
"29.11.2019","59,92","59,75","59,97","59,72","0,34K","0,25%"
"28.11.2019","59,78","59,78","59,78","59,78","","-0,23%"
"27.11.2019","59,91","59,90","59,94","59,54","0,09K","0,13%"
"26.11.2019","59,83","59,65","59,94","59,54","0,12K","0,32%"
"25.11.2019","59,64","59,72","59,83","59,57","0,13K","-0,25%"
"22.11.2019","59,79","59,60","59,89","59,54","0,09K","-0,02%"
"21.11.2019","59,80","59,60","59,91","59,54","0,16K","0,23%"
"20.11.2019","59,66","59,60","59,78","59,54","0,14K","0,04%"
"19.11.2019","59,64","59,43","59,78","59,43","0,19K","0,37%"
"18.11.2019","59,42","59,60","59,68","59,39","0,02K","-0,29%"
"15.11.2019","59,60","59,59","59,80","59,53","0,21K","-0,02%"
"14.11.2019","59,60","59,67","59,83","59,54","0,07K","-0,11%"
"13.11.2019","59,67","59,56","59,85","59,53","0,09K","0,08%"
"12.11.2019","59,62","59,56","59,85","59,47","0,08K","0,04%"
"11.11.2019","59,60","59,55","59,68","59,46","0,10K","0,16%"
"08.11.2019","59,50","59,67","59,73","59,42","0,10K","-0,16%"
"07.11.2019","59,60","59,66","59,80","59,50","0,11K","-0,10%"
"06.11.2019","59,66","59,66","59,67","59,66","0,01K","0,00%"
"05.11.2019","59,66","59,72","59,76","59,47","0,07K","0,02%"
"04.11.2019","59,65","59,65","59,87","59,52","0,09K","0,00%"
"01.11.2019","59,65","59,57","59,87","59,48","0,19K","0,13%"
"31.10.2019","59,57","59,64","59,88","59,48","0,11K","-0,10%"
"30.10.2019","59,63","59,26","59,81","59,21","0,12K","0,39%"
"29.10.2019","59,40","59,42","59,75","59,15","0,12K","-0,04%"
"28.10.2019","59,42","59,91","60,00","58,38","0,13K","-0,85%"
"25.10.2019","59,92","59,52","60,09","59,41","0,13K","0,62%"
"24.10.2019","59,56","58,92","59,67","58,86","0,07K","1,08%"
"23.10.2019","58,92","58,59","59,01","58,58","0,10K","0,42%"
"22.10.2019","58,67","58,42","58,69","58,41","0,06K","0,43%"
"21.10.2019","58,42","58,28","58,72","58,22","0,08K","0,24%"
"18.10.2019","58,28","58,24","58,48","58,19","0,12K","0,07%"
"17.10.2019","58,24","58,65","58,66","58,17","0,12K","-0,19%"
"16.10.2019","58,35","58,28","58,81","57,75","0,22K","0,13%"
"15.10.2019","58,28","57,96","58,52","57,75","0,23K","0,41%"
"14.10.2019","58,03","58,03","58,03","58,03","","0,00%"
"11.10.2019","58,03","57,96","58,13","57,87","0,14K","0,18%"
"10.10.2019","57,93","57,75","58,06","57,75","0,13K","-0,09%"
"09.10.2019","57,99","57,91","58,70","57,65","0,19K","0,24%"
"08.10.2019","57,85","57,74","57,94","57,61","0,11K","0,02%"
"07.10.2019","57,83","57,58","57,95","57,56","0,17K","0,30%"
"04.10.2019","57,66","57,69","57,88","57,57","0,44K","-0,01%"
"03.10.2019","57,67","57,79","62,42","57,57","0,38K","-0,27%"
"02.10.2019","57,83","57,80","57,95","57,72","0,20K","0,31%"
"01.10.2019","57,65","57,58","57,74","57,58","0,16K","0,09%"
"30.09.2019","57,59","57,48","57,60","57,48","0,11K","0,47%"
"27.09.2019","57,33","57,18","57,35","57,17","0,21K","0,28%"
"26.09.2019","57,17","57,10","57,25","56,04","0,11K","0,30%"
"25.09.2019","56,99","56,94","57,09","56,79","0,16K","0,22%"
"24.09.2019","56,87","56,93","56,97","56,80","0,12K","-0,10%"
"23.09.2019","56,92","56,77","56,95","56,73","0,14K","0,46%"
"20.09.2019","56,67","56,50","56,67","56,50","0,13K","0,30%"
"19.09.2019","56,49","56,45","56,65","56,44","0,13K","0,08%"
"18.09.2019","56,45","56,49","56,54","56,40","0,13K","-0,08%"
"17.09.2019","56,49","56,25","56,51","56,04","0,13K","0,40%"
"16.09.2019","56,27","56,04","56,31","55,88","0,16K","0,33%"
"13.09.2019","56,09","56,05","56,21","55,96","0,37K","-0,03%"
"12.09.2019","56,10","56,10","56,28","56,03","0,14K","-0,13%"
"11.09.2019","56,17","55,97","56,17","55,50","0,20K","0,37%"
"10.09.2019","55,97","56,01","56,13","55,86","0,30K","-0,08%"
"09.09.2019","56,01","55,57","56,10","54,40","0,43K","0,36%"
"06.09.2019","55,81","55,75","56,04","55,62","0,13K","-0,37%"
"05.09.2019","56,02","55,93","56,10","55,00","0,16K","0,16%"
"04.09.2019","55,93","55,94","56,09","55,00","0,38K","-0,02%"
"03.09.2019","55,94","55,50","56,11","53,75","0,21K","-3,97%"
"02.09.2019","58,25","59,50","60,50","56,25","0,17K","-2,10%"
"30.08.2019","59,50","58,00","59,53","57,61","0,97K","2,80%"
"29.08.2019","57,88","60,00","61,13","57,14","1,00K","-0,12%"
"28.08.2019","57,95","56,28","59,46","56,00","1,22K","2,97%"
"27.08.2019","56,28","55,31","56,48","54,49","0,87K","1,77%"
"26.08.2019","55,30","55,17","55,43","54,97","0,66K","0,24%"
"23.08.2019","55,17","55,11","55,62","54,30","0,76K","0,11%"
"22.08.2019","55,11","55,57","55,57","54,24","0,71K","0,20%"
"21.08.2019","55,00","54,84","55,14","52,81","0,84K","0,50%"
"20.08.2019","54,72","54,84","55,78","54,11","1,32K","-0,20%"
"19.08.2019","54,84","54,84","57,93","54,64","0,02K","0,00%"
"16.08.2019","54,84","57,25","58,19","53,94","1,48K","-4,21%"
"15.08.2019","57,25","60,26","60,37","53,00","0,89K","-4,97%"
"14.08.2019","60,24","55,57","60,62","55,37","1,33K","8,40%"
"13.08.2019","55,57","52,93","60,39","51,89","1,47K","4,86%"
"12.08.2019","53,00","45,24","63,51","45,17","0,82K","17,13%"
"09.08.2019","45,25","45,20","45,48","45,12","0,14K","0,17%"
"08.08.2019","45,17","45,51","45,55","45,12","0,17K","-0,74%"
"07.08.2019","45,51","45,26","45,78","45,20","0,78K","0,53%"
"06.08.2019","45,27","45,39","45,47","45,11","0,64K","-0,29%"
"05.08.2019","45,40","44,59","45,54","44,37","0,63K","1,82%"
"02.08.2019","44,59","44,30","44,78","44,24","0,22K","0,66%"
"01.08.2019","44,30","43,82","44,39","43,82","0,53K","1,09%"
"31.07.2019","43,82","43,91","43,95","43,72","0,58K","-0,12%"
"30.07.2019","43,87","43,77","43,97","43,73","0,35K","0,29%"
"29.07.2019","43,75","43,28","43,86","43,27","0,30K","1,09%"
"26.07.2019","43,28","43,39","43,45","42,86","1,35K","-0,14%"
"25.07.2019","43,33","42,83","43,49","42,58","0,97K","1,18%"
"24.07.2019","42,83","42,65","42,95","42,41","0,88K","0,50%"
"23.07.2019","42,62","42,45","42,75","42,26","1,20K","0,38%"
"22.07.2019","42,46","42,16","42,63","42,16","0,59K","0,18%"
"19.07.2019","42,38","42,16","42,55","42,16","0,50K","0,03%"
"18.07.2019","42,37","42,50","42,53","42,24","0,13K","-0,31%"
"17.07.2019","42,50","42,66","42,69","42,40","0,50K","-0,43%"
"16.07.2019","42,68","42,39","42,73","42,11","0,41K","0,65%"
"15.07.2019","42,40","41,58","42,46","41,57","0,26K","1,95%"
"12.07.2019","41,59","41,58","41,91","41,49","0,93K","-0,27%"
"11.07.2019","41,71","41,72","41,91","41,53","0,99K","-0,33%"
"10.07.2019","41,85","41,90","42,08","41,54","0,47K","0,10%"
"09.07.2019","41,81","41,81","41,83","41,78","0,00K","0,00%"
"08.07.2019","41,80","41,80","41,83","41,78","0,01K","0,00%"
"05.07.2019","41,81","42,05","42,22","41,77","0,13K","0,13%"
"04.07.2019","41,75","42,06","42,06","41,53","0,37K","-0,68%"
"03.07.2019","42,04","42,38","42,49","41,95","0,52K","-0,28%"
"02.07.2019","42,16","42,36","42,68","42,13","1,13K","-0,48%"
"01.07.2019","42,36","42,47","42,51","41,87","0,81K","-0,28%"
"28.06.2019","42,48","42,70","42,83","42,31","1,26K","-0,52%"
"27.06.2019","42,70","42,71","43,07","42,57","0,97K","0,04%"
"26.06.2019","42,69","42,39","42,99","42,16","1,09K","0,75%"
"25.06.2019","42,37","42,42","42,58","42,12","1,11K","-0,12%"
"24.06.2019","42,42","42,79","43,03","42,34","1,00K","-0,87%"
"21.06.2019","42,79","43,33","43,40","42,63","1,18K","-1,27%"
"20.06.2019","43,34","43,33","43,38","43,29","0,01K","0,00%"
"19.06.2019","43,34","43,50","43,92","43,22","0,88K","-0,24%"
"18.06.2019","43,44","43,97","44,05","43,28","1,01K","-1,23%"
"17.06.2019","43,99","43,98","44,03","43,95","0,01K","-0,01%"
"14.06.2019","43,99","43,52","44,44","43,43","0,69K","1,10%"
"13.06.2019","43,51","43,69","43,81","43,24","1,00K","-0,38%"
"12.06.2019","43,68","44,68","44,68","43,37","1,02K","-2,24%"
"11.06.2019","44,68","44,87","44,90","44,64","0,95K","-0,42%"
"10.06.2019","44,87","44,85","45,08","44,82","0,74K","0,05%"
"07.06.2019","44,85","44,90","45,06","44,70","0,62K","-0,10%"
"06.06.2019","44,89","44,90","45,18","44,79","0,87K","-0,03%"
"05.06.2019","44,90","44,69","44,97","44,55","0,80K","0,47%"
"04.06.2019","44,69","44,90","44,94","44,56","1,12K","-0,36%"
"03.06.2019","44,85","44,75","45,08","44,56","0,77K","0,19%"
"31.05.2019","44,77","44,56","45,04","44,53","0,21K","0,49%"
"30.05.2019","44,55","44,44","44,83","44,28","0,13K","0,24%"
"29.05.2019","44,44","44,66","44,83","44,30","0,35K","-0,50%"
"28.05.2019","44,67","44,75","44,88","44,65","0,44K","-0,62%"
"27.05.2019","44,95","44,95","44,99","44,78","0,18K","0,26%"
"24.05.2019","44,84","45,08","45,11","44,83","0,22K","-0,53%"
"23.05.2019","45,07","44,75","45,28","44,75","0,47K","0,46%"
"22.05.2019","44,87","44,79","44,99","44,46","0,15K","0,17%"
"21.05.2019","44,79","45,19","45,19","44,63","0,57K","-0,88%"
"20.05.2019","45,19","45,00","45,56","45,00","0,25K","0,42%"
"17.05.2019","45,00","44,70","45,34","44,70","0,83K","0,56%"
"16.05.2019","44,75","44,98","45,14","44,67","1,18K","-0,51%"
"15.05.2019","44,98","44,94","45,76","44,87","1,28K","0,08%"
"14.05.2019","44,94","45,15","45,21","44,81","0,69K","-0,44%"
"13.05.2019","45,14","44,82","45,61","44,77","0,46K","0,72%"
"10.05.2019","44,81","45,24","45,25","44,61","1,19K","-0,92%"
"09.05.2019","45,23","45,07","45,74","45,07","1,08K","0,34%"
"08.05.2019","45,08","45,28","45,31","44,92","0,48K","-0,43%"
"07.05.2019","45,27","44,67","45,32","44,45","0,57K","1,34%"
"06.05.2019","44,67","44,47","45,36","44,47","0,96K","0,45%"
"03.05.2019","44,47","44,76","44,78","44,18","0,20K","-0,66%"
"02.05.2019","44,76","44,24","44,96","44,21","0,16K","1,18%"
"01.05.2019","44,24","44,28","44,28","44,24","0,00K","-0,14%"
"30.04.2019","44,30","44,34","44,49","43,42","0,59K","-0,14%"
"29.04.2019","44,36","44,35","44,95","44,28","0,53K","-3,34%"
"26.04.2019","45,89","45,05","45,95","44,13","0,38K","1,88%"
"25.04.2019","45,05","43,92","46,51","43,92","0,54K","2,56%"
"24.04.2019","43,92","42,40","43,97","42,32","0,48K","3,58%"
"23.04.2019","42,40","42,47","42,69","42,13","0,56K","-0,19%"
"22.04.2019","42,49","41,84","42,78","41,84","0,50K","1,54%"
"19.04.2019","41,84","41,84","41,86","41,81","0,01K","0,00%"
"18.04.2019","41,84","41,63","41,85","41,63","0,01K","0,51%"
"17.04.2019","41,63","42,35","42,40","41,28","0,62K","-1,65%"
"16.04.2019","42,33","41,62","42,47","41,40","0,63K","1,71%"
"15.04.2019","41,62","42,17","42,17","41,33","0,45K","-1,32%"
"12.04.2019","42,17","42,72","42,73","42,06","0,53K","-1,27%"
"11.04.2019","42,72","43,00","43,37","42,61","0,47K","-0,65%"
"10.04.2019","42,99","43,40","43,61","42,81","1,22K","-0,90%"
"09.04.2019","43,39","43,70","44,05","43,29","1,01K","-0,69%"
"08.04.2019","43,69","43,91","44,22","43,61","0,90K","-0,50%"
"05.04.2019","43,91","43,50","44,25","43,32","0,69K","1,16%"
"04.04.2019","43,41","42,84","43,43","42,76","1,02K","1,31%"
"03.04.2019","42,85","42,72","42,90","42,30","0,88K","0,30%"
"02.04.2019","42,72","42,72","42,75","42,69","0,01K","0,00%"
"01.04.2019","42,71","43,36","43,40","42,65","0,44K","-1,49%"
"29.03.2019","43,36","43,38","43,55","43,08","0,46K","-0,59%"
"28.03.2019","43,62","43,91","43,91","43,17","0,54K","-0,58%"
"27.03.2019","43,87","42,63","43,97","42,62","0,52K","2,93%"
"26.03.2019","42,63","42,04","42,85","41,79","0,56K","1,41%"
"25.03.2019","42,03","41,77","42,06","41,42","0,41K","0,62%"
"22.03.2019","41,78","41,01","42,24","40,99","0,47K","1,84%"
"21.03.2019","41,03","40,86","41,15","40,44","0,59K","0,42%"
"20.03.2019","40,85","40,52","41,33","40,49","0,53K","0,82%"
"19.03.2019","40,52","40,04","40,80","39,74","0,58K","1,21%"
"18.03.2019","40,04","39,97","40,10","39,53","0,59K","0,11%"
"15.03.2019","39,99","40,74","40,77","39,78","0,54K","-1,84%"
"14.03.2019","40,74","41,22","41,55","40,51","0,63K","-1,22%"
"13.03.2019","41,24","41,49","41,81","41,12","0,47K","-0,60%"
"12.03.2019","41,49","41,26","41,63","41,01","0,55K","0,58%"
"11.03.2019","41,25","41,17","41,28","40,40","0,50K","0,19%"
"08.03.2019","41,17","42,42","42,42","40,75","0,52K","-2,97%"
"07.03.2019","42,43","40,72","42,75","40,53","0,38K","4,20%"
"06.03.2019","40,72","40,30","40,87","40,07","0,58K","2,25%"
"05.03.2019","39,83","39,83","39,84","39,81","0,01K","0,01%"
"04.03.2019","39,83","39,83","39,85","39,81","0,01K","0,00%"
"01.03.2019","39,83","39,12","40,00","39,08","0,42K","1,80%"
"28.02.2019","39,13","38,78","39,42","38,56","0,48K","0,91%"
"27.02.2019","38,77","38,86","39,09","38,47","0,45K","-0,27%"
"26.02.2019","38,88","39,13","39,56","38,83","0,51K","-0,37%"
"25.02.2019","39,03","38,91","39,35","38,63","0,52K","-0,41%"
"22.02.2019","39,19","39,52","39,63","38,85","0,63K","-0,87%"
"21.02.2019","39,53","39,67","40,09","39,22","0,60K","-0,36%"
"20.02.2019","39,67","39,28","40,72","39,14","0,87K","0,99%"
"19.02.2019","39,28","38,78","39,56","38,33","0,72K","1,43%"
"18.02.2019","38,72","38,75","39,13","38,49","0,20K","0,30%"
"15.02.2019","38,61","38,19","38,63","38,15","0,45K","1,09%"
"14.02.2019","38,19","38,18","38,60","37,92","0,52K","0,00%"
"13.02.2019","38,19","37,96","38,58","37,72","0,58K","0,60%"
"12.02.2019","37,96","37,94","38,19","37,51","0,51K","0,06%"
"11.02.2019","37,94","37,58","38,78","37,58","0,58K","0,29%"
"08.02.2019","37,83","37,82","38,17","37,55","0,21K","0,00%"
"07.02.2019","37,82","37,63","38,19","37,50","0,48K","0,80%"
"06.02.2019","37,52","37,21","37,81","36,90","0,66K","0,83%"
"05.02.2019","37,21","37,15","37,33","37,13","0,49K","0,16%"
"04.02.2019","37,15","37,15","37,55","36,85","0,32K","0,00%"
"01.02.2019","37,15","37,30","37,65","36,85","0,38K","-0,39%"
"31.01.2019","37,30","37,52","37,65","36,70","0,56K","-0,55%"
"30.01.2019","37,51","37,61","37,78","37,40","0,49K","-0,33%"
"29.01.2019","37,63","37,16","37,82","36,97","0,42K","1,38%"
"28.01.2019","37,12","37,04","37,28","36,90","0,40K","0,21%"
"25.01.2019","37,04","37,58","37,60","36,77","0,27K","-0,91%"
"24.01.2019","37,38","37,70","37,98","37,28","0,40K","-0,43%"
"23.01.2019","37,54","37,51","37,80","37,25","0,51K","0,09%"
"22.01.2019","37,51","37,58","38,01","37,17","0,57K","-0,80%"
"21.01.2019","37,81","37,81","38,03","37,55","0,07K","0,61%"
"18.01.2019","37,58","37,68","37,71","37,56","0,43K","-0,27%"
"17.01.2019","37,68","37,48","38,20","37,38","0,49K","0,55%"
"16.01.2019","37,48","37,13","37,49","36,90","0,12K","0,98%"
"15.01.2019","37,11","36,98","37,41","36,72","","0,38%"
"14.01.2019","36,97","36,90","37,40","36,72","0,01K","0,19%"
"11.01.2019","36,90","37,45","37,60","36,70","0,13K","-1,20%"
"10.01.2019","37,35","37,36","37,67","36,90","0,34K","-0,02%"
"09.01.2019","37,36","37,55","37,88","37,01","0,49K","-0,50%"
"08.01.2019","37,55","37,31","37,78","37,08","0,51K","0,66%"
"07.01.2019","37,30","37,35","37,72","37,08","0,00K","-0,13%"
"04.01.2019","37,35","37,75","37,82","37,15","0,44K","-0,26%"
"03.01.2019","37,44","37,75","37,97","37,34","0,58K","-0,86%"
"02.01.2019","37,77","37,65","38,31","37,44","0,19K","0,31%"
"01.01.2019","37,65","37,65","37,65","37,65","","0,00%"
"31.12.2018","37,65","37,67","37,68","37,64","","-0,08%"
"28.12.2018","37,69","38,31","38,31","37,58","","-1,62%"
"27.12.2018","38,31","38,71","38,83","38,26","","-0,62%"
"26.12.2018","38,55","38,03","38,67","38,03","","1,51%"
"25.12.2018","37,97","37,97","37,97","37,97","","0,00%"
"24.12.2018","37,97","37,97","37,98","37,96","","0,00%"
"21.12.2018","37,97","38,05","38,39","37,72","","-0,16%"
"20.12.2018","38,03","38,35","38,36","37,72","","-0,84%"
"19.12.2018","38,36","38,27","38,44","38,21","","0,27%"
"18.12.2018","38,26","38,24","38,40","38,08","","0,00%"
"17.12.2018","38,26","38,14","38,55","38,06","","0,27%"
"14.12.2018","38,15","37,91","38,54","37,38","","0,92%"
"13.12.2018","37,81","37,58","37,94","37,45","","0,62%"
"12.12.2018","37,57","37,91","37,91","37,38","","-0,60%"
"11.12.2018","37,80","37,65","38,01","37,30","","0,37%"
"10.12.2018","37,66","37,56","38,04","37,25","","0,76%"
"07.12.2018","37,38","37,69","37,84","37,10","","-0,86%"
"06.12.2018","37,70","37,49","38,25","37,34","","0,53%"
"05.12.2018","37,50","37,38","38,36","37,21","","0,33%"
"04.12.2018","37,38","36,63","37,60","36,38","","2,30%"
"03.12.2018","36,54","37,28","37,53","36,33","","-3,16%"
"30.11.2018","37,73","37,74","37,78","37,71","","0,00%"
"29.11.2018","37,74","38,45","38,58","37,57","","-1,86%"
"28.11.2018","38,45","39,08","39,08","38,13","","-0,24%"
"27.11.2018","38,54","39,06","39,30","38,52","","-1,37%"
"26.11.2018","39,08","37,53","39,28","37,20","","4,07%"
"23.11.2018","37,55","36,60","37,83","36,40","","3,07%"
"22.11.2018","36,43","36,28","36,60","36,02","","0,47%"
"21.11.2018","36,26","36,19","36,47","35,92","","0,22%"
"20.11.2018","36,18","35,90","36,42","35,90","","0,75%"
"19.11.2018","35,91","35,93","35,93","35,90","","-0,04%"
"16.11.2018","35,92","36,00","36,47","35,70","","-0,33%"
"15.11.2018","36,04","35,89","36,17","35,85","","0,43%"
"14.11.2018","35,89","36,01","36,40","35,83","","-0,36%"
"13.11.2018","36,02","35,54","36,33","35,44","","1,32%"
"12.11.2018","35,55","35,55","35,75","35,30","","0,48%"
"09.11.2018","35,38","35,47","35,92","35,30","","-0,25%"
"08.11.2018","35,47","35,66","35,71","35,38","","-0,52%"
"07.11.2018","35,66","35,61","35,95","35,45","","0,13%"
"06.11.2018","35,61","35,62","35,65","35,60","","-0,05%"
"05.11.2018","35,63","35,49","36,07","35,24","","0,40%"
"02.11.2018","35,49","35,66","35,97","35,24","","-0,52%"
"01.11.2018","35,67","35,89","36,08","35,26","","-0,63%"
"31.10.2018","35,90","36,89","36,98","35,64","","-2,26%"
"30.10.2018","36,73","36,89","37,35","36,47","","-0,43%"
"29.10.2018","36,89","36,86","37,14","36,33","","0,14%"
"26.10.2018","36,84","37,03","37,26","36,47","","0,16%"
"25.10.2018","36,78","37,03","37,19","36,42","","-0,67%"
"24.10.2018","37,03","36,58","37,25","36,14","","1,22%"
"23.10.2018","36,58","36,45","37,17","36,17","","0,36%"
"22.10.2018","36,45","36,53","37,40","36,17","","-0,24%"
"19.10.2018","36,54","36,51","36,97","36,19","","-0,53%"
"18.10.2018","36,73","36,20","36,99","35,49","","1,47%"
"17.10.2018","36,20","35,92","36,73","35,84","","0,80%"
"16.10.2018","35,91","36,69","37,11","35,72","","-2,12%"
"15.10.2018","36,69","36,67","36,75","36,63","","0,00%"
"12.10.2018","36,69","37,05","37,14","35,88","","0,25%"
"11.10.2018","36,60","37,16","37,60","36,42","","-1,56%"
"10.10.2018","37,18","37,13","37,72","36,94","","-0,46%"
"09.10.2018","37,35","37,40","37,66","36,92","","-0,40%"
"08.10.2018","37,50","37,60","37,96","37,22","","-0,89%"
"05.10.2018","37,84","38,33","38,83","37,49","","-1,97%"
"04.10.2018","38,60","37,35","39,05","37,35","","2,25%"
"03.10.2018","37,75","37,63","38,24","37,14","","-0,85%"
"02.10.2018","38,08","39,33","39,35","37,44","","-3,55%"
"01.10.2018","39,47","41,33","41,34","39,33","","-4,40%"
"28.09.2018","41,29","39,84","41,75","39,59","","3,94%"
"27.09.2018","39,72","39,25","40,24","38,63","","3,11%"
"26.09.2018","38,53","38,27","39,58","37,58","","0,63%"
"25.09.2018","38,28","37,29","40,15","37,08","","2,64%"
"24.09.2018","37,30","37,17","37,58","36,10","","0,19%"
"21.09.2018","37,23","38,21","38,59","37,09","","-2,56%"
"20.09.2018","38,21","39,29","39,59","37,53","","-2,79%"
"19.09.2018","39,31","39,77","39,79","39,26","","-1,15%"
"18.09.2018","39,76","39,54","39,81","38,35","","0,57%"
"17.09.2018","39,54","39,95","40,03","39,49","","-1,02%"
"14.09.2018","39,94","39,71","40,06","38,35","","1,19%"
"13.09.2018","39,47","38,33","39,84","37,92","","2,98%"
"12.09.2018","38,33","38,07","38,62","37,57","","1,01%"
"11.09.2018","37,95","37,46","38,14","37,05","","1,31%"
"10.09.2018","37,46","37,09","37,66","36,75","","0,99%"
"07.09.2018","37,09","37,42","37,69","36,65","","-0,87%"
"06.09.2018","37,42","38,50","38,70","37,22","","-3,11%"
"05.09.2018","38,62","38,98","39,20","38,26","","-0,92%"
"04.09.2018","38,98","38,50","39,63","38,30","","2,38%"
"03.09.2018","38,08","37,25","38,60","37,20","","3,18%"
"31.08.2018","36,90","38,74","39,26","36,38","","-4,73%"
"30.08.2018","38,73","34,00","41,75","33,89","","13,92%"
"29.08.2018","34,00","31,47","34,01","31,37","","8,04%"
"28.08.2018","31,47","30,95","31,66","30,86","","1,67%"
"27.08.2018","30,95","31,10","31,25","30,80","","0,37%"
"24.08.2018","30,84","30,45","30,99","30,26","","1,23%"
"23.08.2018","30,47","30,23","30,74","30,02","","0,77%"
"22.08.2018","30,23","29,99","30,39","29,93","","0,82%"
"21.08.2018","29,99","29,86","30,02","29,84","","0,43%"
"20.08.2018","29,86","29,86","29,89","29,85","","0,00%"
"17.08.2018","29,86","29,72","30,00","29,66","","0,46%"
"16.08.2018","29,72","29,89","29,99","29,60","","-0,51%"
"15.08.2018","29,88","29,76","30,76","29,63","","0,40%"
"14.08.2018","29,76","29,93","29,97","29,08","","-0,60%"
"13.08.2018","29,94","29,22","30,65","29,21","","2,42%"
"10.08.2018","29,23","28,08","29,69","28,04","","4,13%"
"09.08.2018","28,07","27,62","28,17","27,56","","1,62%"
"08.08.2018","27,62","27,44","27,74","27,30","","0,85%"
"07.08.2018","27,39","27,31","27,51","27,08","","0,22%"
"06.08.2018","27,33","27,29","27,66","27,23","","0,14%"
"03.08.2018","27,29","27,44","27,53","27,27","","-0,55%"
"02.08.2018","27,44","27,48","27,74","27,43","","-0,21%"
"01.08.2018","27,50","27,60","27,88","27,29","","0,29%"
"31.07.2018","27,42","27,25","27,53","27,20","","0,63%"
"30.07.2018","27,25","27,33","27,49","27,22","","-0,26%"
"27.07.2018","27,32","27,40","27,48","27,29","","-0,27%"
"26.07.2018","27,40","27,38","27,50","27,34","","0,08%"
"25.07.2018","27,37","27,48","27,55","27,26","","-0,38%"
"24.07.2018","27,48","27,61","27,67","27,36","","-0,48%"
"23.07.2018","27,61","27,60","27,86","27,50","","0,04%"
"20.07.2018","27,60","27,73","27,82","27,55","","-0,47%"
"19.07.2018","27,73","27,61","27,89","27,60","","0,38%"
"18.07.2018","27,63","27,52","27,89","27,46","","0,35%"
"17.07.2018","27,53","27,34","27,58","27,28","","0,69%"
"16.07.2018","27,34","27,26","27,72","27,13","","0,31%"
"13.07.2018","27,25","27,20","27,45","27,05","","0,20%"
"12.07.2018","27,20","27,37","27,49","27,03","","-0,77%"
"11.07.2018","27,41","27,43","27,64","27,25","","-0,07%"
"10.07.2018","27,43","27,91","28,11","27,15","","-1,75%"
"09.07.2018","27,92","27,98","27,98","27,89","","0,00%"
"06.07.2018","27,92","28,07","28,22","27,87","","-0,52%"
"05.07.2018","28,07","28,07","28,33","27,97","","0,00%"
"04.07.2018","28,07","27,96","28,07","27,90","","0,41%"
"03.07.2018","27,95","28,28","28,42","27,75","","-1,16%"
"02.07.2018","28,28","28,94","29,04","28,22","","-2,26%"
"29.06.2018","28,94","28,28","29,69","28,06","","3,12%"
"28.06.2018","28,06","27,43","28,11","27,33","","2,26%"
"27.06.2018","27,44","27,08","27,55","27,06","","1,33%"
"26.06.2018","27,08","27,20","27,27","26,99","","-0,04%"
"25.06.2018","27,09","27,02","27,17","26,90","","0,26%"
"22.06.2018","27,02","27,50","27,55","26,95","","-1,73%"
"21.06.2018","27,49","27,75","27,75","27,35","","-0,85%"
"20.06.2018","27,73","27,76","27,76","27,73","","-0,10%"
"19.06.2018","27,75","27,55","27,89","27,50","","0,52%"
"18.06.2018","27,61","27,70","28,15","27,35","","-1,58%"
"15.06.2018","28,06","27,00","28,42","26,58","","1,26%"
"14.06.2018","27,70","26,30","28,02","26,30","","5,74%"
"13.06.2018","26,20","25,74","26,44","25,40","","1,77%"
"12.06.2018","25,74","26,07","26,25","25,69","","-1,24%"
"11.06.2018","26,07","25,33","26,25","25,32","","3,05%"
"08.06.2018","25,30","24,97","25,64","24,88","","1,24%"
"07.06.2018","24,99","24,89","24,99","24,89","","0,34%"
"06.06.2018","24,90","24,92","24,97","24,86","","-0,10%"
"05.06.2018","24,92","24,96","24,98","24,86","","-0,13%"
"04.06.2018","24,96","24,97","25,03","24,91","","-0,04%"
"01.06.2018","24,97","24,96","24,98","24,92","","0,03%"
"31.05.2018","24,96","24,92","24,99","24,91","","0,14%"
"30.05.2018","24,92","24,92","24,93","24,71","","0,26%"
"29.05.2018","24,86","24,73","24,97","24,59","","0,46%"
"28.05.2018","24,75","24,60","24,75","24,60","","0,59%"
"25.05.2018","24,60","24,58","24,61","24,58","","0,09%"
"24.05.2018","24,58","24,47","24,81","24,42","","0,43%"
"23.05.2018","24,47","24,28","24,53","24,28","","0,81%"
"22.05.2018","24,28","24,38","24,44","24,24","","-0,38%"
"21.05.2018","24,37","24,41","24,50","24,13","","-0,13%"
"18.05.2018","24,40","24,31","24,83","24,31","","0,37%"
"17.05.2018","24,31","24,27","24,59","24,16","","0,17%"
"16.05.2018","24,27","24,06","24,38","23,58","","0,86%"
"15.05.2018","24,06","25,01","25,03","23,39","","-3,77%"
"14.05.2018","25,01","23,01","25,03","23,01","","8,68%"
"11.05.2018","23,01","22,69","24,39","22,68","","1,37%"
"10.05.2018","22,70","22,63","22,74","22,47","","0,07%"
"09.05.2018","22,68","22,35","22,77","22,28","","0,93%"
"08.05.2018","22,48","21,95","23,31","21,94","","2,42%"
"07.05.2018","21,94","21,86","21,97","21,58","","0,41%"
"04.05.2018","21,85","21,90","22,14","21,20","","-1,80%"
"03.05.2018","22,25","21,17","22,40","21,17","","5,06%"
"02.05.2018","21,18","20,53","21,38","20,53","","3,17%"
"01.05.2018","20,53","20,51","20,55","20,51","","0,00%"
"30.04.2018","20,53","20,53","20,53","20,51","","0,00%"
"27.04.2018","20,53","20,55","20,93","20,51","","-0,09%"
"26.04.2018","20,55","20,24","20,63","20,19","","1,49%"
"25.04.2018","20,25","20,25","20,31","20,24","","-0,06%"
"24.04.2018","20,26","20,24","20,27","20,22","","0,04%"
"23.04.2018","20,25","20,19","20,26","20,17","","0,30%"
"20.04.2018","20,19","20,16","20,23","20,13","","0,16%"
"19.04.2018","20,16","20,12","20,25","20,08","","0,17%"
"18.04.2018","20,12","20,17","20,21","20,10","","-0,24%"
"17.04.2018","20,17","20,21","20,22","20,16","","-0,23%"
"16.04.2018","20,22","20,21","20,24","20,19","","0,04%"
"13.04.2018","20,21","20,20","20,24","20,17","","0,04%"
"12.04.2018","20,20","20,16","20,22","20,13","","0,22%"
"11.04.2018","20,16","20,15","20,19","20,12","","0,05%"
"10.04.2018","20,15","20,18","20,26","20,13","","-0,21%"
"09.04.2018","20,19","20,18","20,20","20,17","","0,07%"
"06.04.2018","20,18","20,19","20,24","20,16","","-0,07%"
"05.04.2018","20,19","20,17","20,22","20,15","","0,10%"
"04.04.2018","20,17","20,17","20,24","20,17","","0,00%"
"03.04.2018","20,17","20,14","20,19","20,11","","0,19%"
"02.04.2018","20,13","20,11","20,13","20,11","","0,09%"
"30.03.2018","20,11","20,11","20,13","20,11","","-0,10%"
"29.03.2018","20,14","20,14","20,14","20,11","","-0,05%"
"28.03.2018","20,15","20,15","20,18","20,11","","-0,05%"
"27.03.2018","20,16","20,18","20,21","20,14","","-0,05%"
"26.03.2018","20,17","20,17","20,19","20,13","","-0,09%"
"23.03.2018","20,18","20,24","20,24","20,17","","-0,17%"
"22.03.2018","20,22","20,26","20,28","20,21","","-0,24%"
"21.03.2018","20,26","20,25","20,33","20,24","","0,08%"
"20.03.2018","20,25","20,19","20,26","20,17","","0,27%"
"19.03.2018","20,19","20,19","20,28","20,18","","0,05%"
"16.03.2018","20,18","20,31","20,39","20,17","","-0,64%"
"15.03.2018","20,32","20,23","20,33","20,21","","0,44%"
"14.03.2018","20,23","20,20","20,24","20,12","","0,12%"
"13.03.2018","20,20","20,19","20,22","20,13","","0,04%"
"12.03.2018","20,19","20,24","20,31","20,13","","-0,21%"
"09.03.2018","20,24","20,33","20,39","20,20","","-0,48%"
"08.03.2018","20,33","20,38","20,45","20,32","","-0,20%"
"07.03.2018","20,38","20,30","20,44","20,27","","0,31%"
"06.03.2018","20,31","20,21","20,36","20,08","","0,55%"
"05.03.2018","20,20","20,27","20,40","20,15","","-0,29%"
"02.03.2018","20,26","20,15","20,29","20,15","","0,56%"
"01.03.2018","20,15","20,19","20,22","20,10","","0,16%"
"28.02.2018","20,11","20,22","20,24","20,07","","-0,51%"
"27.02.2018","20,22","20,17","20,25","20,08","","0,19%"
"26.02.2018","20,18","19,95","20,19","19,94","","1,07%"
"23.02.2018","19,97","19,95","20,01","19,90","","0,10%"
"22.02.2018","19,95","19,92","19,99","19,87","","0,21%"
"21.02.2018","19,90","19,89","19,99","19,84","","0,22%"
"20.02.2018","19,86","19,92","20,04","19,79","","-0,20%"
"19.02.2018","19,90","19,82","19,91","19,80","","0,67%"
"16.02.2018","19,77","19,67","19,78","19,61","","0,57%"
"15.02.2018","19,66","19,89","19,89","19,65","","-1,22%"
"14.02.2018","19,90","19,99","20,13","19,83","","-0,48%"
"13.02.2018","19,99","19,98","19,99","19,98","","0,07%"
"12.02.2018","19,98","20,00","20,00","19,98","","-0,11%"
"09.02.2018","20,00","19,97","20,28","19,96","","0,13%"
"08.02.2018","19,98","19,68","19,98","19,68","","1,48%"
"07.02.2018","19,68","19,56","19,70","19,56","","0,57%"
"06.02.2018","19,57","19,47","19,76","19,47","","0,52%"
"05.02.2018","19,47","19,48","19,55","19,45","","0,05%"
"02.02.2018","19,46","19,36","19,57","19,34","","0,54%"
"01.02.2018","19,35","19,57","19,57","19,35","","-1,43%"
"31.01.2018","19,64","19,64","19,71","19,58","","0,00%"
"30.01.2018","19,63","19,57","19,67","19,53","","0,34%"
"29.01.2018","19,57","19,56","19,63","19,53","","0,00%"
"26.01.2018","19,56","19,57","19,61","19,46","","-0,05%"
"25.01.2018","19,57","19,63","19,65","19,34","","-0,38%"
"24.01.2018","19,65","19,33","19,67","19,33","","1,61%"
"23.01.2018","19,33","19,14","19,42","19,11","","1,03%"
"22.01.2018","19,14","18,99","19,17","18,94","","0,80%"
"19.01.2018","18,99","18,88","19,02","18,88","","0,56%"
"18.01.2018","18,88","18,89","18,92","18,81","","0,05%"
"17.01.2018","18,87","18,88","18,99","18,85","","-0,08%"
"16.01.2018","18,89","18,74","18,91","18,72","","0,81%"
"15.01.2018","18,74","18,68","18,79","18,68","","0,30%"
"12.01.2018","18,68","18,67","18,80","18,64","","-0,12%"
"11.01.2018","18,70","18,63","18,73","18,57","","0,34%"
"10.01.2018","18,64","18,75","18,85","18,61","","-1,59%"
"09.01.2018","18,94","19,06","19,12","18,91","","-0,53%"
"08.01.2018","19,04","18,92","19,16","18,92","","0,85%"
"05.01.2018","18,88","18,60","19,07","18,58","","1,40%"
"04.01.2018","18,62","18,45","18,66","18,42","","0,92%"
"03.01.2018","18,45","18,40","18,49","18,33","","0,29%"
"02.01.2018","18,40","18,64","18,65","18,37","","-1,17%"
"01.01.2018","18,61","18,61","18,61","18,61","","0,00%"
"29.12.2017","18,61","19,02","19,02","18,54","","-2,95%"
"28.12.2017","19,18","18,43","19,18","18,43","","4,03%"
"27.12.2017","18,44","18,35","18,53","18,34","","0,60%"
"26.12.2017","18,33","18,08","18,34","18,06","","1,56%"
"25.12.2017","18,05","18,05","18,05","18,05","","0,00%"
"22.12.2017","18,05","17,97","18,08","17,96","","0,62%"
"21.12.2017","17,93","17,75","17,99","17,75","","1,12%"
"20.12.2017","17,74","17,85","17,89","17,67","","0,65%"
"19.12.2017","17,62","17,50","17,66","17,48","","0,33%"
"18.12.2017","17,56","17,52","17,59","17,47","","0,31%"
"15.12.2017","17,51","17,51","17,65","17,45","","0,44%"
"14.12.2017","17,43","17,32","17,44","17,28","","0,75%"
"13.12.2017","17,30","17,35","17,38","17,28","","-0,26%"
"12.12.2017","17,35","17,25","17,42","17,21","","0,64%"
"11.12.2017","17,24","17,29","17,32","17,24","","-0,20%"
"08.12.2017","17,27","17,27","17,27","17,27","","0,00%"
"07.12.2017","17,27","17,25","17,38","17,22","","0,15%"
"06.12.2017","17,25","17,30","17,33","17,23","","-0,23%"
"05.12.2017","17,29","17,34","17,41","17,29","","-0,31%"
"04.12.2017","17,34","17,19","17,36","17,19","","0,71%"
"01.12.2017","17,22","17,31","17,33","17,21","","-0,50%"
"30.11.2017","17,31","17,38","17,47","17,28","","-0,67%"
"29.11.2017","17,42","17,37","17,48","17,33","","0,30%"
"28.11.2017","17,37","17,31","17,38","17,30","","0,33%"
"27.11.2017","17,31","17,38","17,38","17,27","","-0,20%"
"24.11.2017","17,35","17,42","17,42","17,34","","-0,27%"
"23.11.2017","17,40","17,45","17,47","17,40","","-0,17%"
"22.11.2017","17,42","17,47","17,52","17,42","","-0,35%"
"21.11.2017","17,49","17,46","17,52","17,46","","0,11%"
"20.11.2017","17,47","17,48","17,48","17,47","","-0,06%"
"17.11.2017","17,48","17,48","17,53","17,47","","0,00%"
"16.11.2017","17,48","17,53","17,54","17,47","","-0,23%"
"15.11.2017","17,52","17,52","17,57","17,50","","0,20%"
"14.11.2017","17,48","17,50","17,53","17,42","","-0,07%"
"13.11.2017","17,50","17,53","17,57","17,49","","0,03%"
"10.11.2017","17,49","17,54","17,56","17,47","","-0,08%"
"09.11.2017","17,50","17,51","17,59","17,50","","-0,09%"
"08.11.2017","17,52","17,65","17,65","17,50","","-0,74%"
"07.11.2017","17,65","17,67","17,72","17,64","","0,07%"
"06.11.2017","17,64","17,64","17,64","17,63","","0,00%"
"03.11.2017","17,64","17,50","17,69","17,47","","0,66%"
"02.11.2017","17,52","17,60","17,63","17,49","","-0,51%"
"01.11.2017","17,61","17,64","17,69","17,60","","-0,14%"
"31.10.2017","17,64","17,66","17,70","17,62","","-0,34%"
"30.10.2017","17,69","17,61","17,78","17,59","","0,52%"
"27.10.2017","17,60","17,74","17,77","17,59","","-0,29%"
"26.10.2017","17,66","17,49","17,69","17,46","","0,97%"
"25.10.2017","17,49","17,41","17,50","17,36","","-0,10%"
"24.10.2017","17,50","17,42","17,58","17,42","","0,52%"
"23.10.2017","17,41","17,42","17,43","17,24","","0,00%"
"20.10.2017","17,42","17,45","17,53","17,41","","-0,17%"
"19.10.2017","17,44","17,34","17,49","17,34","","0,62%"
"18.10.2017","17,34","17,34","17,39","17,28","","0,00%"
"17.10.2017","17,33","17,33","17,42","17,33","","0,06%"
"16.10.2017","17,33","17,33","17,33","17,32","","-0,08%"
"13.10.2017","17,34","17,42","17,42","17,33","","-0,44%"
"12.10.2017","17,41","17,42","17,45","17,40","","0,00%"
"11.10.2017","17,41","17,43","17,45","17,40","","-0,10%"
"10.10.2017","17,43","17,44","17,47","17,41","","-0,15%"
"09.10.2017","17,45","17,45","17,51","17,44","","0,11%"
"06.10.2017","17,44","17,40","17,55","17,39","","0,24%"
"05.10.2017","17,40","17,30","17,42","17,29","","0,25%"
"04.10.2017","17,35","17,41","17,41","17,34","","-0,33%"
"03.10.2017","17,41","17,40","17,52","17,37","","0,19%"
"02.10.2017","17,38","17,29","17,44","17,26","","0,36%"
"29.09.2017","17,31","17,57","17,57","17,29","","-1,22%"
"28.09.2017","17,53","17,55","17,58","17,52","","-0,16%"
"27.09.2017","17,56","17,64","17,67","17,50","","-0,06%"
"26.09.2017","17,57","17,51","17,66","17,51","","0,39%"
"25.09.2017","17,50","17,34","17,50","17,33","","1,17%"
"22.09.2017","17,30","17,27","17,33","17,26","","0,16%"
"21.09.2017","17,27","17,19","17,32","17,17","","0,44%"
"20.09.2017","17,19","17,12","17,20","17,09","","0,51%"
"19.09.2017","17,10","17,10","17,27","17,10","","0,04%"
"18.09.2017","17,10","16,98","17,11","16,97","","0,73%"
"15.09.2017","16,98","17,02","17,02","16,95","","-0,10%"
"14.09.2017","16,99","17,03","17,05","16,98","","-0,43%"
"13.09.2017","17,07","17,06","17,09","17,02","","0,00%"
"12.09.2017","17,07","17,15","17,17","17,06","","-0,39%"
"11.09.2017","17,13","17,21","17,27","17,11","","-0,62%"
"08.09.2017","17,24","17,19","17,27","17,19","","0,26%"
"07.09.2017","17,19","17,26","17,28","17,19","","-0,28%"
"06.09.2017","17,24","17,26","17,31","17,20","","0,00%"
"05.09.2017","17,24","17,25","17,34","17,23","","0,00%"
"04.09.2017","17,24","17,21","17,29","17,19","","0,17%"
"01.09.2017","17,21","17,28","17,33","17,20","","-0,73%"
"31.08.2017","17,34","17,40","17,43","17,27","","-0,33%"
"30.08.2017","17,40","17,38","17,54","17,31","","0,06%"
"29.08.2017","17,39","17,25","17,40","17,24","","0,90%"
"28.08.2017","17,23","17,23","17,26","17,20","","0,04%"
"25.08.2017","17,22","17,20","17,26","17,14","","0,06%"
"24.08.2017","17,21","17,22","17,24","17,11","","-0,10%"
"23.08.2017","17,23","17,20","17,38","17,18","","0,13%"
"22.08.2017","17,21","17,21","17,26","17,19","","-0,68%"
"21.08.2017","17,33","17,33","17,33","17,32","","-0,09%"
"18.08.2017","17,34","17,34","17,36","17,23","","-0,04%"
"17.08.2017","17,35","17,23","17,36","17,20","","0,83%"
"16.08.2017","17,20","17,10","17,26","17,06","","0,79%"
"15.08.2017","17,07","17,13","17,14","17,01","","-0,33%"
"14.08.2017","17,13","17,28","17,32","17,11","","-3,28%"
"11.08.2017","17,71","17,70","17,74","17,67","","0,03%"
"10.08.2017","17,70","17,69","17,75","17,68","","0,00%"
"09.08.2017","17,70","17,77","17,85","17,69","","-0,05%"
"08.08.2017","17,71","17,69","17,75","17,67","","0,11%"
"07.08.2017","17,69","17,67","17,74","17,65","","0,19%"
"04.08.2017","17,66","17,65","17,69","17,61","","0,00%"
"03.08.2017","17,66","17,58","17,80","17,56","","0,46%"
"02.08.2017","17,58","17,56","17,62","17,53","","0,03%"
"01.08.2017","17,57","17,65","17,70","17,56","","-0,41%"
"31.07.2017","17,65","17,64","17,75","17,63","","-0,86%"
"28.07.2017","17,80","17,66","17,80","17,65","","0,93%"
"27.07.2017","17,64","17,50","17,64","17,49","","0,76%"
"26.07.2017","17,50","17,49","17,53","17,44","","0,20%"
"25.07.2017","17,47","17,42","17,49","17,33","","0,17%"
"24.07.2017","17,44","17,43","17,67","17,42","","0,20%"
"21.07.2017","17,41","17,22","17,44","17,19","","1,17%"
"20.07.2017","17,20","17,17","17,24","17,07","","0,35%"
"19.07.2017","17,14","17,30","17,38","17,13","","0,32%"
"18.07.2017","17,09","16,92","17,09","16,92","","1,01%"
"17.07.2017","16,92","16,85","16,96","16,84","","0,43%"
"14.07.2017","16,84","16,94","16,97","16,82","","-0,62%"
"13.07.2017","16,95","16,95","17,00","16,92","","-0,05%"
"12.07.2017","16,96","17,00","17,01","16,93","","-0,23%"
"11.07.2017","17,00","17,00","17,08","16,93","","0,06%"
"10.07.2017","16,99","16,99","17,09","16,92","","0,14%"
"07.07.2017","16,97","17,01","17,04","16,92","","-0,71%"
"06.07.2017","17,09","17,18","17,32","17,07","","-0,31%"
"05.07.2017","17,14","16,95","17,16","16,91","","1,48%"
"04.07.2017","16,89","16,85","16,92","16,82","","0,24%"
"03.07.2017","16,85","16,76","16,85","16,75","","1,37%"
"30.06.2017","16,62","16,53","16,66","16,49","","0,80%"
"29.06.2017","16,49","16,41","16,52","16,39","","0,48%"
"28.06.2017","16,41","16,42","16,46","16,33","","0,13%"
"27.06.2017","16,39","16,30","16,44","16,30","","0,52%"
"26.06.2017","16,31","16,18","16,31","16,17","","0,79%"
"23.06.2017","16,18","16,15","16,19","16,10","","0,19%"
"22.06.2017","16,15","16,30","16,30","16,14","","-0,46%"
"21.06.2017","16,22","16,27","16,48","16,17","","0,49%"
"20.06.2017","16,14","16,13","16,16","16,12","","0,00%"
"19.06.2017","16,14","16,02","16,18","16,01","","0,71%"
"16.06.2017","16,02","15,98","16,06","15,94","","0,36%"
"15.06.2017","15,97","15,89","15,98","15,87","","0,40%"
"14.06.2017","15,90","15,88","15,92","15,82","","0,13%"
"13.06.2017","15,88","15,93","15,93","15,87","","-0,21%"
"12.06.2017","15,92","15,91","15,95","15,90","","0,00%"
"09.06.2017","15,91","15,93","15,94","15,87","","-0,13%"
"08.06.2017","15,94","15,99","16,01","15,91","","-0,35%"
"07.06.2017","15,99","16,02","16,03","15,99","","-0,14%"
"06.06.2017","16,01","16,01","16,02","15,97","","-0,09%"
"05.06.2017","16,03","16,04","16,07","15,99","","-0,06%"
"02.06.2017","16,04","16,05","16,06","16,00","","-0,08%"
"01.06.2017","16,05","16,09","16,13","16,00","","-0,26%"
"31.05.2017","16,09","16,15","16,18","16,09","","-0,47%"
"30.05.2017","16,17","16,03","16,17","16,01","","1,19%"
"29.05.2017","15,98","16,03","16,03","15,98","","-0,17%"
"26.05.2017","16,01","16,08","16,09","16,00","","-0,46%"
"25.05.2017","16,08","16,09","16,09","16,08","","-0,03%"
"24.05.2017","16,09","16,09","16,16","16,07","","0,00%"
"23.05.2017","16,09","16,18","16,19","16,01","","-0,51%"
"22.05.2017","16,17","16,02","16,18","15,99","","0,98%"
"19.05.2017","16,02","15,86","16,05","15,85","","0,03%"
"18.05.2017","16,01","15,61","16,08","15,60","","2,54%"
"17.05.2017","15,61","15,58","15,64","15,58","","0,26%"
"16.05.2017","15,57","15,57","15,64","15,55","","0,30%"
"15.05.2017","15,53","15,44","15,53","15,44","","0,61%"
"12.05.2017","15,44","15,45","15,47","15,40","","-0,06%"
"11.05.2017","15,44","15,52","15,52","15,43","","-0,42%"
"10.05.2017","15,51","15,52","15,57","15,51","","-0,04%"
"09.05.2017","15,52","15,49","15,61","15,47","","0,26%"
"08.05.2017","15,47","15,37","15,48","15,36","","0,78%"
"05.05.2017","15,35","15,31","15,40","15,28","","0,07%"
"04.05.2017","15,35","15,28","15,43","15,27","","0,43%"
"03.05.2017","15,28","15,29","15,35","15,23","","-0,04%"
"02.05.2017","15,28","15,38","15,41","15,27","","-0,65%"
"01.05.2017","15,39","15,39","15,39","15,38","","0,00%"
"28.04.2017","15,39","15,40","15,44","15,38","","-0,11%"
"27.04.2017","15,40","15,46","15,47","15,39","","-0,50%"
"26.04.2017","15,48","15,44","15,50","15,40","","0,42%"
"25.04.2017","15,42","15,40","15,46","15,37","","0,18%"
"24.04.2017","15,39","15,47","15,47","15,39","","-0,55%"
"21.04.2017","15,48","15,39","15,48","15,36","","0,56%"
"20.04.2017","15,39","15,39","15,42","15,36","","0,00%"
"19.04.2017","15,39","15,48","15,52","15,32","","0,69%"
"18.04.2017","15,28","15,20","15,33","15,19","","0,58%"
"17.04.2017","15,20","15,15","15,27","15,15","","0,34%"
"14.04.2017","15,15","15,15","15,16","15,15","","-0,10%"
"13.04.2017","15,16","15,16","15,17","15,16","","-0,21%"
"12.04.2017","15,19","15,16","15,25","15,12","","-0,39%"
"11.04.2017","15,25","15,24","15,35","15,17","","0,28%"
"10.04.2017","15,21","15,34","15,39","15,18","","-0,87%"
"07.04.2017","15,34","15,41","15,43","15,34","","-0,43%"
"06.04.2017","15,41","15,40","15,45","15,35","","0,09%"
"05.04.2017","15,40","15,40","15,40","15,31","","0,13%"
"04.04.2017","15,38","15,40","15,41","15,35","","-0,09%"
"03.04.2017","15,39","15,38","15,46","15,38","","0,06%"
"31.03.2017","15,38","15,41","15,44","15,36","","-0,27%"
"30.03.2017","15,42","15,43","15,46","15,36","","-0,05%"
"29.03.2017","15,43","15,55","15,55","15,42","","-1,00%"
"28.03.2017","15,59","15,60","15,62","15,52","","-0,09%"
"27.03.2017","15,60","15,60","15,64","15,56","","0,00%"
"24.03.2017","15,60","15,60","15,60","15,60","","-0,04%"
"23.03.2017","15,61","15,64","15,65","15,57","","-0,12%"
"22.03.2017","15,63","15,63","15,68","15,57","","0,18%"
"21.03.2017","15,60","15,64","15,66","15,59","","-0,20%"
"20.03.2017","15,63","15,56","15,73","15,56","","0,46%"
"17.03.2017","15,56","15,52","15,57","15,48","","0,05%"
"16.03.2017","15,55","15,56","15,61","15,47","","-0,09%"
"15.03.2017","15,56","15,55","15,59","15,52","","0,17%"
"14.03.2017","15,54","15,52","15,58","15,51","","0,04%"
"13.03.2017","15,53","15,47","15,55","15,47","","0,40%"
"10.03.2017","15,47","15,55","15,55","15,43","","-0,43%"
"09.03.2017","15,54","15,64","15,68","15,52","","-0,66%"
"08.03.2017","15,64","15,60","15,67","15,52","","0,46%"
"07.03.2017","15,57","15,49","15,58","15,48","","0,62%"
"06.03.2017","15,47","15,44","15,48","15,41","","0,23%"
"03.03.2017","15,44","15,40","15,51","15,38","","0,19%"
"02.03.2017","15,40","15,45","15,45","15,32","","-0,29%"
"01.03.2017","15,45","15,47","15,66","15,40","","-0,16%"
"28.02.2017","15,48","15,48","15,48","15,48","","0,00%"
"27.02.2017","15,48","15,48","15,48","15,47","","0,00%"
"24.02.2017","15,48","15,50","15,55","15,41","","-0,19%"
"23.02.2017","15,51","15,56","15,61","15,49","","-0,49%"
"22.02.2017","15,58","15,59","15,63","15,48","","-0,09%"
"21.02.2017","15,60","15,69","15,77","15,57","","-0,61%"
"20.02.2017","15,69","15,69","15,71","15,68","","0,22%"
"17.02.2017","15,65","15,44","15,69","15,43","","1,51%"
"16.02.2017","15,42","15,36","15,44","15,33","","0,36%"
"15.02.2017","15,37","15,45","15,49","15,36","","-0,71%"
"14.02.2017","15,48","15,49","15,54","15,42","","-0,03%"
"13.02.2017","15,48","15,53","15,57","15,47","","-0,28%"
"10.02.2017","15,53","15,60","15,60","15,48","","-0,80%"
"09.02.2017","15,65","15,66","15,70","15,60","","-0,13%"
"08.02.2017","15,67","15,70","15,74","15,66","","-0,04%"
"07.02.2017","15,68","15,77","15,80","15,63","","-0,58%"
"06.02.2017","15,77","15,61","15,78","15,57","","0,98%"
"03.02.2017","15,61","15,68","15,71","15,57","","-0,38%"
"02.02.2017","15,68","15,79","15,82","15,66","","-0,76%"
"01.02.2017","15,80","15,90","15,91","15,79","","-0,65%"
"31.01.2017","15,90","15,91","15,94","15,88","","0,05%"
"30.01.2017","15,89","15,89","15,96","15,88","","0,03%"
"27.01.2017","15,89","15,92","15,94","15,86","","-0,39%"
"26.01.2017","15,95","15,95","15,98","15,91","","-0,04%"
"25.01.2017","15,95","15,92","15,98","15,88","","0,15%"
"24.01.2017","15,93","15,90","15,98","15,90","","-0,05%"
"23.01.2017","15,94","15,90","15,95","15,87","","0,20%"
"20.01.2017","15,90","15,87","15,94","15,82","","0,00%"
"19.01.2017","15,90","15,97","16,00","15,90","","-0,45%"
"18.01.2017","15,97","15,90","15,99","15,85","","0,42%"
"17.01.2017","15,90","15,88","15,93","15,82","","0,19%"
"16.01.2017","15,88","15,85","15,90","15,84","","0,19%"
"13.01.2017","15,85","15,81","15,88","15,81","","0,20%"
"12.01.2017","15,81","15,85","15,89","15,79","","-0,20%"
"11.01.2017","15,85","15,85","15,94","15,82","","0,00%"
"10.01.2017","15,85","15,85","15,89","15,82","","-0,24%"
"09.01.2017","15,88","15,81","15,89","15,73","","0,47%"
"06.01.2017","15,81","15,95","15,97","15,79","","-0,93%"
"05.01.2017","15,96","16,05","16,08","15,91","","-0,73%"
"04.01.2017","16,08","15,98","16,14","15,95","","0,86%"
"03.01.2017","15,94","15,94","15,97","15,84","","0,00%"
"02.01.2017","15,94","15,88","15,94","15,88","","0,45%"
"30.12.2016","15,87","15,93","15,96","15,74","","-0,30%"
"29.12.2016","15,91","15,75","15,97","15,67","","1,30%"
"28.12.2016","15,71","15,55","15,75","15,48","","1,06%"
"27.12.2016","15,55","15,51","15,58","15,48","","-0,08%"
"26.12.2016","15,56","15,52","15,58","15,50","","0,47%"
"23.12.2016","15,48","15,73","15,74","15,47","","-1,49%"
"22.12.2016","15,72","15,80","15,81","15,72","","-0,41%"
"21.12.2016","15,78","15,90","15,94","15,78","","-0,52%"
"20.12.2016","15,87","15,84","15,88","15,79","","0,00%"
"19.12.2016","15,87","15,87","15,93","15,77","","0,00%"
"16.12.2016","15,87","16,03","16,05","15,87","","-0,56%"
"15.12.2016","15,96","16,00","16,10","15,95","","-0,06%"
"14.12.2016","15,97","15,98","16,00","15,81","","0,00%"
"13.12.2016","15,97","16,05","16,08","15,93","","-0,37%"
"12.12.2016","16,02","15,98","16,12","15,97","","0,25%"
"09.12.2016","15,98","15,98","15,98","15,98","","-0,06%"
"08.12.2016","15,99","16,00","16,00","15,99","","0,00%"
"07.12.2016","16,00","15,91","16,02","15,89","","0,52%"
"06.12.2016","15,91","15,85","15,92","15,84","","0,30%"
"05.12.2016","15,87","15,94","15,99","15,86","","-0,42%"
"02.12.2016","15,94","15,85","15,94","15,80","","0,82%"
"01.12.2016","15,81","15,85","15,96","15,77","","-0,39%"
"30.11.2016","15,87","15,72","16,02","15,72","","1,13%"
"29.11.2016","15,69","15,49","15,73","15,49","","1,26%"
"28.11.2016","15,49","15,55","15,55","15,49","","-0,32%"
"25.11.2016","15,55","15,55","15,57","15,51","","0,11%"
"24.11.2016","15,53","15,54","15,55","15,52","","-0,12%"
"23.11.2016","15,55","15,47","15,59","15,46","","0,73%"
"22.11.2016","15,43","15,40","15,47","15,36","","0,32%"
"21.11.2016","15,39","15,49","15,50","15,36","","-0,69%"
"18.11.2016","15,49","15,49","15,51","15,46","","-0,06%"
"17.11.2016","15,50","15,51","15,53","15,44","","0,00%"
"16.11.2016","15,50","15,58","15,61","15,46","","0,08%"
"15.11.2016","15,48","15,65","15,66","15,47","","-0,69%"
"14.11.2016","15,59","15,40","15,68","15,39","","1,91%"
"11.11.2016","15,30","15,09","15,30","15,06","","1,74%"
"10.11.2016","15,04","15,00","15,18","14,91","","0,67%"
"09.11.2016","14,94","15,09","15,12","14,85","","-0,05%"
"08.11.2016","14,95","15,05","15,07","14,90","","-0,90%"
"07.11.2016","15,08","15,09","15,11","15,00","","-0,04%"
"04.11.2016","15,09","15,12","15,15","15,02","","0,11%"
"03.11.2016","15,07","15,13","15,18","15,07","","-0,27%"
"02.11.2016","15,11","15,09","15,13","14,99","","0,28%"
"01.11.2016","15,07","15,16","15,16","15,03","","-0,61%"
"31.10.2016","15,16","15,18","15,20","15,14","","-0,12%"
"28.10.2016","15,18","15,18","15,22","15,16","","0,07%"
"27.10.2016","15,17","15,20","15,22","15,16","","-0,18%"
"26.10.2016","15,20","15,25","15,27","15,20","","-0,16%"
"25.10.2016","15,23","15,15","15,23","15,15","","0,41%"
"24.10.2016","15,16","15,17","15,18","15,09","","-0,04%"
"21.10.2016","15,17","15,18","15,19","15,11","","-0,09%"
"20.10.2016","15,18","15,20","15,23","15,15","","0,06%"
"19.10.2016","15,18","15,20","15,23","15,18","","-0,15%"
"18.10.2016","15,20","15,22","15,22","15,17","","0,00%"
"17.10.2016","15,20","15,20","15,27","15,17","","0,20%"
"14.10.2016","15,17","15,12","15,23","15,08","","0,28%"
"13.10.2016","15,13","15,06","15,17","15,06","","0,38%"
"12.10.2016","15,07","15,18","15,24","15,03","","-0,76%"
"11.10.2016","15,18","15,20","15,23","15,16","","-0,04%"
"10.10.2016","15,19","15,19","15,19","15,19","","0,00%"
"07.10.2016","15,19","15,21","15,24","15,18","","-0,14%"
"06.10.2016","15,21","15,19","15,27","15,18","","0,16%"
"05.10.2016","15,19","15,20","15,23","15,13","","0,17%"
"04.10.2016","15,16","15,23","15,24","15,16","","-0,22%"
"03.10.2016","15,19","15,27","15,32","15,16","","-1,07%"
"30.09.2016","15,36","15,36","15,37","15,21","","0,00%"
"29.09.2016","15,36","15,35","15,44","15,33","","0,05%"
"28.09.2016","15,35","15,26","15,38","15,24","","0,50%"
"27.09.2016","15,28","15,26","15,29","15,25","","0,33%"
"26.09.2016","15,23","15,15","15,25","15,15","","0,53%"
"23.09.2016","15,15","15,15","15,18","15,14","","-0,08%"
"22.09.2016","15,16","15,14","15,18","15,13","","0,10%"
"21.09.2016","15,14","15,15","15,15","15,12","","0,05%"
"20.09.2016","15,14","15,15","15,19","15,13","","-0,07%"
"19.09.2016","15,15","15,13","15,18","15,10","","0,13%"
"16.09.2016","15,13","15,10","15,14","15,05","","0,44%"
"15.09.2016","15,06","15,01","15,07","14,99","","0,24%"
"14.09.2016","15,02","15,02","15,06","14,99","","0,23%"
"13.09.2016","14,99","14,95","15,03","14,87","","0,41%"
"12.09.2016","14,93","14,98","15,03","14,93","","-0,31%"
"09.09.2016","14,98","15,06","15,07","14,98","","-0,58%"
"08.09.2016","15,06","15,04","15,08","15,04","","0,12%"
"07.09.2016","15,04","15,05","15,06","15,01","","0,18%"
"06.09.2016","15,02","14,99","15,07","14,98","","0,14%"
"05.09.2016","14,99","15,00","15,02","14,97","","0,08%"
"02.09.2016","14,98","14,92","14,98","14,85","","0,43%"
"01.09.2016","14,92","14,93","14,93","14,84","","-0,05%"
"31.08.2016","14,93","14,98","14,98","14,86","","-0,60%"
"30.08.2016","15,02","15,10","15,16","15,00","","-0,54%"
"29.08.2016","15,10","14,99","15,11","14,98","","0,69%"
"26.08.2016","14,99","14,90","15,00","14,90","","0,95%"
"25.08.2016","14,85","14,86","14,91","14,85","","0,00%"
"24.08.2016","14,85","14,86","14,90","14,83","","0,14%"
"23.08.2016","14,83","14,81","14,88","14,80","","0,00%"
"22.08.2016","14,83","14,94","14,96","14,81","","-0,59%"
"19.08.2016","14,92","14,95","14,98","14,87","","0,00%"
"18.08.2016","14,92","14,80","14,95","14,76","","0,96%"
"17.08.2016","14,78","14,69","14,79","14,68","","0,71%"
"16.08.2016","14,67","14,67","14,69","14,64","","0,00%"
"15.08.2016","14,67","14,66","14,67","14,66","","0,00%"
"12.08.2016","14,67","14,67","14,69","14,61","","0,00%"
"11.08.2016","14,67","14,66","14,70","14,62","","0,00%"
"10.08.2016","14,67","14,82","14,82","14,67","","-0,75%"
"09.08.2016","14,78","14,75","14,92","14,65","","0,84%"
"08.08.2016","14,65","14,80","14,83","14,65","","-0,98%"
"05.08.2016","14,80","14,84","14,86","14,77","","-0,30%"
"04.08.2016","14,85","14,88","14,93","14,84","","-0,60%"
"03.08.2016","14,94","14,91","14,95","14,82","","0,55%"
"02.08.2016","14,85","14,93","14,95","14,82","","-0,72%"
"01.08.2016","14,96","15,00","15,02","14,91","","-0,27%"
"29.07.2016","15,00","15,05","15,07","14,99","","-0,22%"
"28.07.2016","15,03","15,03","15,06","14,99","","0,26%"
"27.07.2016","14,99","14,95","15,05","14,94","","0,31%"
"26.07.2016","14,95","14,98","15,03","14,90","","0,00%"
"25.07.2016","14,95","14,90","14,98","14,89","","0,30%"
"22.07.2016","14,90","14,99","15,03","14,86","","-0,65%"
"21.07.2016","15,00","15,06","15,07","14,99","","-0,43%"
"20.07.2016","15,07","15,05","15,08","14,91","","0,44%"
"19.07.2016","15,00","15,20","15,31","14,97","","-0,98%"
"18.07.2016","15,15","14,90","15,18","14,90","","1,45%"
"15.07.2016","14,93","14,72","15,03","14,70","","1,41%"
"14.07.2016","14,72","14,58","14,77","14,56","","1,07%"
"13.07.2016","14,57","14,60","14,61","14,56","","0,00%"
"12.07.2016","14,57","14,71","14,71","14,55","","-0,97%"
"11.07.2016","14,71","14,69","14,72","14,64","","0,03%"
"08.07.2016","14,70","14,69","14,70","14,69","","0,00%"
"07.07.2016","14,70","14,70","14,81","14,63","","0,04%"
"06.07.2016","14,70","14,80","14,89","14,68","","-1,19%"
"05.07.2016","14,88","15,09","15,09","14,75","","-0,93%"
"04.07.2016","15,02","15,06","15,07","15,01","","-0,30%"
"01.07.2016","15,06","15,09","15,16","14,98","","0,14%"
"30.06.2016","15,04","14,96","15,27","14,90","","0,51%"
"29.06.2016","14,96","14,94","14,98","14,77","","0,36%"
"28.06.2016","14,91","15,29","15,39","14,88","","-2,49%"
"27.06.2016","15,29","14,92","15,30","14,90","","2,46%"
"24.06.2016","14,92","14,42","14,94","14,40","","3,74%"
"23.06.2016","14,39","14,11","14,48","14,11","","2,27%"
"22.06.2016","14,07","13,95","14,07","13,95","","0,80%"
"21.06.2016","13,95","13,91","13,98","13,82","","0,43%"
"20.06.2016","13,90","13,90","13,90","13,90","","-0,04%"
"17.06.2016","13,90","13,90","13,90","13,90","","-0,04%"
"16.06.2016","13,91","13,74","13,93","13,73","","1,22%"
"15.06.2016","13,74","13,75","13,83","13,73","","0,00%"
"14.06.2016","13,73","13,80","13,81","13,73","","-0,46%"
"13.06.2016","13,80","13,81","13,90","13,77","","-0,05%"
"10.06.2016","13,81","13,82","13,85","13,79","","-0,09%"
"09.06.2016","13,82","13,90","13,91","13,78","","-0,55%"
"08.06.2016","13,89","13,83","13,93","13,76","","0,50%"
"07.06.2016","13,82","13,78","13,84","13,75","","0,35%"
"06.06.2016","13,78","13,91","13,91","13,73","","-0,95%"
"03.06.2016","13,91","13,92","13,93","13,85","","0,00%"
"02.06.2016","13,91","13,97","13,97","13,89","","-0,43%"
"01.06.2016","13,97","13,98","14,01","13,91","","-0,10%"
"31.05.2016","13,98","13,95","14,05","13,95","","0,20%"
"30.05.2016","13,95","13,93","13,95","13,93","","0,36%"
"27.05.2016","13,90","14,00","14,03","13,90","","-0,71%"
"26.05.2016","14,01","14,07","14,15","13,99","","-0,28%"
"25.05.2016","14,04","14,03","14,04","14,03","","0,00%"
"24.05.2016","14,04","13,99","14,07","13,99","","0,39%"
"23.05.2016","13,99","14,08","14,08","13,97","","-0,63%"
"20.05.2016","14,08","14,09","14,13","14,02","","-0,11%"
"19.05.2016","14,09","14,14","14,14","14,09","","-0,25%"
"18.05.2016","14,13","14,19","14,20","14,10","","-0,08%"
"17.05.2016","14,14","14,18","14,18","14,10","","-0,18%"
"16.05.2016","14,17","14,15","14,20","14,12","","0,09%"
"13.05.2016","14,15","14,20","14,21","14,14","","0,00%"
"12.05.2016","14,15","14,23","14,26","14,15","","-0,32%"
"11.05.2016","14,20","14,23","14,24","14,20","","-0,18%"
"10.05.2016","14,23","14,24","14,25","14,21","","0,00%"
"09.05.2016","14,23","14,22","14,27","14,20","","0,05%"
"06.05.2016","14,22","14,27","14,28","14,19","","-0,11%"
"05.05.2016","14,24","14,26","14,27","14,22","","-0,04%"
"04.05.2016","14,24","14,23","14,26","14,17","","0,31%"
"03.05.2016","14,20","14,18","14,23","14,18","","0,14%"
"02.05.2016","14,18","14,28","14,40","14,15","","-0,74%"
"29.04.2016","14,28","14,38","14,40","14,19","","-0,28%"
"28.04.2016","14,32","14,24","14,33","14,15","","0,87%"
"27.04.2016","14,20","14,32","14,33","14,17","","-0,82%"
"26.04.2016","14,32","14,32","14,35","14,25","","0,00%"
"25.04.2016","14,31","14,32","14,40","14,27","","0,00%"
"22.04.2016","14,32","14,38","14,63","14,27","","0,31%"
"21.04.2016","14,27","14,32","14,44","14,26","","-0,54%"
"20.04.2016","14,35","14,17","14,38","14,17","","1,31%"
"19.04.2016","14,16","14,13","14,22","14,04","","0,21%"
"18.04.2016","14,14","14,04","14,27","14,02","","0,70%"
"15.04.2016","14,04","14,32","14,34","13,95","","-2,00%"
"14.04.2016","14,32","14,39","14,42","14,28","","-0,46%"
"13.04.2016","14,39","14,52","14,53","14,26","","-0,76%"
"12.04.2016","14,50","14,52","14,58","14,41","","-0,15%"
"11.04.2016","14,52","14,47","14,54","14,44","","0,40%"
"08.04.2016","14,47","14,42","14,49","14,38","","-0,07%"
"07.04.2016","14,48","14,59","14,64","14,42","","-0,89%"
"06.04.2016","14,60","14,68","14,81","14,60","","-0,54%"
"05.04.2016","14,69","14,72","14,74","14,62","","-0,24%"
"04.04.2016","14,72","14,79","14,85","14,71","","-0,46%"
"01.04.2016","14,79","14,70","14,84","14,56","","0,62%"
"31.03.2016","14,70","14,64","14,76","14,56","","0,62%"
"30.03.2016","14,61","14,64","14,73","14,53","","-0,21%"
"29.03.2016","14,64","14,88","15,05","14,52","","-1,20%"
"28.03.2016","14,82","14,49","14,84","14,49","","2,21%"
"25.03.2016","14,49","14,49","14,49","14,49","","-0,04%"
"24.03.2016","14,50","14,50","14,50","14,49","","0,00%"
"23.03.2016","14,50","14,40","14,52","14,30","","0,81%"
"22.03.2016","14,39","14,48","14,48","14,11","","-0,59%"
"21.03.2016","14,47","14,77","14,78","14,43","","-2,05%"
"18.03.2016","14,77","14,75","14,89","14,73","","-0,98%"
"17.03.2016","14,92","14,63","14,96","14,52","","2,15%"
"16.03.2016","14,60","14,51","14,65","14,39","","0,57%"
"15.03.2016","14,52","14,80","14,81","14,51","","-1,78%"
"14.03.2016","14,79","14,85","14,96","14,55","","-0,46%"
"11.03.2016","14,85","15,36","15,37","14,83","","-3,12%"
"10.03.2016","15,33","15,36","15,38","15,27","","-0,21%"
"09.03.2016","15,36","15,40","15,41","15,25","","-0,54%"
"08.03.2016","15,45","15,40","15,48","15,38","","0,33%"
"07.03.2016","15,40","15,20","15,44","15,18","","1,30%"
"04.03.2016","15,20","15,18","15,30","15,13","","-0,12%"
"03.03.2016","15,22","15,68","15,68","15,06","","-2,80%"
"02.03.2016","15,65","15,79","15,79","15,61","","-0,85%"
"01.03.2016","15,79","15,82","15,97","15,76","","-0,26%"
"29.02.2016","15,83","15,46","15,84","15,46","","2,38%"
"26.02.2016","15,46","15,40","15,48","15,38","","0,16%"
"25.02.2016","15,44","15,37","15,44","15,26","","0,59%"
"24.02.2016","15,35","15,32","15,46","15,25","","0,14%"
"23.02.2016","15,32","15,27","15,57","15,16","","0,37%"
"22.02.2016","15,27","15,09","15,28","15,08","","1,37%"
"19.02.2016","15,06","15,02","15,07","15,01","","0,24%"
"18.02.2016","15,02","14,94","15,17","14,93","","0,70%"
"17.02.2016","14,92","14,86","15,01","14,85","","0,80%"
"16.02.2016","14,80","14,81","14,88","14,78","","-0,05%"
"15.02.2016","14,81","14,79","14,83","14,76","","0,16%"
"12.02.2016","14,78","14,57","14,79","14,57","","1,47%"
"11.02.2016","14,57","14,49","14,61","14,45","","0,52%"
"10.02.2016","14,49","14,36","14,51","14,27","","0,94%"
"09.02.2016","14,36","14,36","14,36","14,35","","0,57%"
"08.02.2016","14,28","14,36","14,38","14,28","","-0,56%"
"05.02.2016","14,36","14,16","14,39","14,14","","1,41%"
"04.02.2016","14,16","14,15","14,27","14,10","","0,11%"
"03.02.2016","14,15","14,12","14,21","14,05","","0,21%"
"02.02.2016","14,12","14,10","14,18","14,03","","0,10%"
"01.02.2016","14,10","13,90","14,18","13,89","","1,52%"
"29.01.2016","13,89","13,83","13,98","13,77","","0,44%"
"28.01.2016","13,83","13,84","13,95","13,76","","-0,07%"
"27.01.2016","13,84","13,82","13,96","13,78","","0,13%"
"26.01.2016","13,82","13,76","13,93","13,68","","0,48%"
"25.01.2016","13,76","13,70","13,86","13,65","","0,39%"
"22.01.2016","13,70","13,51","13,74","13,48","","1,37%"
"21.01.2016","13,52","13,42","13,63","13,36","","0,68%"
"20.01.2016","13,43","13,47","13,52","13,39","","-0,34%"
"19.01.2016","13,47","13,53","13,64","13,39","","-0,39%"
"18.01.2016","13,52","13,42","13,53","13,37","","0,76%"
"15.01.2016","13,42","13,25","13,59","13,24","","1,33%"
"14.01.2016","13,25","13,54","13,58","13,22","","-2,15%"
"13.01.2016","13,54","13,49","13,65","13,48","","0,38%"
"12.01.2016","13,49","13,70","13,77","13,46","","-1,54%"
"11.01.2016","13,70","13,89","14,01","13,67","","-1,32%"
"08.01.2016","13,88","13,89","13,95","13,84","","-0,06%"
"07.01.2016","13,89","13,85","14,03","13,81","","0,29%"
"06.01.2016","13,85","13,63","13,94","13,61","","1,57%"
"05.01.2016","13,63","13,19","13,89","13,17","","3,37%"
"04.01.2016","13,19","12,99","13,27","12,92","","2,01%"
"01.01.2016","12,93","12,94","12,94","12,93","","-0,08%"
"31.12.2015","12,94","12,96","13,01","12,91","","-0,16%"
"30.12.2015","12,96","12,94","13,05","12,93","","0,17%"
"29.12.2015","12,94","12,96","13,06","12,90","","-0,15%"
"28.12.2015","12,96","13,22","13,23","12,95","","-2,00%"
"25.12.2015","13,22","13,23","13,24","13,22","","0,00%"
"24.12.2015","13,23","12,97","13,23","12,97","","1,95%"
"23.12.2015","12,97","12,94","13,16","12,92","","0,23%"
"22.12.2015","12,94","12,79","13,08","12,79","","1,15%"
"21.12.2015","12,79","13,13","13,22","12,71","","-2,56%"
"18.12.2015","13,13","13,31","13,71","13,13","","-1,33%"
"17.12.2015","13,31","9,82","13,95","9,80","","35,57%"
"16.12.2015","9,82","9,78","9,83","9,77","","0,36%"
"15.12.2015","9,78","9,77","9,81","9,76","","0,10%"
"14.12.2015","9,77","9,77","9,79","9,76","","0,00%"
"11.12.2015","9,77","9,74","9,78","9,73","","0,27%"
"10.12.2015","9,74","9,73","9,75","9,72","","0,11%"
"09.12.2015","9,73","9,70","9,74","9,69","","0,33%"
"08.12.2015","9,70","9,71","9,71","9,68","","-0,07%"
"07.12.2015","9,71","9,72","9,72","9,70","","-0,09%"
"04.12.2015","9,72","9,72","9,75","9,68","","0,25%"
"03.12.2015","9,69","9,68","9,72","9,68","","0,10%"
"02.12.2015","9,68","9,68","9,71","9,67","","0,00%"
"01.12.2015","9,68","9,71","9,71","9,68","","0,23%"
"30.11.2015","9,66","9,70","9,71","9,66","","-0,39%"
"27.11.2015","9,70","9,69","9,70","9,65","","0,14%"
"26.11.2015","9,68","9,67","9,70","9,65","","0,53%"
"25.11.2015","9,63","9,66","9,68","9,63","","-0,28%"
"24.11.2015","9,66","9,65","9,68","9,63","","0,17%"
"23.11.2015","9,64","9,64","9,67","9,64","","0,00%"
"20.11.2015","9,64","9,65","9,67","9,63","","-0,10%"
"19.11.2015","9,65","9,63","9,66","9,62","","0,20%"
"18.11.2015","9,63","9,64","9,65","9,62","","-0,09%"
"17.11.2015","9,64","9,63","9,70","9,62","","0,16%"
"16.11.2015","9,63","9,62","9,67","9,61","","0,18%"
"13.11.2015","9,61","9,60","9,64","9,60","","0,08%"
"12.11.2015","9,60","9,58","9,62","9,57","","0,20%"
"11.11.2015","9,58","9,58","9,61","9,57","","0,00%"
"10.11.2015","9,58","9,58","9,61","9,57","","0,05%"
"09.11.2015","9,58","9,41","9,66","9,40","","1,80%"
"06.11.2015","9,41","9,56","9,57","9,41","","-1,52%"
"05.11.2015","9,56","9,54","9,58","9,52","","0,21%"
"04.11.2015","9,54","9,55","9,57","9,53","","-0,09%"
"03.11.2015","9,54","9,54","9,57","9,53","","0,09%"
"02.11.2015","9,54","9,52","9,56","9,50","","0,20%"
"30.10.2015","9,52","9,52","9,53","9,51","","0,00%"
"29.10.2015","9,52","9,53","9,55","9,52","","-0,11%"
"28.10.2015","9,53","9,51","9,54","9,48","","0,13%"
"27.10.2015","9,52","9,53","9,53","9,50","","-0,11%"
"26.10.2015","9,53","9,52","9,54","9,50","","0,10%"
"23.10.2015","9,52","9,51","9,52","9,50","","0,00%"
"22.10.2015","9,52","9,51","9,52","9,49","","0,00%"
"21.10.2015","9,51","9,47","9,51","9,46","","0,48%"
"20.10.2015","9,47","9,49","9,51","9,45","","-0,28%"
"19.10.2015","9,49","9,50","9,51","9,48","","-0,11%"
"16.10.2015","9,50","9,48","9,50","9,47","","0,20%"
"15.10.2015","9,49","9,46","9,49","9,45","","0,22%"
"14.10.2015","9,46","9,47","9,48","9,46","","-0,10%"
"13.10.2015","9,47","9,40","9,48","9,39","","0,83%"
"12.10.2015","9,40","9,45","9,45","9,39","","-0,53%"
"09.10.2015","9,45","9,41","9,45","9,33","","0,40%"
"08.10.2015","9,41","9,45","9,46","9,35","","-0,48%"
"07.10.2015","9,45","9,45","9,46","9,42","","0,00%"
"06.10.2015","9,45","9,44","9,51","9,42","","0,11%"
"05.10.2015","9,44","9,43","9,45","9,41","","0,00%"
"02.10.2015","9,44","9,43","9,44","9,42","","0,15%"
"01.10.2015","9,43","9,43","9,43","9,42","","0,00%"
"30.09.2015","9,43","9,42","9,43","9,41","","0,00%"
"29.09.2015","9,42","9,42","9,43","9,40","","0,09%"
"28.09.2015","9,42","9,41","9,43","9,39","","0,00%"
"25.09.2015","9,41","9,40","9,42","9,38","","0,16%"
"24.09.2015","9,40","9,40","9,41","9,39","","0,00%"
"23.09.2015","9,39","9,39","9,40","9,38","","0,00%"
"22.09.2015","9,39","9,40","9,40","9,38","","-0,11%"
"21.09.2015","9,40","9,40","9,42","9,38","","0,17%"
"18.09.2015","9,39","9,38","9,39","9,37","","0,09%"
"17.09.2015","9,38","9,38","9,38","9,36","","0,00%"
"16.09.2015","9,38","9,37","9,38","9,36","","0,06%"
"15.09.2015","9,37","9,36","9,37","9,35","","0,15%"
"14.09.2015","9,36","9,35","9,36","9,34","","0,08%"
"11.09.2015","9,35","9,36","9,37","9,33","","-0,08%"
"10.09.2015","9,36","9,34","9,36","9,34","","0,17%"
"09.09.2015","9,34","9,33","9,35","9,33","","0,11%"
"08.09.2015","9,33","9,31","9,34","9,31","","0,24%"
"07.09.2015","9,31","9,33","9,34","9,30","","-0,28%"
"04.09.2015","9,34","9,32","9,34","9,30","","0,18%"
"03.09.2015","9,32","9,31","9,32","9,30","","0,10%"
"02.09.2015","9,31","9,31","9,31","9,30","","0,00%"
"01.09.2015","9,31","9,30","9,31","9,29","","0,15%"
"31.08.2015","9,30","9,30","9,31","9,28","","0,08%"
"28.08.2015","9,29","9,29","9,29","9,28","","0,00%"
"27.08.2015","9,29","9,28","9,29","9,28","","0,07%"
"26.08.2015","9,28","9,28","9,29","9,27","","0,06%"
"25.08.2015","9,28","9,27","9,28","9,26","","0,07%"
"24.08.2015","9,27","9,26","9,28","9,25","","0,12%"
"21.08.2015","9,26","9,26","9,26","9,25","","0,00%"
"20.08.2015","9,26","9,27","9,27","9,24","","-0,11%"
"19.08.2015","9,27","9,24","9,27","9,23","","0,22%"
"18.08.2015","9,25","9,27","9,27","9,23","","-0,19%"
"17.08.2015","9,27","9,24","9,27","9,23","","0,27%"
"14.08.2015","9,24","9,24","9,26","9,23","","0,00%"
"13.08.2015","9,24","9,23","9,24","9,23","","0,00%"
"12.08.2015","9,23","9,22","9,24","9,22","","0,08%"
"11.08.2015","9,23","9,22","9,23","9,21","","0,06%"
"10.08.2015","9,22","9,24","9,24","9,21","","-0,16%"
"07.08.2015","9,23","9,21","9,24","9,21","","0,24%"
"06.08.2015","9,21","9,21","9,22","9,20","","0,00%"
"05.08.2015","9,21","9,20","9,21","9,19","","0,07%"
"04.08.2015","9,20","9,21","9,21","9,19","","-0,06%"
"03.08.2015","9,21","9,20","9,21","9,18","","0,12%"
"31.07.2015","9,20","9,20","9,21","9,18","","0,00%"
"30.07.2015","9,20","9,18","9,20","9,18","","0,20%"
"29.07.2015","9,18","9,17","9,19","9,16","","0,11%"
"28.07.2015","9,17","9,19","9,19","9,17","","-0,24%"
"27.07.2015","9,19","9,19","9,20","9,16","","0,11%"
"24.07.2015","9,18","9,17","9,18","9,16","","0,08%"
"23.07.2015","9,17","9,17","9,18","9,16","","0,07%"
"22.07.2015","9,17","9,18","9,18","9,15","","-0,12%"
"21.07.2015","9,18","9,17","9,18","9,14","","0,14%"
"20.07.2015","9,17","9,12","9,17","9,12","","0,41%"
"17.07.2015","9,13","9,13","9,15","9,11","","0,00%"
"16.07.2015","9,13","9,13","9,14","9,13","","0,00%"
"15.07.2015","9,13","9,13","9,14","9,13","","0,00%"
"14.07.2015","9,13","9,13","9,13","9,12","","0,07%"
"13.07.2015","9,13","9,13","9,14","9,12","","-0,11%"
"10.07.2015","9,14","9,13","9,14","9,12","","0,11%"
"09.07.2015","9,13","9,12","9,13","9,09","","0,09%"
"08.07.2015","9,12","9,10","9,12","9,10","","0,16%"
"07.07.2015","9,10","9,12","9,12","9,09","","-0,17%"
"06.07.2015","9,12","9,10","9,12","9,09","","0,21%"
"03.07.2015","9,10","9,10","9,11","9,08","","-0,06%"
"02.07.2015","9,10","9,10","9,11","9,09","","0,09%"
"01.07.2015","9,10","9,10","9,10","9,08","","0,00%"
"30.06.2015","9,10","9,09","9,10","9,08","","0,12%"
"29.06.2015","9,09","9,09","9,10","9,07","","0,00%"
"26.06.2015","9,09","9,09","9,10","9,06","","0,00%"
"25.06.2015","9,09","9,07","9,09","9,06","","0,22%"
"24.06.2015","9,07","9,06","9,07","9,06","","0,09%"
"23.06.2015","9,06","9,06","9,07","9,06","","0,00%"
"22.06.2015","9,06","9,10","9,10","9,06","","-0,50%"
"19.06.2015","9,11","9,06","9,11","9,05","","0,59%"
"18.06.2015","9,06","9,07","9,08","9,04","","-0,21%"
"17.06.2015","9,07","9,06","9,07","9,04","","0,14%"
"16.06.2015","9,06","9,04","9,06","9,03","","0,27%"
"15.06.2015","9,04","9,04","9,05","9,03","","0,00%"
"12.06.2015","9,04","9,03","9,05","9,03","","0,10%"
"11.06.2015","9,03","9,03","9,04","9,02","","0,00%"
"10.06.2015","9,03","9,03","9,03","9,02","","0,06%"
"09.06.2015","9,03","9,03","9,03","9,01","","0,00%"
"08.06.2015","9,03","9,03","9,06","9,01","","0,00%"
"05.06.2015","9,03","9,02","9,03","9,01","","0,14%"
"04.06.2015","9,02","9,01","9,02","9,00","","0,12%"
"03.06.2015","9,01","9,01","9,01","9,00","","0,00%"
"02.06.2015","9,01","9,01","9,01","8,99","","-0,06%"
"01.06.2015","9,01","9,00","9,01","8,99","","0,08%"
"29.05.2015","9,00","9,00","9,01","8,98","","0,07%"
"28.05.2015","9,00","8,98","9,00","8,97","","0,16%"
"27.05.2015","8,98","8,98","8,99","8,97","","0,06%"
"26.05.2015","8,98","9,01","9,02","8,96","","-0,30%"
"25.05.2015","9,00","8,99","9,01","8,97","","0,18%"
"22.05.2015","8,99","8,97","8,99","8,96","","0,19%"
"21.05.2015","8,97","8,96","8,97","8,96","","0,08%"
"20.05.2015","8,97","8,94","8,97","8,93","","0,24%"
"19.05.2015","8,94","8,95","8,96","8,94","","-0,08%"
"18.05.2015","8,95","8,96","8,97","8,94","","0,00%"
"15.05.2015","8,95","8,95","8,95","8,94","","0,00%"
"14.05.2015","8,95","8,95","8,97","8,94","","0,00%"
"13.05.2015","8,95","8,94","8,95","8,93","","0,18%"
"12.05.2015","8,94","8,94","8,94","8,93","","-0,06%"
"11.05.2015","8,94","8,94","8,94","8,92","","0,07%"
"08.05.2015","8,93","8,92","8,94","8,91","","0,09%"
"07.05.2015","8,93","8,94","8,94","8,91","","-0,15%"
"06.05.2015","8,94","8,90","8,94","8,90","","0,40%"
"05.05.2015","8,90","8,91","8,92","8,90","","0,00%"
"04.05.2015","8,90","8,92","8,92","8,90","","-0,17%"
"01.05.2015","8,92","8,92","8,92","8,92","","0,00%"
"30.04.2015","8,92","8,90","8,92","8,90","","0,20%"
"29.04.2015","8,90","8,91","8,91","8,89","","0,00%"
"28.04.2015","8,91","8,91","8,91","8,89","","0,00%"
"27.04.2015","8,91","8,91","8,91","8,88","","0,11%"
"24.04.2015","8,90","8,90","8,91","8,88","","0,00%"
"23.04.2015","8,90","8,88","8,90","8,87","","0,31%"
"22.04.2015","8,87","8,87","8,88","8,87","","0,00%"
"21.04.2015","8,87","8,87","8,87","8,87","","0,06%"
"20.04.2015","8,87","8,87","8,87","8,86","","-0,12%"
"17.04.2015","8,88","8,88","8,89","8,86","","0,00%"
"16.04.2015","8,88","8,87","8,88","8,86","","0,15%"
"15.04.2015","8,87","8,86","8,87","8,85","","0,06%"
"14.04.2015","8,86","8,86","8,87","8,85","","0,00%"
"13.04.2015","8,86","8,84","8,86","8,84","","0,17%"
"10.04.2015","8,85","8,84","8,85","8,84","","0,00%"
"09.04.2015","8,84","8,84","8,85","8,83","","0,00%"
"08.04.2015","8,85","8,84","8,85","8,83","","0,00%"
"07.04.2015","8,84","8,84","8,85","8,83","","0,10%"
"06.04.2015","8,84","8,84","8,84","8,83","","0,00%"
"03.04.2015","8,84","8,84","8,84","8,83","","0,00%"
"02.04.2015","8,84","8,83","8,84","8,81","","0,16%"
"01.04.2015","8,83","8,82","8,83","8,81","","0,07%"
"31.03.2015","8,82","8,81","8,82","8,81","","0,06%"
"30.03.2015","8,81","8,81","8,82","8,81","","0,00%"
"27.03.2015","8,81","8,81","8,81","8,80","","0,00%"
"26.03.2015","8,81","8,80","8,81","8,79","","0,09%"
"25.03.2015","8,80","8,78","8,81","8,78","","0,26%"
"24.03.2015","8,78","8,78","8,79","8,77","","0,00%"
"23.03.2015","8,78","8,80","8,80","8,78","","-0,20%"
"20.03.2015","8,80","8,79","8,80","8,79","","0,07%"
"19.03.2015","8,79","8,79","8,80","8,79","","0,00%"
"18.03.2015","8,79","8,79","8,80","8,78","","0,06%"
"17.03.2015","8,79","8,78","8,79","8,78","","0,00%"
"16.03.2015","8,78","8,79","8,82","8,78","","0,00%"
"13.03.2015","8,79","8,78","8,79","8,77","","0,09%"
"12.03.2015","8,78","8,78","8,78","8,77","","0,00%"
"11.03.2015","8,78","8,77","8,78","8,77","","0,07%"
"10.03.2015","8,77","8,76","8,77","8,76","","0,12%"
"09.03.2015","8,76","8,76","8,77","8,75","","0,12%"
"06.03.2015","8,75","8,75","8,76","8,75","","0,00%"
"05.03.2015","8,75","8,74","8,75","8,74","","0,06%"
"04.03.2015","8,74","8,74","8,74","8,74","","0,06%"
"03.03.2015","8,74","8,73","8,74","8,73","","0,06%"
"02.03.2015","8,73","8,72","8,73","8,72","","0,13%"
"27.02.2015","8,72","8,72","8,73","8,72","","0,00%"
"26.02.2015","8,73","8,72","8,73","8,72","","0,09%"
"25.02.2015","8,72","8,72","8,72","8,72","","0,00%"
"24.02.2015","8,72","8,72","8,72","8,71","","0,14%"
"23.02.2015","8,70","8,70","8,71","8,70","","0,00%"
"20.02.2015","8,70","8,70","8,70","8,70","","0,11%"
"19.02.2015","8,69","8,69","8,70","8,69","","0,00%"
"18.02.2015","8,69","8,68","8,69","8,68","","0,12%"
"17.02.2015","8,68","8,68","8,68","8,68","","0,00%"
"16.02.2015","8,68","8,68","8,68","8,68","","0,00%"
"13.02.2015","8,68","8,68","8,69","8,68","","0,09%"
"12.02.2015","8,67","8,67","8,68","8,67","","0,00%"
"11.02.2015","8,67","8,66","8,68","8,66","","0,00%"
"10.02.2015","8,66","8,67","8,67","8,66","","0,00%"
"09.02.2015","8,67","8,66","8,67","8,66","","0,07%"
"06.02.2015","8,66","8,65","8,66","8,65","","0,09%"
"05.02.2015","8,65","8,66","8,66","8,65","","0,00%"
"04.02.2015","8,65","8,65","8,66","8,65","","0,00%"
"03.02.2015","8,65","8,65","8,66","8,65","","0,00%"
"02.02.2015","8,65","8,63","8,66","8,63","","0,20%"
"30.01.2015","8,63","8,63","8,64","8,63","","0,00%"
"29.01.2015","8,63","8,63","8,64","8,63","","0,00%"
"28.01.2015","8,63","8,63","8,63","8,63","","0,00%"
"27.01.2015","8,63","8,63","8,63","8,63","","0,00%"
"26.01.2015","8,63","8,63","8,63","8,62","","0,10%"
"23.01.2015","8,62","8,62","8,63","8,61","","0,00%"
"22.01.2015","8,62","8,61","8,67","8,61","","0,09%"
"21.01.2015","8,61","8,61","8,62","8,61","","0,00%"
"20.01.2015","8,61","8,61","8,61","8,61","","0,07%"
"19.01.2015","8,60","8,60","8,60","8,60","","0,00%"
"16.01.2015","8,60","8,60","8,60","8,60","","0,00%"
"15.01.2015","8,60","8,60","8,60","8,59","","0,06%"
"14.01.2015","8,59","8,60","8,60","8,59","","0,00%"
"13.01.2015","8,59","8,59","8,60","8,59","","0,00%"
"12.01.2015","8,59","8,59","8,60","8,59","","0,00%"
"09.01.2015","8,59","8,59","8,60","8,59","","0,00%"
"08.01.2015","8,59","8,59","8,59","8,59","","0,18%"
"07.01.2015","8,57","8,57","8,59","8,57","","0,29%"
"06.01.2015","8,55","8,55","8,56","8,55","","0,00%"
"05.01.2015","8,55","8,56","8,56","8,55","","0,00%"
"02.01.2015","8,56","8,55","8,56","8,55","","0,06%"
"01.01.2015","8,55","8,55","8,55","8,55","","0,00%"
"31.12.2014","8,55","8,55","8,55","8,55","","0,00%"
"30.12.2014","8,55","8,55","8,60","8,55","","0,00%"
"29.12.2014","8,55","8,55","8,56","8,55","","0,00%"
"26.12.2014","8,55","8,55","8,55","8,55","","0,00%"
"25.12.2014","8,55","8,55","8,55","8,55","","0,00%"
"24.12.2014","8,55","8,56","8,56","8,55","","0,00%"
"23.12.2014","8,55","8,55","8,56","8,55","","0,00%"
"22.12.2014","8,55","8,55","8,56","8,55","","0,00%"
"19.12.2014","8,55","8,55","8,56","8,55","","0,00%"
"18.12.2014","8,55","8,56","8,56","8,55","","0,00%"
"17.12.2014","8,55","8,55","8,56","8,55","","0,00%"
"16.12.2014","8,55","8,55","8,56","8,55","","0,00%"
"15.12.2014","8,55","8,55","8,56","8,55","","0,00%"
"12.12.2014","8,55","8,55","8,56","8,55","","0,00%"
"11.12.2014","8,55","8,55","8,56","8,55","","0,00%"
"10.12.2014","8,55","8,56","8,56","8,55","","0,00%"
"09.12.2014","8,55","8,55","8,56","8,54","","0,09%"
"08.12.2014","8,55","8,54","8,55","8,54","","0,00%"
"05.12.2014","8,54","8,55","8,56","8,54","","-0,06%"
"04.12.2014","8,55","8,54","8,55","8,54","","0,06%"
"03.12.2014","8,54","8,53","8,55","8,53","","0,12%"
"02.12.2014","8,53","8,53","8,54","8,53","","0,00%"
"01.12.2014","8,53","8,53","8,53","8,52","","0,00%"
"28.11.2014","8,53","8,52","8,53","8,52","","0,08%"
"27.11.2014","8,52","8,52","8,52","8,52","","0,00%"
"26.11.2014","8,52","8,52","8,53","8,52","","0,00%"
"25.11.2014","8,52","8,52","8,52","8,52","","0,00%"
"24.11.2014","8,52","8,52","8,52","8,52","","0,00%"
"21.11.2014","8,52","8,52","8,52","8,51","","0,00%"
"20.11.2014","8,52","8,52","8,52","8,51","","0,00%"
"19.11.2014","8,52","8,52","8,52","8,51","","0,00%"
"18.11.2014","8,51","8,51","8,52","8,51","","0,00%"
"17.11.2014","8,51","8,51","8,51","8,51","","0,00%"
"14.11.2014","8,51","8,51","8,51","8,51","","0,00%"
"13.11.2014","8,51","8,51","8,51","8,51","","0,00%"
"12.11.2014","8,51","8,51","8,52","8,51","","0,00%"
"11.11.2014","8,51","8,51","8,51","8,51","","0,00%"
"10.11.2014","8,51","8,51","8,52","8,51","","0,00%"
"07.11.2014","8,51","8,51","8,51","8,51","","0,00%"
"06.11.2014","8,51","8,51","8,51","8,50","","0,00%"
"05.11.2014","8,51","8,51","8,51","8,51","","0,00%"
"04.11.2014","8,51","8,51","8,52","8,51","","0,00%"
"03.11.2014","8,51","8,50","8,51","8,50","","0,06%"
"31.10.2014","8,50","8,51","8,51","8,50","","0,00%"
"30.10.2014","8,50","8,51","8,51","8,50","","0,00%"
"29.10.2014","8,50","8,50","8,51","8,50","","0,00%"
"28.10.2014","8,50","8,49","8,50","8,49","","0,09%"
"27.10.2014","8,49","8,49","8,50","8,49","","0,09%"
"24.10.2014","8,49","8,49","8,50","8,49","","0,00%"
"23.10.2014","8,49","8,49","8,50","8,48","","-0,06%"
"22.10.2014","8,49","8,49","8,50","8,49","","0,00%"
"21.10.2014","8,49","8,47","8,50","8,47","","0,20%"
"20.10.2014","8,47","8,47","8,49","8,47","","0,00%"
"17.10.2014","8,47","8,48","8,48","8,47","","0,00%"
"16.10.2014","8,48","8,47","8,48","8,47","","0,00%"
"15.10.2014","8,47","8,47","8,49","8,47","","0,00%"
"14.10.2014","8,47","8,48","8,49","8,47","","0,00%"
"13.10.2014","8,48","8,48","8,48","8,47","","0,00%"
"10.10.2014","8,48","8,47","8,49","8,46","","0,07%"
"09.10.2014","8,47","8,46","8,49","8,46","","0,14%"
"08.10.2014","8,46","8,48","8,48","8,45","","0,00%"
"07.10.2014","8,45","8,47","8,48","8,45","","-0,19%"
"06.10.2014","8,47","8,45","8,49","8,45","","0,30%"
"03.10.2014","8,45","8,44","8,48","8,44","","0,06%"
"02.10.2014","8,44","8,45","8,46","8,44","","-0,12%"
"01.10.2014","8,45","8,43","8,47","8,42","","0,20%"
"30.09.2014","8,43","8,48","8,49","8,42","","-0,56%"
"29.09.2014","8,48","8,45","8,50","8,44","","0,37%"
"26.09.2014","8,45","8,42","8,45","8,42","","0,34%"
"25.09.2014","8,42","8,41","8,43","8,41","","0,00%"
"24.09.2014","8,42","8,43","8,44","8,42","","-0,07%"
"23.09.2014","8,43","8,43","8,45","8,42","","0,00%"
"22.09.2014","8,43","8,42","8,44","8,42","","0,09%"
"19.09.2014","8,42","8,40","8,44","8,40","","0,24%"
"18.09.2014","8,40","8,41","8,45","8,40","","0,00%"
"17.09.2014","8,40","8,40","8,42","8,40","","0,00%"
"16.09.2014","8,40","8,40","8,41","8,40","","0,00%"
"15.09.2014","8,40","8,40","8,41","8,40","","0,00%"
"12.09.2014","8,40","8,40","8,41","8,40","","0,00%"
"11.09.2014","8,40","8,40","8,43","8,40","","0,00%"
"10.09.2014","8,40","8,40","8,41","8,40","","0,00%"
"09.09.2014","8,40","8,40","8,42","8,40","","0,00%"
"08.09.2014","8,40","8,42","8,43","8,40","","-0,12%"
"05.09.2014","8,42","8,40","8,43","8,40","","0,17%"
"04.09.2014","8,40","8,42","8,42","8,39","","-0,17%"
"03.09.2014","8,42","8,40","8,42","8,40","","0,18%"
"02.09.2014","8,40","8,40","8,42","8,40","","0,00%"
"01.09.2014","8,40","8,39","8,41","8,39","","0,00%"
"29.08.2014","8,40","8,40","8,41","8,40","","0,00%"
"28.08.2014","8,40","8,40","8,41","8,40","","0,00%"
"27.08.2014","8,41","8,39","8,41","8,39","","0,16%"
"26.08.2014","8,39","8,39","8,42","8,39","","0,00%"
"25.08.2014","8,39","8,39","8,44","8,39","","0,00%"
"22.08.2014","8,39","8,39","8,43","8,39","","0,00%"
"21.08.2014","8,39","8,32","8,39","8,32","","0,86%"
"20.08.2014","8,32","8,28","8,34","8,28","","0,48%"
"19.08.2014","8,28","8,27","8,29","8,27","","0,09%"
"18.08.2014","8,28","8,28","8,28","8,28","","0,00%"
"15.08.2014","8,28","8,28","8,28","8,28","","0,00%"
"14.08.2014","8,28","8,27","8,28","8,27","","0,06%"
"13.08.2014","8,27","8,26","8,27","8,26","","0,08%"
"12.08.2014","8,26","8,26","8,27","8,26","","0,00%"
"11.08.2014","8,26","8,27","8,27","8,26","","0,00%"
"08.08.2014","8,27","8,26","8,27","8,26","","0,00%"
"07.08.2014","8,26","8,26","8,28","8,26","","0,00%"
"06.08.2014","8,27","8,26","8,27","8,26","","0,00%"
"05.08.2014","8,26","8,26","8,28","8,26","","0,00%"
"04.08.2014","8,26","8,23","8,26","8,23","","0,31%"
"01.08.2014","8,24","8,21","8,24","8,21","","0,27%"
"31.07.2014","8,21","8,19","8,22","8,19","","0,35%"
"30.07.2014","8,19","8,19","8,20","8,19","","0,00%"
"29.07.2014","8,19","8,17","8,19","8,17","","0,11%"
"28.07.2014","8,18","8,17","8,19","8,17","","0,11%"
"25.07.2014","8,17","8,17","8,18","8,17","","0,00%"
"24.07.2014","8,17","8,17","8,18","8,17","","0,00%"
"23.07.2014","8,17","8,17","8,17","8,17","","0,00%"
"22.07.2014","8,17","8,16","8,17","8,16","","0,08%"
"21.07.2014","8,16","8,15","8,17","8,15","","0,20%"
"18.07.2014","8,15","8,15","8,16","8,15","","0,00%"
"17.07.2014","8,15","8,15","8,17","8,15","","0,00%"
"16.07.2014","8,15","8,15","8,16","8,15","","0,00%"
"15.07.2014","8,15","8,15","8,16","8,15","","0,00%"
"14.07.2014","8,15","8,15","8,16","8,15","","0,00%"
"11.07.2014","8,15","8,14","8,16","8,14","","0,14%"
"10.07.2014","8,14","8,14","8,23","8,14","","0,00%"
"09.07.2014","8,14","8,14","8,14","8,14","","0,00%"
"08.07.2014","8,14","8,14","8,15","8,14","","0,00%"
"07.07.2014","8,14","8,14","8,15","8,14","","0,00%"
"04.07.2014","8,14","8,14","8,14","8,14","","0,00%"
"03.07.2014","8,14","8,14","8,15","8,14","","0,00%"
"02.07.2014","8,14","8,13","8,14","8,13","","0,08%"
"01.07.2014","8,13","8,13","8,14","8,13","","0,00%"
"30.06.2014","8,13","8,13","8,13","8,13","","0,00%"
"27.06.2014","8,13","8,13","8,13","8,13","","0,00%"
"26.06.2014","8,13","8,13","8,13","8,13","","0,00%"
"25.06.2014","8,13","8,13","8,14","8,13","","0,00%"
"24.06.2014","8,13","8,13","8,14","8,13","","0,00%"
"23.06.2014","8,13","8,13","8,14","8,13","","0,00%"
"20.06.2014","8,13","8,13","8,13","8,13","","0,00%"
"19.06.2014","8,13","8,13","8,14","8,13","","0,00%"
"18.06.2014","8,13","8,13","8,14","8,13","","0,00%"
"17.06.2014","8,13","8,13","8,14","8,13","","0,00%"
"16.06.2014","8,13","8,13","8,15","8,13","","0,00%"
"13.06.2014","8,13","8,13","8,14","8,13","","0,00%"
"12.06.2014","8,13","8,13","8,14","8,13","","0,00%"
"11.06.2014","8,13","8,13","8,14","8,13","","0,00%"
"10.06.2014","8,13","8,13","8,14","8,13","","0,00%"
"09.06.2014","8,13","8,14","8,14","8,13","","-0,18%"
"06.06.2014","8,14","8,12","8,15","8,12","","0,28%"
"05.06.2014","8,12","8,11","8,13","8,11","","0,17%"
"04.06.2014","8,11","8,09","8,12","8,09","","0,17%"
"03.06.2014","8,09","8,08","8,10","8,08","","0,15%"
"02.06.2014","8,08","8,08","8,09","8,08","","0,00%"
"30.05.2014","8,08","8,08","8,09","8,07","","0,00%"
"29.05.2014","8,07","8,08","8,08","8,07","","0,00%"
"28.05.2014","8,07","8,06","8,08","8,06","","0,14%"
"27.05.2014","8,06","8,06","8,08","8,06","","0,00%"
"26.05.2014","8,06","8,06","8,06","8,06","","0,00%"
"23.05.2014","8,06","8,06","8,07","8,06","","0,00%"
"22.05.2014","8,06","8,06","8,07","8,06","","0,00%"
"21.05.2014","8,06","8,06","8,07","8,06","","0,00%"
"20.05.2014","8,06","8,07","8,07","8,05","","-0,07%"
"19.05.2014","8,07","8,06","8,07","8,06","","0,06%"
"16.05.2014","8,06","8,06","8,08","8,05","","0,00%"
"15.05.2014","8,06","8,02","8,08","8,02","","0,46%"
"14.05.2014","8,02","8,02","8,04","8,01","","0,00%"
"13.05.2014","8,02","8,01","8,02","8,01","","0,10%"
"12.05.2014","8,01","8,00","8,01","8,00","","0,13%"
"09.05.2014","8,00","8,01","8,01","8,00","","0,00%"
"08.05.2014","8,00","8,00","8,00","8,00","","0,00%"
"07.05.2014","8,00","8,00","8,01","8,00","","0,00%"
"06.05.2014","8,00","8,00","8,01","8,00","","0,00%"
"05.05.2014","8,00","8,00","8,01","8,00","","0,00%"
"02.05.2014","8,00","8,00","8,00","8,00","","0,00%"
"01.05.2014","8,00","8,00","8,00","8,00","","0,00%"
"30.04.2014","8,00","8,00","8,00","8,00","","0,00%"
"29.04.2014","8,00","8,01","8,01","8,00","","0,00%"
"28.04.2014","8,00","8,00","8,01","8,00","","0,00%"
"25.04.2014","8,00","8,00","8,00","8,00","","0,00%"
"24.04.2014","8,00","8,01","8,01","8,00","","0,00%"
"23.04.2014","8,00","8,00","8,00","8,00","","0,00%"
"22.04.2014","8,00","8,01","8,01","8,00","","0,00%"
"21.04.2014","8,00","8,01","8,01","8,00","","0,00%"
"18.04.2014","8,00","8,00","8,00","8,00","","0,00%"
"17.04.2014","8,00","8,00","8,00","8,00","","0,00%"
"16.04.2014","8,00","8,00","8,00","8,00","","0,00%"
"15.04.2014","8,00","8,00","8,01","8,00","","0,00%"
"14.04.2014","8,00","8,00","8,01","8,00","","0,00%"
"11.04.2014","8,00","8,00","8,01","8,00","","0,00%"
"10.04.2014","8,00","8,00","8,01","8,00","","0,00%"
"09.04.2014","8,00","8,00","8,00","8,00","","0,00%"
"08.04.2014","8,00","8,00","8,00","8,00","","0,00%"
"07.04.2014","8,00","8,00","8,01","8,00","","0,00%"
"04.04.2014","8,00","8,00","8,00","8,00","","0,00%"
"03.04.2014","8,00","8,00","8,01","8,00","","0,07%"
"02.04.2014","8,00","8,00","8,00","8,00","","0,00%"
"01.04.2014","8,00","8,00","8,01","7,99","","0,00%"
"31.03.2014","8,00","8,00","8,03","8,00","","0,00%"
"28.03.2014","8,00","8,00","8,03","8,00","","0,00%"
"27.03.2014","8,00","8,00","8,02","8,00","","0,00%"
"26.03.2014","8,00","8,01","8,03","7,99","","0,00%"
"25.03.2014","8,01","7,97","8,01","7,97","","0,50%"
"24.03.2014","7,97","7,97","7,97","7,96","","0,00%"
"21.03.2014","7,97","7,95","7,99","7,95","","0,19%"
"20.03.2014","7,95","7,95","7,97","7,95","","0,00%"
"19.03.2014","7,95","7,95","7,96","7,93","","0,06%"
"18.03.2014","7,95","7,92","7,96","7,92","","0,36%"
"17.03.2014","7,92","7,89","7,93","7,89","","0,31%"
"14.03.2014","7,89","7,88","7,90","7,88","","0,22%"
"13.03.2014","7,88","7,88","7,89","7,87","","0,00%"
"12.03.2014","7,88","7,86","7,89","7,86","","0,17%"
"11.03.2014","7,86","7,86","7,88","7,86","","0,00%"
"10.03.2014","7,86","7,86","7,89","7,86","","0,00%"
"07.03.2014","7,86","7,88","7,89","7,86","","-0,29%"
"06.03.2014","7,88","7,88","7,91","7,87","","0,00%"
"05.03.2014","7,88","7,88","7,89","7,88","","0,00%"
"04.03.2014","7,89","7,89","7,89","7,88","","0,00%"
"03.03.2014","7,89","7,89","7,89","7,87","","0,00%"
"28.02.2014","7,89","7,89","7,89","7,87","","0,00%"
"27.02.2014","7,89","7,89","7,90","7,87","","0,11%"
"26.02.2014","7,88","7,87","7,90","7,86","","0,11%"
"25.02.2014","7,87","7,85","7,88","7,85","","0,18%"
"24.02.2014","7,85","7,84","7,89","7,81","","0,13%"
"21.02.2014","7,84","7,82","7,85","7,82","","0,35%"
"20.02.2014","7,82","7,78","7,82","7,78","","0,45%"
"19.02.2014","7,78","7,77","7,79","7,77","","0,26%"
"18.02.2014","7,76","7,76","7,77","7,75","","0,00%"
"17.02.2014","7,76","7,81","7,81","7,76","","-0,66%"
"14.02.2014","7,81","7,81","7,81","7,79","","0,00%"
"13.02.2014","7,81","7,81","7,82","7,79","","0,00%"
"12.02.2014","7,81","7,82","7,86","7,80","","-0,12%"
"11.02.2014","7,82","7,81","7,83","7,80","","0,10%"
"10.02.2014","7,81","7,84","7,86","7,80","","-0,37%"
"07.02.2014","7,84","7,88","7,88","7,83","","-0,47%"
"06.02.2014","7,88","7,90","7,91","7,87","","-0,22%"
"05.02.2014","7,90","8,01","8,01","7,88","","-1,40%"
"04.02.2014","8,01","8,01","8,02","8,00","","-0,06%"
"03.02.2014","8,01","8,02","8,07","8,00","","-0,07%"
"31.01.2014","8,02","8,01","8,03","7,99","","0,17%"
"30.01.2014","8,01","8,00","8,03","8,00","","0,00%"
"29.01.2014","8,00","8,02","8,04","8,00","","-0,16%"
"28.01.2014","8,02","7,99","8,03","7,99","","0,31%"
"27.01.2014","7,99","8,00","8,06","7,99","","0,00%"
"24.01.2014","7,99","7,95","8,15","7,93","","1,14%"
"23.01.2014","7,90","7,15","8,20","7,14","","13,97%"
"22.01.2014","6,93","6,89","6,93","6,89","","0,70%"
"21.01.2014","6,88","6,83","6,92","6,83","","0,86%"
"20.01.2014","6,83","6,80","6,83","6,80","","0,44%"
"17.01.2014","6,80","6,77","6,82","6,77","","0,33%"
"16.01.2014","6,77","6,71","6,78","6,71","","0,97%"
"15.01.2014","6,71","6,71","6,71","6,71","","0,00%"
"14.01.2014","6,71","6,69","6,71","6,69","","0,21%"
"13.01.2014","6,69","6,66","6,70","6,66","","0,53%"
"10.01.2014","6,66","6,63","6,66","6,63","","0,50%"
"09.01.2014","6,63","6,60","6,63","6,60","","0,31%"
"08.01.2014","6,60","6,60","6,61","6,60","","0,09%"
"07.01.2014","6,60","6,59","6,60","6,59","","0,09%"
"06.01.2014","6,59","6,55","6,60","6,55","","0,58%"
"03.01.2014","6,56","6,54","6,56","6,54","","0,16%"
"02.01.2014","6,54","6,52","6,55","6,52","","0,41%"
"01.01.2014","6,52","6,52","6,52","6,52","","0,00%"
"31.12.2013","6,52","6,52","6,52","6,52","","0,00%"
"30.12.2013","6,52","6,49","6,53","6,49","","0,44%"
"27.12.2013","6,49","6,47","6,50","6,47","","0,29%"
"26.12.2013","6,47","6,44","6,48","6,44","","0,48%"
"25.12.2013","6,44","6,44","6,44","6,44","","0,00%"
"24.12.2013","6,44","6,44","6,44","6,44","","0,00%"
"23.12.2013","6,44","6,42","6,45","6,42","","0,28%"
"20.12.2013","6,42","6,40","6,43","6,40","","0,42%"
"19.12.2013","6,40","6,38","6,40","6,38","","0,33%"
"18.12.2013","6,38","6,33","6,38","6,33","","0,71%"
"17.12.2013","6,33","6,31","6,33","6,31","","0,28%"
"16.12.2013","6,31","6,29","6,31","6,29","","0,37%"
"13.12.2013","6,29","6,28","6,29","6,28","","0,19%"
"12.12.2013","6,28","6,28","6,28","6,28","","0,00%"
"11.12.2013","6,28","6,27","6,28","6,27","","0,20%"
"10.12.2013","6,26","6,25","6,27","6,25","","0,24%"
"09.12.2013","6,25","6,24","6,25","6,24","","0,12%"
"06.12.2013","6,24","6,23","6,25","6,23","","0,28%"
"05.12.2013","6,22","6,20","6,23","6,20","","0,43%"
"04.12.2013","6,20","6,20","6,20","6,20","","0,29%"
"03.12.2013","6,18","6,16","6,18","6,16","","0,38%"
"02.12.2013","6,16","6,14","6,16","6,14","","0,24%"
"29.11.2013","6,14","6,14","6,14","6,13","","0,29%"
"28.11.2013","6,12","6,12","6,12","6,12","","0,24%"
"27.11.2013","6,11","6,09","6,11","6,09","","0,23%"
"26.11.2013","6,09","6,08","6,10","6,08","","0,22%"
"25.11.2013","6,08","6,08","6,08","6,08","","0,00%"
"22.11.2013","6,08","6,06","6,08","6,06","","0,37%"
"21.11.2013","6,06","6,05","6,06","6,05","","0,23%"
"20.11.2013","6,04","6,04","6,05","6,04","","0,15%"
"19.11.2013","6,04","6,00","6,04","6,00","","0,57%"
"18.11.2013","6,00","5,99","6,00","5,99","","0,11%"
"15.11.2013","5,99","5,99","5,99","5,99","","0,10%"
"14.11.2013","5,99","5,98","5,99","5,98","","0,22%"
"13.11.2013","5,98","5,97","5,98","5,97","","0,08%"
"12.11.2013","5,97","5,97","5,98","5,97","","0,00%"
"11.11.2013","5,97","5,97","5,97","5,97","","0,12%"
"08.11.2013","5,96","5,94","5,97","5,94","","0,35%"
"07.11.2013","5,94","5,95","5,96","5,92","","-0,18%"
"06.11.2013","5,95","5,95","5,96","5,95","","0,00%"
"05.11.2013","5,95","5,95","5,96","5,94","","0,19%"
"04.11.2013","5,94","5,93","5,94","5,93","","0,20%"
"01.11.2013","5,93","5,92","5,93","5,91","","0,38%"
"31.10.2013","5,91","5,91","5,91","5,91","","0,00%"
"30.10.2013","5,91","5,89","5,91","5,89","","0,25%"
"29.10.2013","5,89","5,89","5,89","5,89","","0,00%"
"28.10.2013","5,89","5,88","5,89","5,88","","0,12%"
"25.10.2013","5,88","5,87","5,89","5,87","","0,24%"
"24.10.2013","5,87","5,87","5,87","5,86","","0,09%"
"23.10.2013","5,86","5,86","5,86","5,86","","0,22%"
"22.10.2013","5,85","5,85","5,85","5,85","","0,00%"
"21.10.2013","5,85","5,85","5,85","5,85","","0,00%"
"18.10.2013","5,85","5,85","5,86","5,85","","0,00%"
"17.10.2013","5,85","5,84","5,85","5,84","","0,17%"
"16.10.2013","5,84","5,84","5,84","5,84","","0,00%"
"15.10.2013","5,84","5,84","5,84","5,83","","0,10%"
"14.10.2013","5,83","5,83","5,83","5,83","","0,00%"
"11.10.2013","5,83","5,83","5,83","5,83","","0,00%"
"10.10.2013","5,83","5,82","5,83","5,82","","0,12%"
"09.10.2013","5,82","5,82","5,83","5,82","","0,00%"
"08.10.2013","5,82","5,82","5,82","5,82","","0,00%"
"07.10.2013","5,82","5,81","5,82","5,81","","0,09%"
"04.10.2013","5,81","5,81","5,82","5,81","","0,00%"
"03.10.2013","5,81","5,81","5,81","5,80","","0,25%"
"02.10.2013","5,80","5,80","5,80","5,80","","0,00%"
"01.10.2013","5,80","5,79","5,80","5,79","","0,13%"
"30.09.2013","5,79","5,79","5,79","5,79","","0,00%"
"27.09.2013","5,79","5,78","5,79","5,78","","0,20%"
"26.09.2013","5,78","5,78","5,79","5,77","","0,17%"
"25.09.2013","5,77","5,77","5,77","5,77","","0,00%"
"24.09.2013","5,77","5,78","5,78","5,77","","0,00%"
"23.09.2013","5,77","5,76","5,78","5,76","","0,22%"
"20.09.2013","5,76","5,76","5,76","5,76","","0,00%"
"19.09.2013","5,76","5,75","5,76","5,75","","0,09%"
"18.09.2013","5,75","5,74","5,75","5,74","","0,17%"
"17.09.2013","5,74","5,74","5,74","5,73","","0,17%"
"16.09.2013","5,73","5,73","5,73","5,73","","0,09%"
"13.09.2013","5,73","5,72","5,73","5,72","","0,10%"
"12.09.2013","5,72","5,72","5,72","5,72","","0,00%"
"11.09.2013","5,72","5,71","5,72","5,71","","0,18%"
"10.09.2013","5,71","5,70","5,71","5,70","","0,13%"
"09.09.2013","5,70","5,70","5,71","5,70","","0,00%"
"06.09.2013","5,70","5,70","5,70","5,70","","0,00%"
"05.09.2013","5,70","5,70","5,71","5,70","","0,00%"
"04.09.2013","5,70","5,69","5,70","5,69","","0,18%"
"03.09.2013","5,69","5,67","5,69","5,67","","0,30%"
"02.09.2013","5,67","5,67","5,68","5,67","","0,00%"
"30.08.2013","5,67","5,66","5,67","5,66","","0,18%"
"29.08.2013","5,66","5,65","5,66","5,65","","0,21%"
"28.08.2013","5,65","5,65","5,65","5,64","","0,10%"
"27.08.2013","5,64","5,63","5,65","5,63","","0,22%"
"26.08.2013","5,63","5,62","5,63","5,62","","0,18%"
"23.08.2013","5,62","5,61","5,62","5,61","","0,13%"
"22.08.2013","5,61","5,61","5,62","5,61","","0,23%"
"21.08.2013","5,60","5,60","5,60","5,60","","0,09%"
"20.08.2013","5,60","5,59","5,60","5,59","","0,09%"
"19.08.2013","5,59","5,59","5,59","5,59","","0,00%"
"16.08.2013","5,59","5,58","5,59","5,58","","0,22%"
"15.08.2013","5,58","5,57","5,58","5,57","","0,22%"
"14.08.2013","5,57","5,56","5,57","5,56","","0,00%"
"13.08.2013","5,56","5,56","5,56","5,55","","0,19%"
"12.08.2013","5,55","5,54","5,55","5,54","","0,23%"
"09.08.2013","5,54","5,54","5,55","5,54","","0,00%"
"08.08.2013","5,54","5,53","5,54","5,53","","0,20%"
"07.08.2013","5,53","5,53","5,53","5,53","","0,00%"
"06.08.2013","5,53","5,52","5,53","5,52","","0,00%"
"05.08.2013","5,52","5,51","5,52","5,51","","0,11%"
"02.08.2013","5,52","5,51","5,52","5,51","","0,14%"
"01.08.2013","5,51","5,51","5,51","5,50","","0,00%"
"31.07.2013","5,51","5,50","5,51","5,50","","0,15%"
"30.07.2013","5,50","5,49","5,50","5,49","","0,13%"
"29.07.2013","5,49","5,48","5,50","5,48","","0,20%"
"26.07.2013","5,48","5,48","5,48","5,48","","0,00%"
"25.07.2013","5,48","5,46","5,48","5,46","","0,33%"
"24.07.2013","5,46","5,46","5,47","5,46","","0,00%"
"23.07.2013","5,46","5,47","5,47","5,46","","0,00%"
"22.07.2013","5,46","5,46","5,47","5,46","","0,00%"
"19.07.2013","5,46","5,45","5,47","5,45","","0,22%"
"18.07.2013","5,45","5,44","5,45","5,44","","0,19%"
"17.07.2013","5,44","5,44","5,44","5,44","","0,09%"
"16.07.2013","5,43","5,43","5,44","5,43","","0,00%"
"15.07.2013","5,43","5,42","5,43","5,42","","0,00%"
"12.07.2013","5,43","5,42","5,43","5,42","","0,17%"
"11.07.2013","5,42","5,42","5,42","5,41","","0,00%"
"10.07.2013","5,41","5,41","5,42","5,41","","0,12%"
"09.07.2013","5,41","5,41","5,41","5,41","","0,00%"
"08.07.2013","5,41","5,40","5,41","5,40","","0,00%"
"05.07.2013","5,40","5,40","5,41","5,40","","0,15%"
"04.07.2013","5,40","5,40","5,40","5,40","","0,00%"
"03.07.2013","5,40","5,39","5,40","5,39","","0,10%"
"02.07.2013","5,39","5,39","5,40","5,39","","0,00%"
"01.07.2013","5,39","5,39","5,39","5,39","","0,00%"
"28.06.2013","5,39","5,38","5,39","5,38","","0,20%"
"27.06.2013","5,38","5,37","5,38","5,37","","0,12%"
"26.06.2013","5,37","5,36","5,37","5,36","","0,15%"
"25.06.2013","5,36","5,36","5,37","5,36","","0,00%"
"24.06.2013","5,36","5,35","5,36","5,35","","0,24%"
"21.06.2013","5,35","5,35","5,35","5,35","","0,00%"
"20.06.2013","5,35","5,35","5,35","5,35","","0,00%"
"19.06.2013","5,35","5,34","5,35","5,34","","0,19%"
"18.06.2013","5,34","5,34","5,34","5,34","","0,00%"
"17.06.2013","5,34","5,33","5,34","5,33","","0,13%"
"14.06.2013","5,33","5,33","5,34","5,33","","0,00%"
"13.06.2013","5,33","5,32","5,33","5,32","","0,15%"
"12.06.2013","5,32","5,31","5,32","5,31","","0,15%"
"11.06.2013","5,31","5,30","5,31","5,30","","0,13%"
"10.06.2013","5,30","5,30","5,31","5,30","","0,00%"
"07.06.2013","5,30","5,30","5,30","5,30","","0,00%"
"06.06.2013","5,30","5,29","5,30","5,29","","0,21%"
"05.06.2013","5,29","5,29","5,30","5,29","","0,00%"
"04.06.2013","5,29","5,29","5,29","5,28","","0,14%"
"03.06.2013","5,28","5,28","5,29","5,28","","0,00%"
"31.05.2013","5,28","5,28","5,29","5,28","","0,00%"
"30.05.2013","5,28","5,28","5,28","5,28","","0,00%"
"29.05.2013","5,28","5,27","5,28","5,27","","0,10%"
"28.05.2013","5,27","5,27","5,27","5,27","","0,00%"
"27.05.2013","5,27","5,27","5,27","5,27","","0,00%"
"24.05.2013","5,26","5,26","5,27","5,26","","0,00%"
"23.05.2013","5,26","5,26","5,26","5,26","","0,00%"
"22.05.2013","5,26","5,25","5,26","5,25","","0,20%"
"21.05.2013","5,25","5,24","5,25","5,24","","0,00%"
"20.05.2013","5,24","5,24","5,25","5,24","","0,14%"
"17.05.2013","5,24","5,24","5,24","5,23","","0,00%"
"16.05.2013","5,23","5,23","5,24","5,23","","0,00%"
"15.05.2013","5,23","5,24","5,24","5,23","","0,00%"
"14.05.2013","5,24","5,24","5,24","5,23","","0,00%"
"13.05.2013","5,23","5,23","5,24","5,23","","0,00%"
"10.05.2013","5,23","5,22","5,23","5,22","","0,20%"
"09.05.2013","5,22","5,21","5,22","5,21","","0,10%"
"08.05.2013","5,21","5,21","5,22","5,21","","0,10%"
"07.05.2013","5,21","5,21","5,21","5,21","","0,00%"
"06.05.2013","5,21","5,20","5,21","5,20","","0,14%"
"03.05.2013","5,20","5,19","5,20","5,19","","0,20%"
"02.05.2013","5,19","5,19","5,19","5,19","","0,00%"
"01.05.2013","5,19","5,19","5,19","5,19","","0,00%"
"30.04.2013","5,19","5,18","5,19","5,18","","0,15%"
"29.04.2013","5,18","5,18","5,18","5,18","","0,13%"
"26.04.2013","5,17","5,17","5,18","5,17","","0,00%"
"25.04.2013","5,17","5,18","5,18","5,17","","0,00%"
"24.04.2013","5,17","5,17","5,18","5,17","","0,00%"
"23.04.2013","5,17","5,17","5,17","5,17","","0,15%"
"22.04.2013","5,16","5,16","5,17","5,16","","0,00%"
"19.04.2013","5,16","5,16","5,16","5,16","","0,00%"
"18.04.2013","5,16","5,16","5,16","5,16","","0,11%"
"17.04.2013","5,15","5,15","5,16","5,15","","0,00%"
"16.04.2013","5,15","5,15","5,16","5,15","","0,00%"
"15.04.2013","5,15","5,15","5,16","5,15","","0,14%"
"12.04.2013","5,15","5,14","5,15","5,14","","0,00%"
"11.04.2013","5,14","5,14","5,14","5,14","","0,00%"
"10.04.2013","5,14","5,14","5,14","5,14","","0,00%"
"09.04.2013","5,14","5,13","5,14","5,13","","0,00%"
"08.04.2013","5,14","5,14","5,14","5,13","","0,00%"
"05.04.2013","5,14","5,13","5,14","5,13","","0,00%"
"04.04.2013","5,13","5,13","5,14","5,13","","0,00%"
"03.04.2013","5,13","5,13","5,13","5,12","","0,22%"
"02.04.2013","5,12","5,12","5,12","5,12","","0,00%"
"01.04.2013","5,12","5,12","5,12","5,12","","0,00%"
"29.03.2013","5,12","5,12","5,12","5,12","","0,00%"
"28.03.2013","5,12","5,12","5,12","5,12","","0,00%"
"27.03.2013","5,12","5,12","5,13","5,12","","0,00%"
"26.03.2013","5,12","5,12","5,12","5,12","","0,00%"
"25.03.2013","5,12","5,11","5,12","5,11","","0,10%"
"22.03.2013","5,11","5,10","5,11","5,10","","0,25%"
"21.03.2013","5,10","5,10","5,10","5,10","","0,00%"
"20.03.2013","5,10","5,10","5,10","5,09","","0,00%"
"19.03.2013","5,10","5,10","5,10","5,09","","0,00%"
"18.03.2013","5,10","5,09","5,10","5,09","","0,12%"
"15.03.2013","5,09","5,09","5,09","5,09","","0,00%"
"14.03.2013","5,09","5,08","5,09","5,08","","0,13%"
"13.03.2013","5,08","5,08","5,08","5,08","","0,00%"
"12.03.2013","5,08","5,07","5,08","5,07","","0,00%"
"11.03.2013","5,07","5,07","5,07","5,07","","0,15%"
"08.03.2013","5,07","5,06","5,07","5,06","","0,00%"
"07.03.2013","5,06","5,06","5,06","5,06","","0,00%"
"06.03.2013","5,06","5,06","5,06","5,06","","0,00%"
"05.03.2013","5,06","5,06","5,06","5,05","","0,00%"
"04.03.2013","5,05","5,05","5,05","5,05","","0,16%"
"01.03.2013","5,05","5,05","5,05","5,05","","0,00%"
"28.02.2013","5,05","5,05","5,05","5,04","","0,00%"
"27.02.2013","5,04","5,04","5,04","5,04","","0,00%"
"26.02.2013","5,04","5,04","5,04","5,03","","0,00%"
"25.02.2013","5,03","5,03","5,03","5,03","","0,00%"
"22.02.2013","5,03","5,03","5,03","5,03","","0,00%"
"21.02.2013","5,03","5,03","5,03","5,02","","0,15%"
"20.02.2013","5,02","5,02","5,02","5,02","","0,00%"
"19.02.2013","5,02","5,01","5,02","5,01","","0,21%"
"18.02.2013","5,01","5,01","5,01","5,01","","0,00%"
"15.02.2013","5,01","5,01","5,01","5,00","","0,15%"
"14.02.2013","5,00","5,00","5,01","5,00","","0,00%"
"13.02.2013","5,00","5,00","5,01","5,00","","0,18%"
"12.02.2013","5,00","5,00","5,00","5,00","","0,00%"
"11.02.2013","5,00","5,00","5,00","5,00","","0,00%"
"08.02.2013","5,00","4,99","5,00","4,99","","0,00%"
"07.02.2013","4,99","4,99","5,00","4,99","","0,17%"
"06.02.2013","4,99","4,98","4,99","4,98","","0,00%"
"05.02.2013","4,98","4,99","4,99","4,98","","0,00%"
"04.02.2013","4,98","4,98","4,98","4,98","","0,00%"
"01.02.2013","4,99","4,98","4,99","4,98","","0,16%"
"31.01.2013","4,98","4,98","4,98","4,98","","0,00%"
"30.01.2013","4,98","4,97","4,98","4,97","","0,14%"
"29.01.2013","4,97","4,97","4,98","4,97","","0,00%"
"28.01.2013","4,97","4,96","4,97","4,96","","0,18%"
"25.01.2013","4,96","4,96","4,97","4,96","","0,00%"
"24.01.2013","4,96","4,96","4,97","4,96","","0,00%"
"23.01.2013","4,96","4,96","4,97","4,96","","0,16%"
"22.01.2013","4,96","4,96","4,96","4,96","","0,00%"
"21.01.2013","4,95","4,95","4,96","4,95","","0,10%"
"18.01.2013","4,95","4,95","4,95","4,95","","0,00%"
"17.01.2013","4,95","4,95","4,95","4,95","","0,00%"
"16.01.2013","4,95","4,95","4,95","4,95","","0,00%"
"15.01.2013","4,95","4,95","4,95","4,95","","0,00%"
"14.01.2013","4,95","4,95","4,95","4,94","","0,22%"
"11.01.2013","4,94","4,94","4,94","4,94","","0,00%"
"10.01.2013","4,94","4,94","4,94","4,94","","0,00%"
"09.01.2013","4,93","4,93","4,94","4,93","","0,10%"
"08.01.2013","4,93","4,93","4,93","4,93","","0,00%"
"07.01.2013","4,93","4,93","4,93","4,93","","0,00%"
"04.01.2013","4,93","4,93","4,93","4,92","","0,00%"
"03.01.2013","4,92","4,92","4,93","4,92","","0,00%"
"02.01.2013","4,92","4,92","4,92","4,92","","0,17%"
"01.01.2013","4,92","4,92","4,92","4,92","","0,00%"
"31.12.2012","4,92","4,91","4,92","4,91","","0,10%"
"28.12.2012","4,91","4,91","4,91","4,91","","0,00%"
"27.12.2012","4,91","4,91","4,91","4,91","","0,00%"
"26.12.2012","4,91","4,91","4,91","4,91","","0,16%"
"25.12.2012","4,90","4,90","4,90","4,90","","0,00%"
"24.12.2012","4,90","4,90","4,90","4,90","","0,00%"
"21.12.2012","4,90","4,90","4,91","4,90","","0,15%"
"20.12.2012","4,90","4,90","4,90","4,90","","0,00%"
"19.12.2012","4,90","4,89","4,90","4,89","","0,16%"
"18.12.2012","4,89","4,88","4,89","4,88","","0,10%"
"17.12.2012","4,88","4,88","4,89","4,88","","0,10%"
"14.12.2012","4,88","4,87","4,88","4,87","","0,00%"
"13.12.2012","4,87","4,88","4,88","4,87","","0,00%"
"12.12.2012","4,87","4,87","4,87","4,87","","0,00%"
"11.12.2012","4,87","4,86","4,87","4,86","","0,00%"
"10.12.2012","4,86","4,86","4,86","4,86","","0,11%"
"07.12.2012","4,86","4,86","4,86","4,86","","0,00%"
"06.12.2012","4,86","4,85","4,86","4,85","","0,00%"
"05.12.2012","4,85","4,85","4,85","4,85","","0,11%"
"04.12.2012","4,85","4,84","4,85","4,84","","0,00%"
"03.12.2012","4,84","4,84","4,84","4,84","","0,00%"
"30.11.2012","4,84","4,83","4,84","4,83","","0,12%"
"29.11.2012","4,83","4,83","4,83","4,83","","0,00%"
"28.11.2012","4,83","4,82","4,83","4,82","","0,11%"
"27.11.2012","4,82","4,82","4,82","4,82","","0,00%"
"26.11.2012","4,82","4,82","4,82","4,82","","0,00%"
"23.11.2012","4,82","4,82","4,83","4,82","","0,00%"
"22.11.2012","4,82","4,82","4,82","4,82","","0,16%"
"21.11.2012","4,81","4,81","4,82","4,81","","0,16%"
"20.11.2012","4,81","4,80","4,81","4,80","","0,00%"
"19.11.2012","4,80","4,80","4,81","4,80","","0,00%"
"16.11.2012","4,80","4,79","4,80","4,79","","0,12%"
"15.11.2012","4,79","4,79","4,79","4,79","","0,22%"
"14.11.2012","4,78","4,78","4,79","4,78","","0,00%"
"13.11.2012","4,78","4,78","4,78","4,78","","0,00%"
"12.11.2012","4,78","4,78","4,78","4,78","","0,15%"
"09.11.2012","4,77","4,77","4,78","4,77","","0,00%"
"08.11.2012","4,77","4,77","4,78","4,77","","0,00%"
"07.11.2012","4,77","4,77","4,77","4,77","","0,00%"
"06.11.2012","4,77","4,77","4,77","4,77","","0,00%"
"05.11.2012","4,77","4,77","4,77","4,77","","0,16%"
"02.11.2012","4,77","4,77","4,77","4,77","","0,00%"
"01.11.2012","4,77","4,77","4,77","4,77","","0,00%"
"31.10.2012","4,76","4,76","4,77","4,76","","0,00%"
"30.10.2012","4,76","4,76","4,76","4,76","","0,22%"
"29.10.2012","4,75","4,76","4,76","4,75","","0,00%"
"26.10.2012","4,75","4,76","4,76","4,75","","0,00%"
"25.10.2012","4,75","4,75","4,75","4,75","","0,00%"
"24.10.2012","4,75","4,74","4,75","4,74","","0,00%"
"23.10.2012","4,74","4,74","4,74","4,74","","0,11%"
"22.10.2012","4,74","4,74","4,74","4,74","","0,00%"
"19.10.2012","4,74","4,74","4,74","4,73","","0,00%"
"18.10.2012","4,73","4,73","4,73","4,73","","0,00%"
"17.10.2012","4,73","4,71","4,73","4,71","","0,00%"
"16.10.2012","4,73","4,72","4,72","4,72","","0,11%"
"15.10.2012","4,73","4,72","4,72","4,72","","0,11%"
"12.10.2012","4,72","4,72","4,72","4,72","","0,00%"
"11.10.2012","4,72","4,71","4,72","4,71","","0,11%"
"10.10.2012","4,71","4,72","4,72","4,71","","0,00%"
"09.10.2012","4,71","4,71","4,71","4,71","","0,00%"
"08.10.2012","4,71","4,71","4,71","4,71","","0,00%"
"05.10.2012","4,71","4,71","4,71","4,71","","0,14%"
"04.10.2012","4,70","4,70","4,71","4,70","","0,00%"
"03.10.2012","4,70","4,70","4,70","4,70","","0,14%"
"02.10.2012","4,70","4,70","4,70","4,70","","0,00%"
"01.10.2012","4,70","4,70","4,70","4,70","","0,00%"
"28.09.2012","4,70","4,69","4,70","4,69","","0,14%"
"27.09.2012","4,69","4,69","4,69","4,69","","0,00%"
"26.09.2012","4,69","4,69","4,69","4,69","","0,00%"
"25.09.2012","4,69","4,69","4,69","4,69","","0,00%"
"24.09.2012","4,68","4,68","4,69","4,68","","0,00%"
"21.09.2012","4,68","4,68","4,69","4,68","","0,00%"
"20.09.2012","4,68","4,68","4,68","4,68","","0,00%"
"19.09.2012","4,68","4,67","4,68","4,67","","0,17%"
"18.09.2012","4,67","4,67","4,68","4,67","","0,00%"
"17.09.2012","4,67","4,67","4,68","4,67","","0,00%"
"14.09.2012","4,67","4,66","4,67","4,66","","0,23%"
"13.09.2012","4,66","4,66","4,66","4,66","","0,00%"
"12.09.2012","4,66","4,66","4,66","4,66","","0,00%"
"11.09.2012","4,66","4,66","4,66","4,66","","0,00%"
"10.09.2012","4,66","4,66","4,66","4,66","","0,00%"
"07.09.2012","4,66","4,65","4,66","4,65","","0,16%"
"06.09.2012","4,65","4,65","4,66","4,65","","0,00%"
"05.09.2012","4,65","4,65","4,65","4,65","","0,00%"
"04.09.2012","4,65","4,64","4,65","4,64","","0,20%"
"03.09.2012","4,64","4,63","4,64","4,64","","0,00%"
"31.08.2012","4,64","4,63","4,64","4,63","","0,22%"
"30.08.2012","4,63","4,63","4,63","4,63","","0,00%"
"29.08.2012","4,63","4,63","4,63","4,63","","0,00%"
"28.08.2012","4,63","4,62","4,63","4,62","","0,32%"
"27.08.2012","4,62","4,63","4,63","4,62","","-0,21%"
"24.08.2012","4,63","4,62","4,63","4,62","","0,21%"
"23.08.2012","4,62","4,62","4,62","4,62","","0,00%"
"22.08.2012","4,62","4,62","4,62","4,62","","0,00%"
"21.08.2012","4,62","4,62","4,62","4,62","","0,00%"
"20.08.2012","4,62","4,62","4,62","4,61","","0,00%"
"17.08.2012","4,62","4,61","4,62","4,61","","0,11%"
"16.08.2012","4,61","4,61","4,61","4,61","","0,11%"
"15.08.2012","4,61","4,61","4,61","4,60","","0,00%"
"14.08.2012","4,61","4,61","4,61","4,60","","0,00%"
"13.08.2012","4,60","4,60","4,61","4,60","","0,14%"
"10.08.2012","4,60","4,60","4,60","4,60","","0,00%"
"09.08.2012","4,60","4,60","4,60","4,60","","0,00%"
"08.08.2012","4,60","4,59","4,60","4,59","","0,00%"
"07.08.2012","4,60","4,59","4,60","4,59","","0,17%"
"06.08.2012","4,59","4,59","4,59","4,59","","0,00%"
"03.08.2012","4,59","4,59","4,59","4,59","","0,00%"
"02.08.2012","4,59","4,57","4,59","4,57","","0,27%"
"01.08.2012","4,57","4,59","4,59","4,57","","-0,25%"
"31.07.2012","4,59","4,57","4,59","4,57","","0,24%"
"30.07.2012","4,57","4,57","4,57","4,57","","0,00%"
"27.07.2012","4,57","4,58","4,58","4,57","","0,00%"
"26.07.2012","4,58","4,57","4,58","4,57","","0,21%"
"25.07.2012","4,57","4,57","4,57","4,57","","-0,15%"
"24.07.2012","4,57","4,56","4,57","4,56","","0,21%"
"23.07.2012","4,56","4,56","4,57","4,56","","0,00%"
"20.07.2012","4,56","4,55","4,57","4,55","","0,23%"
"19.07.2012","4,55","4,55","4,56","4,55","","0,00%"
"18.07.2012","4,56","4,55","4,56","4,55","","0,16%"
"17.07.2012","4,55","4,55","4,55","4,55","","0,00%"
"16.07.2012","4,55","4,55","4,55","4,54","","0,00%"
"13.07.2012","4,55","4,54","4,55","4,54","","0,11%"
"12.07.2012","4,54","4,54","4,55","4,54","","0,12%"
"11.07.2012","4,54","4,54","4,54","4,53","","0,00%"
"10.07.2012","4,54","4,51","4,54","4,51","","0,64%"
"09.07.2012","4,51","4,53","4,53","4,51","","-0,57%"
"06.07.2012","4,53","4,53","4,54","4,53","","0,13%"
"05.07.2012","4,53","4,52","4,53","4,52","","0,11%"
"04.07.2012","4,52","4,53","4,53","4,51","","0,00%"
"03.07.2012","4,53","4,53","4,53","4,52","","0,00%"
"02.07.2012","4,53","4,53","4,53","4,50","","0,00%"
"29.06.2012","4,53","4,52","4,53","4,51","","0,12%"
"28.06.2012","4,52","4,51","4,53","4,50","","0,14%"
"27.06.2012","4,51","4,51","4,52","4,50","","0,22%"
"26.06.2012","4,51","4,51","4,51","4,50","","-0,20%"
"25.06.2012","4,51","4,51","4,52","4,50","","0,00%"
"22.06.2012","4,51","4,51","4,51","4,45","","0,00%"
"21.06.2012","4,51","4,49","4,51","4,49","","0,33%"
"20.06.2012","4,49","4,50","4,50","4,49","","0,00%"
"19.06.2012","4,49","4,49","4,50","4,49","","0,00%"
"18.06.2012","4,50","4,49","4,50","4,48","","0,00%"
"15.06.2012","4,49","4,49","4,50","4,49","","0,00%"
"14.06.2012","4,49","4,48","4,50","4,48","","0,17%"
"13.06.2012","4,48","4,49","4,49","4,48","","-0,13%"
"12.06.2012","4,49","4,49","4,49","4,49","","0,00%"
"11.06.2012","4,49","4,48","4,49","4,48","","0,18%"
"08.06.2012","4,48","4,48","4,49","4,48","","0,00%"
"07.06.2012","4,48","4,48","4,49","4,48","","0,00%"
"06.06.2012","4,48","4,47","4,49","4,47","","0,21%"
"05.06.2012","4,47","4,47","4,48","4,47","","0,00%"
"04.06.2012","4,47","4,47","4,48","4,47","","0,00%"
"01.06.2012","4,47","4,47","4,47","4,47","","0,00%"
"31.05.2012","4,47","4,47","4,47","4,47","","0,00%"
"30.05.2012","4,47","4,47","4,47","4,47","","0,00%"
"29.05.2012","4,47","4,47","4,48","4,46","","0,00%"
"28.05.2012","4,47","4,47","4,47","4,47","","0,00%"
"25.05.2012","4,47","4,47","4,47","4,47","","0,00%"
"24.05.2012","4,47","4,47","4,47","4,47","","0,00%"
"23.05.2012","4,47","4,47","4,47","4,46","","0,00%"
"22.05.2012","4,47","4,46","4,47","4,46","","0,00%"
"21.05.2012","4,47","4,45","4,47","4,45","","0,16%"
"18.05.2012","4,46","4,45","4,46","4,45","","0,16%"
"17.05.2012","4,45","4,45","4,45","4,44","","0,00%"
"16.05.2012","4,45","4,44","4,45","4,44","","0,00%"
"15.05.2012","4,44","4,44","4,45","4,44","","0,00%"
"14.05.2012","4,44","4,44","4,44","4,44","","0,00%"
"11.05.2012","4,44","4,44","4,44","4,44","","0,00%"
"10.05.2012","4,44","4,44","4,44","4,43","","0,00%"
"09.05.2012","4,44","4,43","4,44","4,43","","0,00%"
"08.05.2012","4,43","4,43","4,44","4,43","","0,00%"
"07.05.2012","4,43","4,43","4,43","4,43","","0,17%"
"04.05.2012","4,43","4,42","4,43","4,42","","0,00%"
"03.05.2012","4,42","4,41","4,43","4,41","","0,00%"
"02.05.2012","4,42","4,41","4,43","4,41","","0,22%"
"01.05.2012","4,41","4,41","4,42","4,41","","0,00%"
"30.04.2012","4,41","4,41","4,42","4,41","","0,00%"
"27.04.2012","4,41","4,41","4,42","4,41","","0,00%"
"26.04.2012","4,41","4,41","4,42","4,40","","0,14%"
"25.04.2012","4,41","4,41","4,41","4,41","","0,00%"
"24.04.2012","4,41","4,40","4,41","4,40","","0,00%"
"23.04.2012","4,41","4,40","4,41","4,40","","0,00%"
"20.04.2012","4,41","4,39","4,41","4,40","","0,20%"
"19.04.2012","4,40","4,39","4,41","4,39","","0,00%"
"18.04.2012","4,40","4,39","4,40","4,39","","0,13%"
"17.04.2012","4,39","4,39","4,40","4,39","","0,00%"
"16.04.2012","4,39","4,39","4,40","4,39","","0,00%"
"13.04.2012","4,39","4,39","4,40","4,39","","0,00%"
"12.04.2012","4,39","4,39","4,40","4,39","","0,13%"
"11.04.2012","4,39","4,38","4,39","4,38","","0,00%"
"10.04.2012","4,38","4,38","4,39","4,38","","0,00%"
"09.04.2012","4,39","4,38","4,39","4,38","","0,00%"
"06.04.2012","4,38","4,38","4,38","4,38","","0,00%"
"05.04.2012","4,38","4,39","4,39","4,38","","0,00%"
"04.04.2012","4,39","4,38","4,39","4,38","","0,18%"
"03.04.2012","4,38","4,37","4,38","4,37","","0,00%"
"02.04.2012","4,37","4,38","4,38","4,37","","0,00%"
"30.03.2012","4,38","4,37","4,38","4,37","","0,14%"
"29.03.2012","4,37","4,37","4,38","4,37","","0,00%"
"28.03.2012","4,37","4,37","4,38","4,37","","0,00%"
"27.03.2012","4,37","4,37","4,38","4,37","","0,16%"
"26.03.2012","4,37","4,36","4,37","4,36","","0,00%"
"23.03.2012","4,37","4,36","4,37","4,36","","0,00%"
"22.03.2012","4,37","4,36","4,38","4,36","","0,00%"
"21.03.2012","4,37","4,36","4,37","4,36","","0,00%"
"20.03.2012","4,36","4,36","4,37","4,36","","0,00%"
"19.03.2012","4,36","4,35","4,37","4,35","","0,32%"
"16.03.2012","4,35","4,35","4,36","4,35","","0,00%"
"15.03.2012","4,35","4,35","4,36","4,35","","0,00%"
"14.03.2012","4,35","4,35","4,36","4,35","","0,12%"
"13.03.2012","4,35","4,34","4,35","4,34","","0,00%"
"12.03.2012","4,35","4,34","4,35","4,34","","0,17%"
"09.03.2012","4,34","4,33","4,34","4,34","","0,00%"
"08.03.2012","4,34","4,34","4,34","4,33","","0,00%"
"07.03.2012","4,34","4,34","4,34","4,33","","0,00%"
"06.03.2012","4,34","4,33","4,34","4,33","","0,00%"
"05.03.2012","4,33","4,33","4,34","4,33","","0,00%"
"02.03.2012","4,33","4,34","4,35","4,33","","-0,28%"
"01.03.2012","4,35","4,35","4,36","4,34","","-0,18%"
"29.02.2012","4,35","4,35","4,36","4,35","","0,00%"
"28.02.2012","4,36","4,35","4,36","4,35","","0,00%"
"27.02.2012","4,35","4,35","4,36","4,35","","0,00%"
"24.02.2012","4,35","4,33","4,36","4,33","","0,00%"
"23.02.2012","4,35","4,35","4,36","4,35","","0,00%"
"22.02.2012","4,35","4,35","4,36","4,35","","0,00%"
"21.02.2012","4,35","4,35","4,36","4,35","","0,00%"
"20.02.2012","4,35","4,35","4,36","4,35","","0,00%"
"17.02.2012","4,35","4,35","4,36","4,35","","0,13%"
"16.02.2012","4,35","4,35","4,36","4,35","","0,00%"
"15.02.2012","4,35","4,35","4,35","4,35","","0,00%"
"14.02.2012","4,35","4,34","4,35","4,34","","0,00%"
"13.02.2012","4,34","4,34","4,35","4,34","","0,00%"
"10.02.2012","4,34","4,34","4,35","4,34","","0,00%"
"09.02.2012","4,34","4,34","4,35","4,34","","0,12%"
"08.02.2012","4,34","4,34","4,34","4,34","","0,00%"
"07.02.2012","4,34","4,33","4,34","4,33","","0,00%"
"06.02.2012","4,33","4,33","4,34","4,33","","0,00%"
"03.02.2012","4,33","4,33","4,34","4,33","","0,00%"
"02.02.2012","4,34","4,33","4,34","4,33","","0,00%"
"01.02.2012","4,33","4,33","4,34","4,33","","0,00%"
"31.01.2012","4,33","4,33","4,34","4,33","","0,00%"
"30.01.2012","4,33","4,33","4,34","4,33","","0,00%"
"27.01.2012","4,34","4,34","4,34","4,33","","0,00%"
"26.01.2012","4,34","4,34","4,34","4,33","","0,00%"
"25.01.2012","4,34","4,33","4,34","4,33","","0,00%"
"24.01.2012","4,33","4,33","4,34","4,33","","0,17%"
"23.01.2012","4,33","4,32","4,33","4,32","","0,13%"
"20.01.2012","4,32","4,32","4,32","4,32","","0,00%"
"19.01.2012","4,32","4,31","4,32","4,31","","0,00%"
"18.01.2012","4,31","4,31","4,32","4,31","","0,00%"
"17.01.2012","4,31","4,31","4,32","4,31","","0,00%"
"16.01.2012","4,31","4,31","4,32","4,31","","0,00%"
"13.01.2012","4,31","4,31","4,31","4,31","","0,00%"
"12.01.2012","4,31","4,31","4,31","4,31","","0,00%"
"11.01.2012","4,31","4,31","4,32","4,31","","0,00%"
"10.01.2012","4,31","4,31","4,32","4,31","","0,00%"
"09.01.2012","4,31","4,31","4,32","4,31","","0,00%"
"06.01.2012","4,32","4,31","4,32","4,31","","0,15%"
"05.01.2012","4,31","4,30","4,31","4,30","","0,17%"
"04.01.2012","4,30","4,30","4,31","4,30","","0,00%"
"03.01.2012","4,30","4,30","4,31","4,30","","0,00%"
"02.01.2012","4,30","4,30","4,30","4,30","","0,00%"
"30.12.2011","4,30","4,30","4,31","4,30","","0,00%"
"29.12.2011","4,30","4,30","4,31","4,30","","0,00%"
"28.12.2011","4,30","4,29","4,30","4,29","","0,23%"
"27.12.2011","4,29","4,29","4,30","4,29","","0,00%"
"26.12.2011","4,29","4,29","4,29","4,29","","0,00%"
"23.12.2011","4,29","4,29","4,30","4,29","","0,00%"
"22.12.2011","4,29","4,29","4,29","4,29","","0,00%"
"21.12.2011","4,29","4,29","4,30","4,29","","0,00%"
"20.12.2011","4,29","4,29","4,30","4,29","","0,00%"
"19.12.2011","4,29","4,29","4,30","4,29","","0,00%"
"16.12.2011","4,29","4,28","4,29","4,28","","0,14%"
"15.12.2011","4,28","4,28","4,29","4,28","","0,13%"
"14.12.2011","4,28","4,28","4,28","4,28","","0,00%"
"13.12.2011","4,28","4,27","4,28","4,27","","0,00%"
"12.12.2011","4,27","4,28","4,28","4,27","","0,00%"
"09.12.2011","4,28","4,28","4,28","4,27","","0,00%"
"08.12.2011","4,28","4,28","4,28","4,27","","0,00%"
"07.12.2011","4,28","4,28","4,29","4,27","","0,00%"
"06.12.2011","4,28","4,29","4,29","4,28","","-0,14%"
"05.12.2011","4,28","4,28","4,29","4,28","","0,00%"
"02.12.2011","4,28","4,28","4,29","4,28","","0,00%"
"01.12.2011","4,28","4,28","4,29","4,28","","0,00%"
"30.11.2011","4,28","4,28","4,28","4,27","","0,13%"
"29.11.2011","4,28","4,26","4,28","4,26","","0,37%"
"28.11.2011","4,26","4,26","4,26","4,26","","0,00%"
"25.11.2011","4,26","4,26","4,27","4,26","","0,00%"
"24.11.2011","4,26","4,26","4,26","4,26","","0,00%"
"23.11.2011","4,26","4,26","4,26","4,26","","0,00%"
"22.11.2011","4,26","4,26","4,26","4,25","","0,00%"
"21.11.2011","4,26","4,25","4,26","4,25","","0,00%"
"18.11.2011","4,26","4,26","4,26","4,25","","0,00%"
"17.11.2011","4,26","4,26","4,26","4,25","","-0,16%"
"16.11.2011","4,26","4,26","4,26","4,26","","0,00%"
"15.11.2011","4,26","4,27","4,28","4,26","","-0,27%"
"14.11.2011","4,28","4,26","4,28","4,26","","0,38%"
"11.11.2011","4,26","4,26","4,26","4,26","","0,00%"
"10.11.2011","4,26","4,26","4,26","4,26","","0,00%"
"09.11.2011","4,26","4,26","4,26","4,26","","0,00%"
"08.11.2011","4,26","4,25","4,26","4,25","","0,00%"
"07.11.2011","4,25","4,25","4,26","4,25","","0,00%"
"04.11.2011","4,25","4,25","4,26","4,25","","0,12%"
"03.11.2011","4,25","4,24","4,25","4,24","","0,00%"
"02.11.2011","4,25","4,23","4,26","4,23","","0,24%"
"01.11.2011","4,24","4,23","4,24","4,23","","0,13%"
"31.10.2011","4,24","4,23","4,24","4,22","","0,00%"
"28.10.2011","4,24","4,23","4,24","4,22","","0,00%"
"27.10.2011","4,23","4,24","4,24","4,23","","0,00%"
"26.10.2011","4,24","4,23","4,24","4,23","","0,00%"
"25.10.2011","4,23","4,24","4,24","4,20","","0,00%"
"24.10.2011","4,24","4,23","4,24","4,22","","0,00%"
"21.10.2011","4,23","4,23","4,24","4,23","","0,00%"
"20.10.2011","4,23","4,20","4,24","4,20","","0,00%"
"19.10.2011","4,23","4,22","4,24","4,20","","0,22%"
"18.10.2011","4,22","4,22","4,23","4,20","","0,00%"
"17.10.2011","4,22","4,21","4,23","4,21","","0,17%"
"14.10.2011","4,22","4,21","4,22","4,20","","0,00%"
"13.10.2011","4,21","4,21","4,22","4,20","","0,00%"
"12.10.2011","4,21","4,21","4,21","4,20","","0,00%"
"11.10.2011","4,21","4,21","4,21","4,20","","0,00%"
"10.10.2011","4,20","4,20","4,21","4,20","","0,00%"
"07.10.2011","4,21","4,20","4,21","4,20","","0,00%"
"06.10.2011","4,21","4,20","4,21","4,20","","0,00%"
"05.10.2011","4,21","4,20","4,21","4,20","","0,00%"
"04.10.2011","4,20","4,20","4,21","4,20","","0,00%"
"03.10.2011","4,20","4,20","4,21","4,20","","0,00%"
"30.09.2011","4,20","4,20","4,21","4,20","","0,00%"
"29.09.2011","4,20","4,20","4,21","4,20","","0,00%"
"28.09.2011","4,20","4,20","4,21","4,20","","0,00%"
"27.09.2011","4,20","4,20","4,21","4,20","","0,00%"
"26.09.2011","4,20","4,20","4,21","4,20","","0,00%"
"23.09.2011","4,20","4,20","4,21","4,20","","0,19%"
"22.09.2011","4,20","4,19","4,20","4,19","","0,17%"
"21.09.2011","4,19","4,20","4,20","4,18","","0,00%"
"20.09.2011","4,19","4,20","4,21","4,19","","-0,38%"
"19.09.2011","4,20","4,20","4,21","4,20","","0,00%"
"16.09.2011","4,20","4,20","4,21","4,20","","0,00%"
"15.09.2011","4,20","4,20","4,21","4,20","","0,00%"
"14.09.2011","4,20","4,20","4,21","4,20","","0,00%"
"13.09.2011","4,20","4,20","4,21","4,20","","0,00%"
"12.09.2011","4,20","4,20","4,21","4,20","","0,00%"
"09.09.2011","4,20","4,20","4,21","4,20","","0,00%"
"08.09.2011","4,20","4,20","4,21","4,20","","0,00%"
"07.09.2011","4,20","4,20","4,21","4,20","","0,00%"
"06.09.2011","4,20","4,20","4,21","4,20","","0,00%"
"05.09.2011","4,20","4,20","4,21","4,20","","0,00%"
"02.09.2011","4,20","4,19","4,25","4,19","","0,14%"
"01.09.2011","4,19","4,20","4,20","4,19","","-0,14%"
"31.08.2011","4,20","4,20","4,20","4,19","","0,13%"
"30.08.2011","4,19","4,18","4,20","4,18","","0,16%"
"29.08.2011","4,19","4,18","4,19","4,18","","0,12%"
"26.08.2011","4,18","4,18","4,19","4,18","","0,00%"
"25.08.2011","4,18","4,18","4,19","4,18","","0,00%"
"24.08.2011","4,19","4,17","4,19","4,18","","0,25%"
"23.08.2011","4,18","4,17","4,18","4,17","","0,00%"
"22.08.2011","4,18","4,17","4,18","4,17","","0,00%"
"19.08.2011","4,17","4,17","4,18","4,17","","0,00%"
"18.08.2011","4,17","4,16","4,18","4,16","","0,25%"
"17.08.2011","4,16","4,16","4,17","4,16","","0,00%"
"16.08.2011","4,16","4,16","4,16","4,16","","0,00%"
"15.08.2011","4,16","4,16","4,16","4,16","","0,00%"
"12.08.2011","4,16","4,16","4,16","4,16","","0,00%"
"11.08.2011","4,16","4,16","4,16","4,16","","0,00%"
"10.08.2011","4,16","4,16","4,16","4,15","","0,00%"
"09.08.2011","4,16","4,15","4,16","4,15","","0,00%"
"08.08.2011","4,15","4,15","4,16","4,15","","0,00%"
"05.08.2011","4,16","4,15","4,16","4,14","","0,18%"
"04.08.2011","4,15","4,15","4,16","4,15","","0,00%"
"03.08.2011","4,15","4,15","4,15","4,14","","0,00%"
"02.08.2011","4,15","4,13","4,15","4,13","","0,35%"
"01.08.2011","4,13","4,14","4,14","4,13","","-0,14%"
"29.07.2011","4,14","4,14","4,15","4,14","","0,00%"
"28.07.2011","4,14","4,13","4,14","4,13","","0,00%"
"27.07.2011","4,14","4,13","4,14","4,13","","0,00%"
"26.07.2011","4,13","4,13","4,14","4,13","","0,00%"
"25.07.2011","4,14","4,13","4,14","4,13","","0,00%"
"22.07.2011","4,13","4,14","4,14","4,13","","0,00%"
"21.07.2011","4,14","4,14","4,14","4,13","","0,00%"
"20.07.2011","4,14","4,12","4,14","4,12","","0,33%"
"19.07.2011","4,12","4,12","4,13","4,12","","0,00%"
"18.07.2011","4,13","4,12","4,13","4,12","","0,12%"
"15.07.2011","4,12","4,12","4,13","4,12","","0,00%"
"14.07.2011","4,12","4,12","4,12","4,12","","0,00%"
"13.07.2011","4,12","4,09","4,12","4,09","","0,65%"
"12.07.2011","4,09","4,10","4,10","4,09","","0,00%"
"11.07.2011","4,10","4,10","4,10","4,10","","0,00%"
"08.07.2011","4,10","4,10","4,10","4,10","","0,00%"
"07.07.2011","4,10","4,10","4,10","4,10","","0,00%"
"06.07.2011","4,10","4,11","4,11","4,10","","0,00%"
"05.07.2011","4,11","4,11","4,11","4,11","","0,00%"
"04.07.2011","4,11","4,11","4,11","4,11","","0,00%"
"01.07.2011","4,11","4,10","4,11","4,10","","0,00%"
"30.06.2011","4,11","4,10","4,11","4,10","","0,00%"
"29.06.2011","4,11","4,10","4,11","4,10","","0,00%"
"28.06.2011","4,10","4,10","4,11","4,10","","0,18%"
"27.06.2011","4,10","4,10","4,10","4,10","","0,00%"
"24.06.2011","4,10","4,10","4,10","4,10","","0,00%"
"23.06.2011","4,10","4,10","4,10","4,10","","0,00%"
"22.06.2011","4,10","4,09","4,10","4,09","","0,00%"
"21.06.2011","4,09","4,09","4,10","4,09","","0,00%"
"20.06.2011","4,09","4,09","4,09","4,09","","0,00%"
"17.06.2011","4,09","4,09","4,10","4,09","","0,00%"
"16.06.2011","4,09","4,09","4,10","4,09","","0,00%"
"15.06.2011","4,09","4,09","4,10","4,09","","0,00%"
"14.06.2011","4,09","4,09","4,09","4,09","","0,00%"
"13.06.2011","4,09","4,09","4,09","4,09","","0,00%"
"10.06.2011","4,09","4,09","4,10","4,09","","0,00%"
"09.06.2011","4,09","4,09","4,10","4,09","","0,00%"
"08.06.2011","4,09","4,09","4,09","4,09","","0,00%"
"07.06.2011","4,09","4,09","4,09","4,09","","0,00%"
"06.06.2011","4,09","4,09","4,09","4,09","","0,00%"
"03.06.2011","4,09","4,09","4,09","4,09","","0,00%"
"02.06.2011","4,09","4,08","4,09","4,08","","0,21%"
"01.06.2011","4,08","4,08","4,09","4,08","","0,00%"
"31.05.2011","4,08","4,08","4,09","4,08","","0,00%"
"30.05.2011","4,08","4,08","4,09","4,08","","0,00%"
"27.05.2011","4,08","4,08","4,09","4,08","","0,00%"
"26.05.2011","4,08","4,08","4,09","4,08","","0,00%"
"25.05.2011","4,09","4,08","4,09","4,09","","0,00%"
"24.05.2011","4,09","4,08","4,09","4,08","","0,00%"
"23.05.2011","4,09","4,08","4,09","4,08","","0,00%"
"20.05.2011","4,09","4,08","4,09","4,08","","0,13%"
"19.05.2011","4,08","4,08","4,09","4,08","","0,00%"
"18.05.2011","4,08","4,08","4,09","4,08","","0,00%"
"17.05.2011","4,08","4,08","4,09","4,08","","0,00%"
"16.05.2011","4,08","4,08","4,09","4,08","","0,00%"
"13.05.2011","4,08","4,08","4,08","4,08","","0,00%"
"12.05.2011","4,08","4,08","4,09","4,08","","0,00%"
"11.05.2011","4,08","4,08","4,09","4,08","","0,00%"
"10.05.2011","4,08","4,08","4,08","4,08","","0,00%"
"09.05.2011","4,08","4,08","4,08","4,08","","0,00%"
"06.05.2011","4,08","4,08","4,08","4,08","","0,00%"
"05.05.2011","4,08","4,08","4,09","4,07","","0,00%"
"04.05.2011","4,08","4,08","4,08","4,08","","0,00%"
"03.05.2011","4,08","4,08","4,08","4,08","","0,00%"
"02.05.2011","4,08","4,08","4,08","4,07","","0,00%"
"29.04.2011","4,08","4,08","4,08","4,08","","0,00%"
"28.04.2011","4,08","4,08","4,09","4,08","","-0,20%"
"27.04.2011","4,08","4,08","4,09","4,08","","0,13%"
"26.04.2011","4,08","4,08","4,08","4,08","","0,00%"
"25.04.2011","4,08","4,08","4,08","4,08","","0,12%"
"22.04.2011","4,08","4,08","4,08","4,08","","0,00%"
"21.04.2011","4,08","4,08","4,08","4,08","","0,00%"
"20.04.2011","4,08","4,07","4,08","4,07","","0,18%"
"19.04.2011","4,07","4,07","4,08","4,07","","0,00%"
"18.04.2011","4,07","4,07","4,07","4,06","","0,00%"
"15.04.2011","4,07","4,07","4,07","4,07","","0,00%"
"14.04.2011","4,07","4,05","4,07","4,05","","0,26%"
"13.04.2011","4,06","4,05","4,06","4,05","","0,00%"
"12.04.2011","4,05","4,05","4,06","4,05","","0,15%"
"11.04.2011","4,05","4,05","4,05","4,04","","0,00%"
"08.04.2011","4,05","4,05","4,05","4,05","","0,00%"
"07.04.2011","4,05","4,05","4,06","4,05","","0,00%"
"06.04.2011","4,05","4,05","4,06","4,05","","0,00%"
"05.04.2011","4,05","4,05","4,06","4,05","","0,00%"
"04.04.2011","4,05","4,05","4,06","4,05","","0,00%"
"01.04.2011","4,05","4,05","4,06","4,05","","0,00%"
"31.03.2011","4,05","4,05","4,06","4,05","","0,16%"
"30.03.2011","4,05","4,04","4,05","4,04","","0,00%"
"29.03.2011","4,04","4,04","4,05","4,04","","0,00%"
"28.03.2011","4,04","4,04","4,05","4,04","","0,00%"
"25.03.2011","4,04","4,04","4,04","4,04","","0,00%"
"24.03.2011","4,04","4,04","4,04","4,04","","0,00%"
"23.03.2011","4,04","4,04","4,04","4,04","","0,00%"
"22.03.2011","4,04","4,04","4,04","4,04","","0,00%"
"21.03.2011","4,04","4,04","4,04","4,04","","0,00%"
"18.03.2011","4,04","4,04","4,04","4,03","","0,00%"
"17.03.2011","4,04","4,03","4,04","4,03","","0,17%"
"16.03.2011","4,03","4,03","4,04","4,03","","0,00%"
"15.03.2011","4,03","4,03","4,04","4,03","","0,14%"
"14.03.2011","4,03","4,03","4,03","4,03","","0,00%"
"11.03.2011","4,03","4,03","4,03","4,03","","0,00%"
"10.03.2011","4,03","4,02","4,03","4,02","","0,17%"
"09.03.2011","4,02","4,02","4,03","4,02","","0,00%"
"08.03.2011","4,02","4,03","4,03","4,02","","0,00%"
"07.03.2011","4,03","4,03","4,03","4,03","","0,00%"
"04.03.2011","4,03","4,03","4,03","4,03","","0,00%"
"03.03.2011","4,03","4,03","4,03","4,03","","0,00%"
"02.03.2011","4,03","4,03","4,03","4,03","","0,00%"
"01.03.2011","4,03","4,03","4,03","4,03","","0,00%"
"28.02.2011","4,03","4,03","4,03","4,03","","0,00%"
"25.02.2011","4,03","4,02","4,03","4,03","","0,00%"
"24.02.2011","4,03","4,03","4,03","4,02","","0,00%"
"23.02.2011","4,03","4,02","4,03","4,02","","0,00%"
"22.02.2011","4,02","4,02","4,03","4,02","","0,00%"
"21.02.2011","4,02","4,02","4,02","4,02","","0,00%"
"18.02.2011","4,02","4,02","4,03","4,02","","0,00%"
"17.02.2011","4,02","4,03","4,03","4,02","","0,00%"
"16.02.2011","4,03","4,02","4,03","4,02","","0,00%"
"15.02.2011","4,02","4,02","4,03","4,02","","0,00%"
"14.02.2011","4,02","4,02","4,03","4,02","","0,00%"
"11.02.2011","4,02","4,01","4,03","4,01","","0,00%"
"10.02.2011","4,02","4,01","4,02","4,01","","0,13%"
"09.02.2011","4,01","4,01","4,02","4,01","","0,00%"
"08.02.2011","4,02","4,01","4,02","4,01","","0,00%"
"07.02.2011","4,02","4,01","4,02","4,01","","0,00%"
"04.02.2011","4,01","4,01","4,02","4,01","","0,00%"
"03.02.2011","4,01","4,01","4,02","4,01","","-0,15%"
"02.02.2011","4,02","4,01","4,02","4,00","","0,24%"
"01.02.2011","4,01","4,00","4,02","4,00","","0,00%"
"31.01.2011","4,01","3,99","4,01","3,99","","0,31%"
"28.01.2011","3,99","3,99","4,00","3,99","","0,00%"
"27.01.2011","3,99","3,99","4,00","3,99","","0,20%"
"26.01.2011","3,99","3,99","3,99","3,98","","0,00%"
"25.01.2011","3,99","3,98","3,99","3,98","","0,13%"
"24.01.2011","3,98","3,98","3,99","3,98","","0,00%"
"21.01.2011","3,98","3,98","3,98","3,98","","0,00%"
"20.01.2011","3,98","3,98","3,98","3,98","","0,00%"
"19.01.2011","3,98","3,97","3,98","3,97","","0,00%"
"18.01.2011","3,98","3,97","3,98","3,97","","0,00%"
"17.01.2011","3,98","3,97","3,98","3,97","","0,00%"
"14.01.2011","3,97","3,97","3,98","3,97","","0,00%"
"13.01.2011","3,97","3,97","3,98","3,97","","0,00%"
"12.01.2011","3,97","3,97","3,98","3,97","","0,00%"
"11.01.2011","3,97","3,97","3,98","3,97","","0,00%"
"10.01.2011","3,97","3,98","3,98","3,97","","0,00%"
"07.01.2011","3,98","3,97","3,98","3,97","","0,23%"
"06.01.2011","3,97","3,97","3,97","3,97","","0,00%"
"05.01.2011","3,97","3,97","3,97","3,97","","0,00%"
"04.01.2011","3,97","3,97","3,98","3,97","","0,00%"
"03.01.2011","3,97","3,97","3,98","3,97","","0,00%"
"31.12.2010","3,97","3,97","3,97","3,97","","-0,14%"
"30.12.2010","3,98","3,98","3,98","3,97","","-0,15%"
"29.12.2010","3,98","3,98","3,98","3,98","","0,00%"
"28.12.2010","3,98","3,97","3,99","3,97","","0,23%"
"27.12.2010","3,97","3,97","3,97","3,97","","0,00%"
"24.12.2010","3,97","3,97","3,98","3,97","","0,00%"
"23.12.2010","3,97","3,97","3,98","3,97","","0,00%"
"22.12.2010","3,97","3,97","3,98","3,97","","0,00%"
"21.12.2010","3,97","3,97","3,98","3,97","","0,00%"
"20.12.2010","3,97","3,97","3,98","3,97","","0,00%"
"17.12.2010","3,97","3,97","3,98","3,97","","0,00%"
"16.12.2010","3,97","3,97","3,98","3,97","","0,00%"
"15.12.2010","3,97","3,97","3,98","3,97","","0,00%"
"14.12.2010","3,97","3,97","3,98","3,97","","0,00%"
"13.12.2010","3,97","3,97","3,98","3,97","","-0,13%"
"10.12.2010","3,98","3,97","3,98","3,97","","0,00%"
"09.12.2010","3,97","3,97","3,98","3,97","","0,00%"
"08.12.2010","3,97","3,97","3,98","3,97","","0,00%"
"07.12.2010","3,97","3,98","3,98","3,97","","-0,16%"
"06.12.2010","3,98","3,97","3,98","3,97","","0,14%"
"03.12.2010","3,97","3,98","3,98","3,97","","0,00%"
"02.12.2010","3,98","3,98","3,99","3,98","","0,00%"
"01.12.2010","3,98","3,99","3,99","3,98","","-0,15%"
"30.11.2010","3,99","3,98","3,99","3,98","","0,15%"
"29.11.2010","3,98","3,98","3,99","3,98","","0,00%"
"26.11.2010","3,98","3,97","3,98","3,97","","0,25%"
"25.11.2010","3,97","3,97","3,97","3,97","","0,00%"
"24.11.2010","3,97","3,97","3,97","3,97","","0,00%"
"23.11.2010","3,97","3,97","3,98","3,97","","0,00%"
"22.11.2010","3,97","3,97","3,98","3,97","","0,00%"
"19.11.2010","3,97","3,97","3,98","3,96","","0,00%"
"18.11.2010","3,97","3,97","3,97","3,97","","0,00%"
"17.11.2010","3,97","3,97","3,98","3,97","","0,00%"
"16.11.2010","3,97","3,96","3,97","3,96","","0,13%"
"15.11.2010","3,96","3,96","3,97","3,96","","0,00%"
"12.11.2010","3,96","3,96","3,97","3,96","","0,00%"
"11.11.2010","3,96","3,96","3,96","3,96","","0,00%"
"10.11.2010","3,96","3,96","3,96","3,96","","0,00%"
"09.11.2010","3,96","3,96","3,96","3,96","","0,00%"
"08.11.2010","3,96","3,95","3,96","3,95","","0,21%"
"05.11.2010","3,95","3,96","3,96","3,95","","0,00%"
"04.11.2010","3,96","3,95","3,96","3,95","","0,00%"
"03.11.2010","3,96","3,96","3,96","3,95","","0,00%"
"02.11.2010","3,96","3,96","3,96","3,96","","0,00%"
"01.11.2010","3,96","3,95","3,96","3,95","","0,14%"
"29.10.2010","3,95","3,95","3,96","3,95","","0,00%"
"28.10.2010","3,96","3,95","3,96","3,95","","0,00%"
"27.10.2010","3,95","3,95","3,96","3,95","","0,00%"
"26.10.2010","3,96","3,95","3,96","3,95","","0,00%"
"25.10.2010","3,95","3,95","3,96","3,95","","0,00%"
"22.10.2010","3,95","3,96","3,96","3,95","","0,00%"
"21.10.2010","3,96","3,95","3,96","3,95","","0,00%"
"20.10.2010","3,95","3,95","3,96","3,95","","0,00%"
"19.10.2010","3,95","3,95","3,96","3,95","","0,00%"
"18.10.2010","3,95","3,95","3,96","3,95","","0,00%"
"15.10.2010","3,95","3,95","3,96","3,95","","0,00%"
"14.10.2010","3,95","3,95","3,95","3,95","","0,00%"
"13.10.2010","3,95","3,95","3,96","3,95","","0,00%"
"12.10.2010","3,95","3,96","3,96","3,95","","0,00%"
"11.10.2010","3,96","3,96","3,96","3,96","","0,00%"
"08.10.2010","3,96","3,96","3,96","3,95","","0,00%"
"07.10.2010","3,96","3,96","3,96","3,95","","0,00%"
"06.10.2010","3,96","3,96","3,96","3,95","","0,00%"
"05.10.2010","3,96","3,96","3,96","3,95","","0,00%"
"04.10.2010","3,96","3,96","3,96","3,96","","0,00%"
"01.10.2010","3,96","3,96","3,96","3,96","","0,00%"
"30.09.2010","3,96","3,97","3,97","3,96","","-0,14%"
"29.09.2010","3,97","3,97","3,98","3,96","","-0,15%"
"28.09.2010","3,97","3,97","3,98","3,97","","0,00%"
"27.09.2010","3,97","3,96","3,97","3,95","","0,33%"
"24.09.2010","3,96","3,95","3,96","3,95","","0,00%"
"23.09.2010","3,95","3,95","3,95","3,95","","0,00%"
"22.09.2010","3,95","3,95","3,95","3,95","","0,00%"
"21.09.2010","3,95","3,95","3,95","3,95","","0,00%"
"20.09.2010","3,95","3,95","3,95","3,95","","0,00%"
"17.09.2010","3,95","3,95","3,95","3,95","","0,00%"
"16.09.2010","3,95","3,95","3,95","3,95","","0,00%"
"15.09.2010","3,95","3,95","3,95","3,95","","0,00%"
"14.09.2010","3,95","3,94","3,95","3,94","","0,00%"
"13.09.2010","3,95","3,94","3,95","3,94","","0,00%"
"10.09.2010","3,95","3,94","3,95","3,94","","0,00%"
"09.09.2010","3,95","3,94","3,95","3,94","","0,00%"
"08.09.2010","3,95","3,94","3,95","3,94","","0,00%"
"07.09.2010","3,95","3,95","3,95","3,94","","0,00%"
"06.09.2010","3,95","3,94","3,95","3,94","","0,00%"
"03.09.2010","3,95","3,95","3,95","3,94","","0,00%"
"02.09.2010","3,95","3,94","3,95","3,94","","0,00%"
"01.09.2010","3,94","3,94","3,95","3,94","","-0,19%"
"31.08.2010","3,95","3,94","3,95","3,94","","0,15%"
"30.08.2010","3,94","3,94","3,95","3,94","","0,00%"
"27.08.2010","3,94","3,94","3,95","3,94","","0,00%"
"26.08.2010","3,94","3,94","3,95","3,94","","0,00%"
"25.08.2010","3,94","3,94","3,95","3,94","","0,00%"
"24.08.2010","3,94","3,94","3,94","3,94","","0,14%"
"23.08.2010","3,94","3,94","3,94","3,93","","0,00%"
"20.08.2010","3,94","3,93","3,94","3,93","","0,00%"
"19.08.2010","3,93","3,93","3,94","3,93","","0,00%"
"18.08.2010","3,93","3,93","3,94","3,93","","0,00%"
"17.08.2010","3,93","3,93","3,94","3,93","","0,00%"
"16.08.2010","3,93","3,93","3,94","3,93","","0,00%"
"13.08.2010","3,93","3,93","3,94","3,93","","0,00%"
"12.08.2010","3,93","3,93","3,94","3,93","","0,00%"
"11.08.2010","3,93","3,93","3,94","3,92","","0,00%"
"10.08.2010","3,93","3,93","3,93","3,93","","0,00%"
"09.08.2010","3,93","3,93","3,93","3,93","","0,00%"
"06.08.2010","3,93","3,93","3,93","3,93","","0,00%"
"05.08.2010","3,93","3,93","3,94","3,93","","0,00%"
"04.08.2010","3,93","3,93","3,94","3,93","","0,00%"
"03.08.2010","3,93","3,94","3,94","3,93","","0,00%"
"02.08.2010","3,94","3,94","3,94","3,94","","0,00%"
"30.07.2010","3,94","3,94","3,94","3,93","","0,00%"
"29.07.2010","3,94","3,93","3,94","3,93","","0,00%"
"28.07.2010","3,93","3,93","3,94","3,93","","0,00%"
"27.07.2010","3,93","3,93","3,93","3,93","","0,00%"
"26.07.2010","3,93","3,93","3,94","3,93","","0,00%"
"23.07.2010","3,93","3,93","3,94","3,93","","0,00%"
"22.07.2010","3,93","3,93","3,94","3,93","","0,00%"
"21.07.2010","3,93","3,93","3,94","3,93","","0,00%"
"20.07.2010","3,93","3,93","3,94","3,93","","0,00%"
"19.07.2010","3,93","3,93","3,94","3,92","","0,00%"
"16.07.2010","3,93","3,93","3,94","3,93","","0,00%"
"15.07.2010","3,93","3,93","3,94","3,92","","0,00%"
"14.07.2010","3,93","3,93","3,94","3,93","","0,00%"
"13.07.2010","3,93","3,93","3,94","3,93","","0,00%"
"12.07.2010","3,93","3,93","3,94","3,93","","0,00%"
"09.07.2010","3,94","3,93","3,94","3,93","","0,00%"
"08.07.2010","3,94","3,93","3,94","3,93","","0,00%"
"07.07.2010","3,93","3,93","3,94","3,93","","0,00%"
"06.07.2010","3,93","3,93","3,94","3,93","","0,00%"
"05.07.2010","3,93","3,93","3,93","3,93","","0,00%"
"02.07.2010","3,93","3,93","3,94","3,93","","0,00%"
"01.07.2010","3,93","3,93","3,94","3,93","","0,00%"
"30.06.2010","3,93","3,93","3,93","3,93","","0,00%"
"29.06.2010","3,93","3,93","3,94","3,93","","0,00%"
"28.06.2010","3,93","3,92","3,94","3,92","","0,20%"
"25.06.2010","3,92","3,92","3,93","3,92","","0,00%"
"24.06.2010","3,92","3,92","3,93","3,92","","0,00%"
"23.06.2010","3,93","3,93","3,93","3,92","","0,00%"
"22.06.2010","3,93","3,92","3,93","3,92","","0,00%"
"21.06.2010","3,92","3,92","3,93","3,92","","0,00%"
"18.06.2010","3,93","3,92","3,93","3,92","","0,00%"
"17.06.2010","3,92","3,92","3,93","3,92","","0,00%"
"16.06.2010","3,92","3,92","3,93","3,92","","0,00%"
"15.06.2010","3,92","3,92","3,93","3,92","","0,00%"
"14.06.2010","3,93","3,92","3,93","3,92","","0,18%"
"11.06.2010","3,92","3,91","3,92","3,91","","0,28%"
"10.06.2010","3,91","3,92","3,92","3,91","","-0,17%"
"09.06.2010","3,92","3,92","3,92","3,91","","0,00%"
"08.06.2010","3,92","3,92","3,92","3,91","","-0,19%"
"07.06.2010","3,92","3,92","3,93","3,92","","0,00%"
"04.06.2010","3,93","3,92","3,93","3,92","","0,15%"
"03.06.2010","3,92","3,93","3,93","3,92","","-0,20%"
"02.06.2010","3,93","3,93","3,93","3,92","","0,00%"
"01.06.2010","3,93","3,91","3,93","3,91","","0,38%"
"31.05.2010","3,91","3,91","3,91","3,90","","0,00%"
"28.05.2010","3,91","3,91","3,92","3,91","","0,00%"
"27.05.2010","3,91","3,91","3,91","3,90","","0,00%"
"26.05.2010","3,91","3,90","3,91","3,90","","0,23%"
"25.05.2010","3,90","3,90","3,90","3,90","","0,00%"
"24.05.2010","3,90","3,90","3,90","3,90","","0,00%"
"21.05.2010","3,90","3,90","3,91","3,90","","0,00%"
"20.05.2010","3,90","3,91","3,91","3,90","","0,00%"
"19.05.2010","3,90","3,90","3,91","3,90","","0,00%"
"18.05.2010","3,90","3,90","3,91","3,90","","0,00%"
"17.05.2010","3,90","3,89","3,90","3,89","","0,19%"
"14.05.2010","3,89","3,89","3,90","3,89","","0,00%"
"13.05.2010","3,89","3,89","3,90","3,89","","0,00%"
"12.05.2010","3,89","3,89","3,90","3,89","","0,00%"
"11.05.2010","3,89","3,89","3,90","3,89","","0,00%"
"10.05.2010","3,89","3,89","3,90","3,89","","0,00%"
"07.05.2010","3,89","3,89","3,90","3,89","","0,00%"
"06.05.2010","3,89","3,89","3,90","3,89","","0,00%"
"05.05.2010","3,90","3,89","3,90","3,89","","0,22%"
"04.05.2010","3,89","3,88","3,89","3,88","","0,18%"
"03.05.2010","3,88","3,88","3,89","3,88","","0,00%"
"30.04.2010","3,88","3,87","3,89","3,87","","0,26%"
"29.04.2010","3,88","3,88","3,88","3,87","","-0,13%"
"28.04.2010","3,88","3,87","3,88","3,87","","0,15%"
"27.04.2010","3,87","3,87","3,88","3,87","","0,13%"
"26.04.2010","3,87","3,87","3,87","3,87","","0,00%"
"23.04.2010","3,87","3,87","3,87","3,87","","0,00%"
"22.04.2010","3,87","3,87","3,87","3,87","","0,00%"
"21.04.2010","3,87","3,87","3,87","3,87","","0,00%"
"20.04.2010","3,87","3,87","3,87","3,87","","0,00%"
"19.04.2010","3,87","3,86","3,88","3,86","","0,00%"
"16.04.2010","3,87","3,87","3,87","3,87","","0,00%"
"15.04.2010","3,87","3,88","3,88","3,87","","0,00%"
"14.04.2010","3,88","3,88","3,88","3,87","","0,00%"
"13.04.2010","3,88","3,87","3,88","3,87","","0,00%"
"12.04.2010","3,87","3,87","3,88","3,87","","0,00%"
"09.04.2010","3,88","3,87","3,88","3,87","","0,00%"
"08.04.2010","3,87","3,88","3,88","3,87","","0,00%"
"07.04.2010","3,88","3,88","3,88","3,87","","0,00%"
"06.04.2010","3,88","3,87","3,88","3,87","","0,00%"
"05.04.2010","3,87","3,88","3,88","3,87","","0,00%"
"02.04.2010","3,88","3,88","3,88","3,88","","0,00%"
"01.04.2010","3,88","3,87","3,88","3,87","","0,00%"
"31.03.2010","3,87","3,87","3,88","3,87","","0,00%"
"30.03.2010","3,87","3,87","3,88","3,87","","0,18%"
"29.03.2010","3,87","3,86","3,87","3,86","","0,00%"
"26.03.2010","3,86","3,86","3,87","3,86","","0,00%"
"25.03.2010","3,86","3,86","3,87","3,86","","0,00%"
"24.03.2010","3,86","3,86","3,87","3,86","","0,00%"
"23.03.2010","3,86","3,86","3,87","3,86","","0,00%"
"22.03.2010","3,86","3,86","3,87","3,86","","0,00%"
"19.03.2010","3,86","3,86","3,86","3,86","","0,00%"
"18.03.2010","3,86","3,86","3,86","3,86","","0,00%"
"17.03.2010","3,86","3,86","3,86","3,86","","0,00%"
"16.03.2010","3,86","3,86","3,86","3,86","","0,00%"
"15.03.2010","3,86","3,86","3,86","3,86","","0,00%"
"12.03.2010","3,86","3,86","3,86","3,85","","0,00%"
"11.03.2010","3,86","3,86","3,86","3,85","","0,00%"
"10.03.2010","3,86","3,86","3,86","3,86","","0,00%"
"09.03.2010","3,86","3,86","3,86","3,86","","0,18%"
"08.03.2010","3,85","3,86","3,86","3,85","","0,00%"
"05.03.2010","3,86","3,85","3,86","3,85","","0,00%"
"04.03.2010","3,86","3,85","3,86","3,85","","0,00%"
"03.03.2010","3,85","3,85","3,86","3,85","","0,00%"
"02.03.2010","3,85","3,86","3,86","3,85","","-0,18%"
"01.03.2010","3,86","3,86","3,86","3,85","","0,00%"
"26.02.2010","3,86","3,86","3,86","3,85","","0,00%"
"25.02.2010","3,86","3,86","3,86","3,85","","0,00%"
"24.02.2010","3,86","3,87","3,87","3,85","","-0,23%"
"23.02.2010","3,87","3,86","3,88","3,86","","0,26%"
"22.02.2010","3,86","3,86","3,86","3,86","","0,00%"
"19.02.2010","3,86","3,86","3,86","3,85","","0,00%"
"18.02.2010","3,86","3,85","3,86","3,85","","0,00%"
"17.02.2010","3,86","3,85","3,86","3,85","","0,66%"
"16.02.2010","3,84","3,85","3,86","3,82","","-0,47%"
"15.02.2010","3,85","3,85","3,86","3,85","","0,24%"
"12.02.2010","3,84","3,85","3,85","3,84","","0,00%"
"11.02.2010","3,85","3,84","3,85","3,84","","0,15%"
"10.02.2010","3,84","3,84","3,85","3,84","","0,00%"
"09.02.2010","3,84","3,84","3,84","3,84","","0,00%"
"08.02.2010","3,84","3,84","3,84","3,84","","0,00%"
"05.02.2010","3,84","3,84","3,85","3,84","","0,00%"
"04.02.2010","3,84","3,83","3,85","3,83","","0,20%"
"03.02.2010","3,83","3,82","3,84","3,82","","0,30%"
"02.02.2010","3,82","3,83","3,84","3,82","","-0,21%"
"01.02.2010","3,83","3,82","3,86","3,82","","0,20%"
"29.01.2010","3,82","3,82","3,84","3,82","","0,00%"
"28.01.2010","3,82","3,81","3,82","3,81","","0,17%"
"27.01.2010","3,81","3,80","3,82","3,80","","0,24%"
"26.01.2010","3,81","3,80","3,81","3,80","","0,00%"
"25.01.2010","3,81","3,81","3,81","3,80","","0,00%"
"22.01.2010","3,81","3,81","3,81","3,80","","0,00%"
"21.01.2010","3,81","3,80","3,81","3,80","","0,22%"
"20.01.2010","3,80","3,80","3,80","3,80","","0,00%"
"19.01.2010","3,80","3,79","3,80","3,79","","0,16%"
"18.01.2010","3,79","3,80","3,80","3,79","","-0,28%"
"15.01.2010","3,80","3,79","3,81","3,79","","0,20%"
"14.01.2010","3,79","3,79","3,80","3,79","","0,00%"
"13.01.2010","3,80","3,79","3,80","3,79","","0,24%"
"12.01.2010","3,79","3,79","3,80","3,79","","-0,17%"
"11.01.2010","3,80","3,80","3,80","3,79","","-0,16%"
"08.01.2010","3,80","3,79","3,80","3,79","","-0,26%"
"07.01.2010","3,81","3,81","3,81","3,79","","0,00%"
"06.01.2010","3,81","3,80","3,82","3,79","","0,32%"
"05.01.2010","3,80","3,80","3,80","3,79","","0,00%"
"04.01.2010","3,79","3,80","3,80","3,79","","-0,20%"
"01.01.2010","3,80","3,80","3,80","3,80","","0,00%"